"ID","Pokemon","Family","Shadow","Little_Rank","Great_Rank","Master_Rank","Ultra_Rank","Little_IVs","Great_IVs","Master_IVs","Ultra_IVs","Little_Level","Great_Level","Master_Level","Ultra_Level","Little_CP","Great_CP","Master_CP","Ultra_CP","Little_MoveSet","Great_MoveSet","Master_MoveSet","Ultra_MoveSet","Evo_Fam","Evo_Next"
"1","Bulbasaur","Bulbasaur","FALSE",,"820",,,,"15/15/15",,,,"50",,,,"1260",,,,"Vine Whip, Power Whip, Seed Bomb",,,"1;2;3","1;2;3"
"1","Bulbasaur (Shadow)","Bulbasaur","TRUE",,"911",,,,"15/15/15",,,,"50",,,,"1260",,,,"Vine Whip, Power Whip, Sludge Bomb",,,"1;2;3","1;2;3"
"2","Ivysaur","Bulbasaur","FALSE",,"537",,,,"0/13/14",,,,"38.5",,,,"1500",,,,"Vine Whip, Power Whip, Sludge Bomb",,,"1;2;3","2;3"
"2","Ivysaur (Shadow)","Bulbasaur","TRUE",,"661",,,,"0/13/14",,,,"38.5",,,,"1500",,,,"Vine Whip, Power Whip, Sludge Bomb",,,"1;2;3","2;3"
"3","Venusaur","Bulbasaur","FALSE",,"219",,,,"0/14/11",,,,"21",,,,"1500",,,,"Vine Whip, Frenzy Plant*, Sludge",,,"1;2;3","3"
"3","Venusaur (Shadow)","Bulbasaur","TRUE",,"251",,,,"0/14/11",,,,"21",,,,"1500",,,,"Vine Whip, Frenzy Plant*, Sludge",,,"1;2;3","3"
"5","Charmeleon","Charmander","FALSE",,"691",,,,"0/13/15",,,,"40",,,,"1500",,,,"Ember, Fire Punch, Return<sup>†</sup>",,,"4;5;6","5;6"
"5","Charmeleon (Shadow)","Charmander","TRUE",,"594",,,,"0/13/15",,,,"40",,,,"1500",,,,"Ember, Fire Punch, Flamethrower",,,"4;5;6","5;6"
"6","Charizard","Charmander","FALSE",,"401",,,,"0/15/13",,,,"19.5",,,,"1498",,,,"Ember*, Blast Burn*, Air Cutter",,,"4;5;6","6"
"6","Charizard (Shadow)","Charmander","TRUE",,"293",,,,"0/15/13",,,,"19.5",,,,"1498",,,,"Ember*, Blast Burn*, Air Cutter",,,"4;5;6","6"
"8","Wartortle","Squirtle","FALSE",,"61",,,,"0/14/15",,,,"50",,,,"1496",,,,"Bite, Aqua Jet, Ice Beam",,,"7;8;9","8;9"
"8","Wartortle (Shadow)","Squirtle","TRUE",,"106",,,,"0/14/15",,,,"50",,,,"1496",,,,"Bite, Aqua Jet, Ice Beam",,,"7;8;9","8;9"
"9","Blastoise","Squirtle","FALSE",,"59",,,,"1/15/15",,,,"23",,,,"1500",,,,"Bite, Hydro Cannon*, Skull Bash",,,"7;8;9","9"
"9","Blastoise (Shadow)","Squirtle","TRUE",,"132",,,,"1/15/15",,,,"23",,,,"1500",,,,"Bite, Hydro Cannon*, Skull Bash",,,"7;8;9","9"
"12","Butterfree","Caterpie","FALSE",,"926",,,,"0/13/15",,,,"33",,,,"1499",,,,"Confusion, Bug Buzz, Signal Beam",,,"10;11;12","12"
"12","Butterfree (Shadow)","Caterpie","TRUE",,"925",,,,"0/13/15",,,,"33",,,,"1499",,,,"Confusion, Bug Buzz, Signal Beam",,,"10;11;12","12"
"15","Beedrill","Weedle","FALSE",,"481",,,,"0/13/14",,,,"32.5",,,,"1500",,,,"Infestation, X-Scissor, Drill Run*",,,"13;14;15","15"
"15","Beedrill (Shadow)","Weedle","TRUE",,"491",,,,"0/13/14",,,,"32.5",,,,"1500",,,,"Poison Sting, X-Scissor, Drill Run*",,,"13;14;15","15"
"17","Pidgeotto","Pidgey","FALSE",,"538",,,,"15/15/15",,,,"50",,,,"1350",,,,"Wing Attack, Air Cutter, Twister",,,"16;17;18","17;18"
"17","Pidgeotto (Shadow)","Pidgey","TRUE",,"548",,,,"15/15/15",,,,"50",,,,"1350",,,,"Wing Attack, Air Cutter, Twister",,,"16;17;18","17;18"
"18","Pidgeot","Pidgey","FALSE",,"69",,,,"0/14/14",,,,"27",,,,"1499",,,,"Gust*, Twister, Brave Bird",,,"16;17;18","18"
"18","Pidgeot (Shadow)","Pidgey","TRUE",,"102",,,,"0/14/14",,,,"27",,,,"1499",,,,"Gust*, Twister, Brave Bird",,,"16;17;18","18"
"20","Raticate","Rattata","FALSE",,"823",,,,"0/14/15",,,,"36.5",,,,"1499",,,,"Quick Attack, Hyper Fang, Dig",,,"19;20","20"
"20","Raticate (Shadow)","Rattata","TRUE",,"834",,,,"0/14/15",,,,"36.5",,,,"1499",,,,"Quick Attack, Hyper Fang, Dig",,,"19;20","20"
"22","Fearow","Spearow","FALSE",,"116",,,,"0/15/14",,,,"28.5",,,,"1500",,,,"Peck, Drill Peck, Drill Run",,,"21;22","22"
"24","Arbok","Ekans","FALSE",,"204",,,,"0/11/14",,,,"30.5",,,,"1499",,,,"Acid, Brutal Swing, Wrap",,,"23;24","24"
"24","Arbok (Shadow)","Ekans","TRUE",,"190",,,,"0/11/14",,,,"30.5",,,,"1499",,,,"Acid, Brutal Swing, Wrap",,,"23;24","24"
"26","Raichu","Pikachu","FALSE",,"186",,,,"0/15/14",,,,"26",,,,"1500",,,,"Volt Switch, Volt Tackle, Trailblaze",,,"25;26;172","26;172"
"26","Raichu (Alolan)","Pikachu","FALSE",,"197",,,,"1/15/15",,,,"24.5",,,,"1498",,,,"Volt Switch, Volt Tackle, Psyshock",,,"25;26;172","26;172"
"27","Sandshrew","Sandshrew","FALSE",,"535",,,,"15/15/15",,,,"50",,,,"1426",,,,"Scratch, Sand Tomb, Rock Tomb*",,,"27;28","27;28"
"27","Sandshrew (Shadow)","Sandshrew","TRUE",,"671",,,,"15/15/15",,,,"50",,,,"1426",,,,"Scratch, Sand Tomb, Rock Tomb*",,,"27;28","27;28"
"28","Sandslash","Sandshrew","FALSE",,"428",,,,"0/14/15",,,,"24",,,,"1497",,,,"Sand Attack, Rock Tomb, Night Slash*",,,"27;28","28"
"28","Sandslash (Shadow)","Sandshrew","TRUE",,"505",,,,"0/14/15",,,,"24",,,,"1497",,,,"Sand Attack, Rock Tomb, Night Slash*",,,"27;28","28"
"30","Nidorina","Nidoran-f","FALSE",,"254",,,,"15/15/15",,,,"50",,,,"1480",,,,"Poison Sting, Poison Fang, Thunderbolt",,,"29;30;31","30;31"
"30","Nidorina (Shadow)","Nidoran-f","TRUE",,"370",,,,"15/15/15",,,,"50",,,,"1480",,,,"Poison Sting, Poison Fang, Dig",,,"29;30;31","30;31"
"31","Nidoqueen","Nidoran-f","FALSE",,"361",,,,"0/15/12",,,,"23",,,,"1498",,,,"Mud Slap, Earth Power, Poison Fang",,,"29;30;31","31"
"31","Nidoqueen (Shadow)","Nidoran-f","TRUE",,"369",,,,"0/15/12",,,,"23",,,,"1498",,,,"Mud Slap, Earth Power, Poison Fang",,,"29;30;31","31"
"33","Nidorino","Nidoran-m","FALSE",,"615",,,,"8/15/15",,,,"49.5",,,,"1498",,,,"Poison Sting, Sludge Bomb, Ice Beam",,,"32;33;34","33;34"
"33","Nidorino (Shadow)","Nidoran-m","TRUE",,"710",,,,"8/15/15",,,,"49.5",,,,"1498",,,,"Poison Sting, Sludge Bomb, Ice Beam",,,"32;33;34","33;34"
"34","Nidoking","Nidoran-m","FALSE",,"391",,,,"0/14/15",,,,"22",,,,"1500",,,,"Poison Sting, Avalanche, Earth Power",,,"32;33;34","34"
"34","Nidoking (Shadow)","Nidoran-m","TRUE",,"427",,,,"0/14/15",,,,"22",,,,"1500",,,,"Poison Sting, Avalanche, Earth Power",,,"32;33;34","34"
"38","Ninetales","Vulpix","FALSE",,"172",,,,"0/15/15",,,,"25",,,,"1496",,,,"Ember*, Weather Ball (Fire), Energy Ball*",,,"37;38","38"
"38","Ninetales (Shadow)","Vulpix","TRUE",,"200",,,,"0/15/15",,,,"25",,,,"1496",,,,"Ember*, Weather Ball (Fire), Energy Ball*",,,"37;38","38"
"42","Golbat","Zubat","FALSE",,"327",,,,"0/15/15",,,,"29",,,,"1499",,,,"Wing Attack, Poison Fang, Shadow Ball",,,"41;42;169","42;169"
"42","Golbat (Shadow)","Zubat","TRUE",,"280",,,,"0/15/15",,,,"29",,,,"1499",,,,"Wing Attack, Poison Fang, Shadow Ball",,,"41;42;169","42;169"
"43","Oddish","Oddish","FALSE",,"616",,,,"15/15/15",,,,"50",,,,"1389",,,,"Acid, Seed Bomb, Moonblast",,,"43;44;45","43;44;45"
"43","Oddish (Shadow)","Oddish","TRUE",,"597",,,,"15/15/15",,,,"50",,,,"1389",,,,"Acid, Seed Bomb, Moonblast",,,"43;44;45","43;44;45"
"44","Gloom","Oddish","FALSE",,"672",,,,"0/12/14",,,,"39.5",,,,"1498",,,,"Acid, Moonblast, Sludge Bomb",,,"43;44;45","44;45"
"44","Gloom (Shadow)","Oddish","TRUE",,"727",,,,"0/12/14",,,,"39.5",,,,"1498",,,,"Acid, Moonblast, Sludge Bomb",,,"43;44;45","44;45"
"45","Vileplume","Oddish","FALSE",,"742",,,,"0/15/14",,,,"22",,,,"1499",,,,"Acid, Sludge Bomb, Petal Blizzard",,,"43;44;45","45"
"45","Vileplume (Shadow)","Oddish","TRUE",,"773",,,,"0/15/14",,,,"22",,,,"1499",,,,"Acid, Moonblast, Sludge Bomb",,,"43;44;45","45"
"47","Parasect","Paras","FALSE",,"450",,,,"0/13/15",,,,"32",,,,"1500",,,,"Fury Cutter, X-Scissor, Cross Poison",,,"46;47","47"
"49","Venomoth","Venonat","FALSE",,"452",,,,"0/13/15",,,,"27.5",,,,"1497",,,,"Infestation, Poison Fang, Silver Wind",,,"48;49","49"
"49","Venomoth (Shadow)","Venonat","TRUE",,"453",,,,"0/13/15",,,,"27.5",,,,"1497",,,,"Infestation, Poison Fang, Silver Wind",,,"48;49","49"
"51","Dugtrio","Diglett","FALSE",,"724",,,,"0/15/13",,,,"44",,,,"1500",,,,"Sucker Punch, Mud Bomb, Stone Edge",,,"50;51","51"
"51","Dugtrio (Shadow)","Diglett","TRUE",,"687",,,,"0/15/13",,,,"44",,,,"1500",,,,"Sucker Punch, Mud Bomb, Stone Edge",,,"50;51","51"
"53","Persian","Meowth","FALSE",,"48",,,,"0/14/13",,,,"39",,,,"1498",,,,"Scratch, Night Slash*, Power Gem",,,"52;53;863","53"
"53","Persian (Shadow)","Meowth","TRUE",,"39",,,,"0/14/13",,,,"39",,,,"1498",,,,"Scratch, Night Slash*, Power Gem",,,"52;53;863","53"
"55","Golduck","Psyduck","FALSE",,"507",,,,"0/10/14",,,,"23.5",,,,"1499",,,,"Confusion, Cross Chop, Liquidation",,,"54;55","55"
"55","Golduck (Shadow)","Psyduck","TRUE",,"510",,,,"0/10/14",,,,"23.5",,,,"1499",,,,"Confusion, Cross Chop, Liquidation",,,"54;55","55"
"56","Mankey","Mankey","FALSE",,"730",,,,"15/15/15",,,,"50",,,,"1317",,,,"Karate Chop, Cross Chop, Brick Break",,,"56;57;979","56;57;979"
"56","Mankey (Shadow)","Mankey","TRUE",,"693",,,,"15/15/15",,,,"50",,,,"1317",,,,"Karate Chop, Cross Chop, Brick Break",,,"56;57;979","56;57;979"
"57","Primeape","Mankey","FALSE",,"334",,,,"1/15/14",,,,"24.5",,,,"1498",,,,"Karate Chop*, Rage Fist*, Ice Punch",,,"56;57;979","57;979"
"57","Primeape (Shadow)","Mankey","TRUE",,"207",,,,"1/15/14",,,,"24.5",,,,"1498",,,,"Karate Chop*, Rage Fist*, Ice Punch",,,"56;57;979","57;979"
"58","Growlithe","Growlithe","FALSE",,"725",,,,"15/15/15",,,,"50",,,,"1405",,,,"Ember, Flame Wheel, Body Slam",,,"58;59","58;59"
"58","Growlithe (Hisuian)","Growlithe","FALSE",,"595",,,,"15/15/14",,,,"50",,,,"1495",,,,"Ember, Rock Slide, Flamethrower",,,"58;59","58;59"
"58","Growlithe (Shadow)","Growlithe","TRUE",,"674",,,,"15/15/15",,,,"50",,,,"1405",,,,"Ember, Flame Wheel, Body Slam",,,"58;59","58;59"
"59","Arcanine","Growlithe","FALSE",,"584",,,,"0/14/15",,,,"18.5",,,,"1496",,,,"Bite*, Wild Charge, Psychic Fangs",,,"58;59","59"
"59","Arcanine (Hisuian)","Growlithe","FALSE",,"777",,,,"0/14/10",,,,"18",,,,"1500",,,,"Snarl, Wild Charge, Rock Slide",,,"58;59","59"
"59","Arcanine (Shadow)","Growlithe","TRUE",,"612",,,,"0/14/15",,,,"18.5",,,,"1496",,,,"Bite*, Wild Charge, Psychic Fangs",,,"58;59","59"
"61","Poliwhirl","Poliwag","FALSE",,"734",,,,"6/15/15",,,,"49.5",,,,"1500",,,,"Bubble, Scald*, Mud Bomb",,,"60;61;62","61;62"
"61","Poliwhirl (Shadow)","Poliwag","TRUE",,"786",,,,"6/15/15",,,,"49.5",,,,"1500",,,,"Bubble, Scald*, Mud Bomb",,,"60;61;62","61;62"
"62","Poliwrath","Poliwag","FALSE",,"184",,,,"0/14/15",,,,"22",,,,"1500",,,,"Mud Shot, Icy Wind, Dynamic Punch",,,"60;61;62","62"
"62","Poliwrath (Shadow)","Poliwag","TRUE",,"273",,,,"0/14/15",,,,"22",,,,"1500",,,,"Mud Shot, Icy Wind, Dynamic Punch",,,"60;61;62","62"
"64","Kadabra","Abra","FALSE",,"907",,,,"2/15/14",,,,"27",,,,"1500",,,,"Confusion, Shadow Ball, Dazzling Gleam",,,"63;64;65","64;65"
"64","Kadabra (Shadow)","Abra","TRUE",,"869",,,,"2/15/14",,,,"27",,,,"1500",,,,"Confusion, Shadow Ball, Dazzling Gleam",,,"63;64;65","64;65"
"65","Alakazam","Abra","FALSE",,"684",,,,"1/15/15",,,,"18",,,,"1499",,,,"Psycho Cut, Fire Punch, Shadow Ball",,,"63;64;65","65"
"65","Alakazam (Shadow)","Abra","TRUE",,"583",,,,"1/15/15",,,,"18",,,,"1499",,,,"Psycho Cut, Fire Punch, Shadow Ball",,,"63;64;65","65"
"66","Machop","Machop","FALSE",,"522",,,,"15/15/15",,,,"50",,,,"1445",,,,"Karate Chop, Cross Chop, Brick Break",,,"66;67;68","66;67;68"
"66","Machop (Shadow)","Machop","TRUE",,"487",,,,"15/15/15",,,,"50",,,,"1445",,,,"Karate Chop, Cross Chop, Brick Break",,,"66;67;68","66;67;68"
"67","Machoke","Machop","FALSE",,"456",,,,"0/15/14",,,,"28",,,,"1499",,,,"Karate Chop, Cross Chop*, Return<sup>†</sup>",,,"66;67;68","67;68"
"67","Machoke (Shadow)","Machop","TRUE",,"250",,,,"0/15/14",,,,"28",,,,"1499",,,,"Karate Chop, Cross Chop*, Dynamic Punch",,,"66;67;68","67;68"
"68","Machamp","Machop","FALSE",,"249",,,,"0/14/11",,,,"18.5",,,,"1498",,,,"Karate Chop*, Cross Chop, Rock Slide",,,"66;67;68","68"
"68","Machamp (Shadow)","Machop","TRUE",,"253",,,,"0/14/11",,,,"18.5",,,,"1498",,,,"Karate Chop*, Cross Chop, Rock Slide",,,"66;67;68","68"
"70","Weepinbell","Bellsprout","FALSE",,"528",,,,"1/15/15",,,,"40.5",,,,"1500",,,,"Acid, Power Whip, Seed Bomb",,,"69;70;71","70;71"
"70","Weepinbell (Shadow)","Bellsprout","TRUE",,"783",,,,"1/15/15",,,,"40.5",,,,"1500",,,,"Acid, Power Whip, Sludge Bomb",,,"69;70;71","70;71"
"71","Victreebel","Bellsprout","FALSE",,"127",,,,"1/15/15",,,,"23",,,,"1498",,,,"Sucker Punch, Leaf Blade, Sludge Bomb",,,"69;70;71","71"
"71","Victreebel (Shadow)","Bellsprout","TRUE",,"115",,,,"1/15/15",,,,"23",,,,"1498",,,,"Sucker Punch, Leaf Blade, Acid Spray",,,"69;70;71","71"
"72","Tentacool","Tentacool","FALSE",,"755",,,,"15/15/15",,,,"50",,,,"1176",,,,"Poison Sting, Wrap, Water Pulse",,,"72;73","72;73"
"72","Tentacool (Shadow)","Tentacool","TRUE",,"757",,,,"15/15/15",,,,"50",,,,"1176",,,,"Poison Sting, Wrap, Water Pulse",,,"72;73","72;73"
"73","Tentacruel","Tentacool","FALSE",,"167",,,,"1/15/14",,,,"23.5",,,,"1495",,,,"Acid, Scald, Payback",,,"72;73","73"
"73","Tentacruel (Shadow)","Tentacool","TRUE",,"226",,,,"1/15/14",,,,"23.5",,,,"1495",,,,"Acid, Scald, Payback",,,"72;73","73"
"74","Geodude","Geodude","FALSE",,"854",,,,"15/15/15",,,,"50",,,,"1462",,,,"Rock Throw, Rock Tomb, Rock Slide",,,"74;75;76","74;75;76"
"74","Geodude (Alolan)","Geodude","FALSE",,"627",,,,"15/15/15",,,,"50",,,,"1462",,,,"Volt Switch, Rock Tomb, Rock Slide",,,"74;75;76","74;75;76"
"74","Geodude (Alolan) (Shadow)","Geodude","TRUE",,"590",,,,"15/15/15",,,,"50",,,,"1462",,,,"Volt Switch, Rock Tomb, Rock Slide",,,"74;75;76","74;75;76"
"74","Geodude (Shadow)","Geodude","TRUE",,"778",,,,"15/15/15",,,,"50",,,,"1462",,,,"Rock Throw, Rock Tomb, Rock Slide",,,"74;75;76","74;75;76"
"75","Graveler","Geodude","FALSE",,"829",,,,"0/14/15",,,,"30.5",,,,"1499",,,,"Mud Slap, Rock Slide*, Dig",,,"74;75;76","75;76"
"75","Graveler (Alolan)","Geodude","FALSE",,"468",,,,"0/14/15",,,,"30.5",,,,"1499",,,,"Volt Switch, Stone Edge, Rock Blast",,,"74;75;76","75;76"
"75","Graveler (Alolan) (Shadow)","Geodude","TRUE",,"433",,,,"0/14/15",,,,"30.5",,,,"1500",,,,"Volt Switch, Stone Edge, Rock Blast",,,"74;75;76","75;76"
"75","Graveler (Shadow)","Geodude","TRUE",,"814",,,,"0/14/15",,,,"30.5",,,,"1500",,,,"Mud Slap, Rock Slide*, Dig",,,"74;75;76","75;76"
"76","Golem","Geodude","FALSE",,"917",,,,"1/14/15",,,,"19",,,,"1497",,,,"Mud Slap, Stone Edge, Earthquake",,,"74;75;76","76"
"76","Golem (Alolan)","Geodude","FALSE",,"494",,,,"1/14/15",,,,"19",,,,"1497",,,,"Volt Switch, Wild Charge, Rock Blast",,,"74;75;76","76"
"76","Golem (Alolan) (Shadow)","Geodude","TRUE",,"432",,,,"1/14/15",,,,"19",,,,"1497",,,,"Volt Switch, Wild Charge, Rock Blast",,,"74;75;76","76"
"76","Golem (Shadow)","Geodude","TRUE",,"909",,,,"1/14/15",,,,"19",,,,"1497",,,,"Mud Slap, Stone Edge, Earthquake",,,"74;75;76","76"
"77","Ponyta","Ponyta","FALSE",,"721",,,,"0/15/14",,,,"37.5",,,,"1500",,,,"Ember, Flame Wheel, Stomp",,,"77;78","77;78"
"77","Ponyta (Galarian)","Ponyta","FALSE",,"698",,,,"0/15/14",,,,"37.5",,,,"1500",,,,"Psycho Cut, Swift, Play Rough",,,"77;78","77;78"
"77","Ponyta (Shadow)","Ponyta","TRUE",,"649",,,,"0/15/14",,,,"37.5",,,,"1500",,,,"Ember, Flame Wheel, Stomp",,,"77;78","77;78"
"78","Rapidash","Ponyta","FALSE",,"345",,,,"0/13/15",,,,"23",,,,"1499",,,,"Incinerate, Drill Run, Wild Charge*",,,"77;78","78"
"78","Rapidash (Shadow)","Ponyta","TRUE",,"291",,,,"0/13/15",,,,"23",,,,"1499",,,,"Incinerate, Drill Run, Wild Charge*",,,"77;78","78"
"79","Slowpoke","Slowpoke","FALSE",,"329",,,,"15/15/15",,,,"50",,,,"1386",,,,"Confusion, Psyshock, Water Pulse",,,"79;80;199","79;80;199"
"79","Slowpoke (Galarian)","Slowpoke","FALSE",,"357",,,,"15/15/15",,,,"50",,,,"1386",,,,"Confusion, Psyshock, Surf",,,"79;80;199","79;80;199"
"79","Slowpoke (Shadow)","Slowpoke","TRUE",,"380",,,,"15/15/15",,,,"50",,,,"1386",,,,"Confusion, Psyshock, Water Pulse",,,"79;80;199","79;80;199"
"80","Slowbro","Slowpoke","FALSE",,"114",,,,"0/13/15",,,,"22.5",,,,"1500",,,,"Confusion, Drain Punch, Ice Beam",,,"79;80","80"
"80","Slowbro (Galarian)","Slowpoke","FALSE",,"290",,,,"0/14/11",,,,"23.5",,,,"1500",,,,"Confusion, Drain Punch, Sludge Bomb",,,"79;80","80"
"80","Slowbro (Shadow)","Slowpoke","TRUE",,"165",,,,"0/13/15",,,,"22.5",,,,"1500",,,,"Confusion, Drain Punch, Ice Beam",,,"79;80","80"
"83","Farfetch'd","Farfetchd","FALSE",,"264",,,,"15/15/15",,,,"50",,,,"1397",,,,"Fury Cutter, Leaf Blade, Aerial Ace",,,"83;865","83;865"
"83","Farfetch'd (Galarian)","Farfetchd","FALSE",,"324",,,,"0/15/15",,,,"38",,,,"1499",,,,"Fury Cutter, Leaf Blade, Brick Break",,,"83;865","83;865"
"85","Dodrio","Doduo","FALSE",,"90",,,,"0/12/15",,,,"24",,,,"1496",,,,"Peck, Drill Peck, Brave Bird",,,"84;85","85"
"86","Seel","Seel","FALSE",,"817",,,,"15/15/15",,,,"50",,,,"1098",,,,"Water Gun*, Aqua Tail, Icy Wind",,,"86;87","86;87"
"86","Seel (Shadow)","Seel","TRUE",,"847",,,,"15/15/15",,,,"50",,,,"1098",,,,"Water Gun*, Aqua Tail, Icy Wind",,,"86;87","86;87"
"87","Dewgong","Seel","FALSE",,"133",,,,"0/12/15",,,,"29.5",,,,"1498",,,,"Ice Shard*, Icy Wind*, Drill Run",,,"86;87","87"
"87","Dewgong (Shadow)","Seel","TRUE",,"230",,,,"0/12/15",,,,"29.5",,,,"1498",,,,"Ice Shard*, Icy Wind*, Drill Run",,,"86;87","87"
"88","Grimer","Grimer","FALSE",,"393",,,,"10/15/14",,,,"50",,,,"1491",,,,"Poison Jab, Sludge, Mud Bomb",,,"88;89","88;89"
"88","Grimer (Shadow)","Grimer","TRUE",,"402",,,,"10/15/14",,,,"50",,,,"1497",,,,"Poison Jab, Sludge, Mud Bomb",,,"88;89","88;89"
"89","Muk","Grimer","FALSE",,"320",,,,"0/15/14",,,,"20.5",,,,"1491",,,,"Poison Jab, Thunder Punch, Dark Pulse",,,"88;89","89"
"89","Muk (Shadow)","Grimer","TRUE",,"328",,,,"0/15/14",,,,"20.5",,,,"1491",,,,"Poison Jab, Dark Pulse, Thunder Punch",,,"88;89","89"
"91","Cloyster","Shellder","FALSE",,"624",,,,"0/13/13",,,,"22.5",,,,"1498",,,,"Ice Shard, Icy Wind, Liquidation",,,"90;91","91"
"91","Cloyster (Shadow)","Shellder","TRUE",,"706",,,,"0/13/13",,,,"22.5",,,,"1498",,,,"Ice Shard, Icy Wind, Liquidation",,,"90;91","91"
"93","Haunter","Gastly","FALSE",,"379",,,,"1/15/14",,,,"28.5",,,,"1498",,,,"Shadow Claw, Shadow Punch, Ice Punch",,,"92;93;94","93;94"
"93","Haunter (Shadow)","Gastly","TRUE",,"442",,,,"1/15/14",,,,"28.5",,,,"1498",,,,"Shadow Claw, Ice Punch, Shadow Ball",,,"92;93;94","93;94"
"94","Gengar","Gastly","FALSE",,"373",,,,"0/13/13",,,,"19.5",,,,"1495",,,,"Shadow Claw, Shadow Punch*, Dark Pulse*",,,"92;93;94","94"
"94","Gengar (Shadow)","Gastly","TRUE",,"257",,,,"0/13/13",,,,"19.5",,,,"1495",,,,"Shadow Claw, Shadow Punch*, Dark Pulse*",,,"92;93;94","94"
"95","Onix","Onix","FALSE",,"746",,,,"15/15/14",,,,"50",,,,"1245",,,,"Rock Throw, Rock Slide*, Sand Tomb",,,"95;208","95;208"
"95","Onix (Shadow)","Onix","TRUE",,"800",,,,"15/15/14",,,,"50",,,,"1245",,,,"Rock Throw, Rock Slide*, Sand Tomb",,,"95;208","95;208"
"96","Drowzee","Drowzee","FALSE",,"633",,,,"15/15/14",,,,"50",,,,"1176",,,,"Confusion, Psyshock, Return<sup>†</sup>",,,"96;97","96;97"
"96","Drowzee (Shadow)","Drowzee","TRUE",,"692",,,,"15/15/14",,,,"50",,,,"1176",,,,"Confusion, Psyshock, Psychic",,,"96;97","96;97"
"97","Hypno","Drowzee","FALSE",,"44",,,,"0/13/13",,,,"28",,,,"1500",,,,"Confusion, Shadow Ball, Thunder Punch",,,"96;97","97"
"97","Hypno (Shadow)","Drowzee","TRUE",,"63",,,,"0/13/13",,,,"28",,,,"1500",,,,"Confusion, Thunder Punch, Ice Punch",,,"96;97","97"
"98","Krabby","Krabby","FALSE",,"897",,,,"0/15/15",,,,"43",,,,"1498",,,,"Bubble, Vise Grip, Razor Shell",,,"98;99","98;99"
"98","Krabby (Shadow)","Krabby","TRUE",,"873",,,,"0/15/15",,,,"43",,,,"1498",,,,"Bubble, Vise Grip, Razor Shell",,,"98;99","98;99"
"99","Kingler","Krabby","FALSE",,"785",,,,"0/9/15",,,,"20",,,,"1500",,,,"Mud Shot*, Crabhammer, Vise Grip",,,"98;99","99"
"99","Kingler (Shadow)","Krabby","TRUE",,"816",,,,"0/9/15",,,,"20",,,,"1500",,,,"Bubble, Crabhammer, Vise Grip",,,"98;99","99"
"101","Electrode","Voltorb","FALSE",,"313",,,,"1/15/15",,,,"27",,,,"1500",,,,"Volt Switch, Discharge, Foul Play",,,"100;101","101"
"101","Electrode (Hisuian)","Voltorb","FALSE",,"120",,,,"1/14/14",,,,"26.5",,,,"1500",,,,"Thunder Shock, Wild Charge, Energy Ball",,,"100;101","101"
"101","Electrode (Shadow)","Voltorb","TRUE",,"308",,,,"1/15/15",,,,"27",,,,"1500",,,,"Volt Switch, Discharge, Foul Play",,,"100;101","101"
"102","Exeggcute","Exeggcute","FALSE",,"738",,,,"15/15/14",,,,"50",,,,"1328",,,,"Confusion, Seed Bomb, Ancient Power",,,"102;103","102;103"
"102","Exeggcute (Shadow)","Exeggcute","TRUE",,"717",,,,"15/15/14",,,,"50",,,,"1328",,,,"Confusion, Seed Bomb, Ancient Power",,,"102;103","102;103"
"103","Exeggutor","Exeggcute","FALSE",,"629",,,,"1/15/14",,,,"18.5",,,,"1499",,,,"Confusion, Seed Bomb, Psychic",,,"102;103","103"
"103","Exeggutor (Alolan)","Exeggcute","FALSE",,"585",,,,"1/15/14",,,,"18.5",,,,"1498",,,,"Dragon Tail, Seed Bomb, Draco Meteor*",,,"102;103","103"
"103","Exeggutor (Alolan) (Shadow)","Exeggcute","TRUE",,"620",,,,"1/15/14",,,,"18.5",,,,"1498",,,,"Dragon Tail, Seed Bomb, Draco Meteor*",,,"102;103","103"
"103","Exeggutor (Shadow)","Exeggcute","TRUE",,"569",,,,"1/15/14",,,,"18.5",,,,"1499",,,,"Confusion, Seed Bomb, Psychic",,,"102;103","103"
"104","Cubone","Cubone","FALSE",,"868",,,,"15/15/15",,,,"50",,,,"1152",,,,"Mud Slap, Bone Club, Return<sup>†</sup>",,,"104;105","104;105"
"104","Cubone (Shadow)","Cubone","TRUE",,"853",,,,"15/15/15",,,,"50",,,,"1152",,,,"Mud Slap, Bone Club, Bulldoze",,,"104;105","104;105"
"105","Marowak","Cubone","FALSE",,"243",,,,"0/14/14",,,,"33.5",,,,"1496",,,,"Mud Slap, Bone Club, Rock Slide",,,"104;105","105"
"105","Marowak (Alolan)","Cubone","FALSE",,"259",,,,"0/14/14",,,,"33.5",,,,"1496",,,,"Fire Spin, Bone Club, Shadow Bone*",,,"104;105","105"
"105","Marowak (Alolan) (Shadow)","Cubone","TRUE",,"284",,,,"0/14/14",,,,"33.5",,,,"1496",,,,"Fire Spin, Shadow Bone*, Bone Club",,,"104;105","105"
"105","Marowak (Shadow)","Cubone","TRUE",,"319",,,,"0/14/14",,,,"33.5",,,,"1496",,,,"Mud Slap, Bone Club, Rock Slide",,,"104;105","105"
"106","Hitmonlee","Hitmonlee","FALSE",,"455",,,,"2/15/15",,,,"21.5",,,,"1500",,,,"Low Kick, Blaze Kick, Brick Break*",,,"106;236","106;236"
"106","Hitmonlee (Shadow)","Hitmonlee","TRUE",,"390",,,,"2/15/15",,,,"21.5",,,,"1500",,,,"Low Kick, Blaze Kick, Brick Break*",,,"106;236","106;236"
"107","Hitmonchan","Hitmonchan","FALSE",,"678",,,,"0/11/15",,,,"24.5",,,,"1497",,,,"Counter, Ice Punch, Thunder Punch",,,"107;236","107;236"
"107","Hitmonchan (Shadow)","Hitmonchan","TRUE",,"713",,,,"0/11/15",,,,"24.5",,,,"1497",,,,"Counter, Ice Punch, Thunder Punch",,,"107;236","107;236"
"108","Lickitung","Lickitung","FALSE",,"71",,,,"8/14/15",,,,"50",,,,"1491",,,,"Lick, Body Slam*, Power Whip",,,"108;463","108;463"
"109","Koffing","Koffing","FALSE",,"631",,,,"15/15/15",,,,"50",,,,"1373",,,,"Infestation, Sludge, Dark Pulse",,,"109;110","109;110"
"109","Koffing (Shadow)","Koffing","TRUE",,"663",,,,"15/15/15",,,,"50",,,,"1373",,,,"Infestation, Sludge, Dark Pulse",,,"109;110","109;110"
"110","Weezing","Koffing","FALSE",,"425",,,,"0/14/14",,,,"25",,,,"1500",,,,"Rollout, Sludge Bomb, Dark Pulse",,,"109;110","110"
"110","Weezing (Shadow)","Koffing","TRUE",,"498",,,,"0/14/14",,,,"25",,,,"1499",,,,"Rollout, Sludge Bomb, Dark Pulse",,,"109;110","110"
"111","Rhyhorn","Rhyhorn","FALSE",,"809",,,,"0/13/15",,,,"41",,,,"1497",,,,"Mud Slap, Bulldoze, Stomp",,,"111;112;464","111;112;464"
"111","Rhyhorn (Shadow)","Rhyhorn","TRUE",,"810",,,,"0/13/15",,,,"41",,,,"1497",,,,"Mud Slap, Bulldoze, Stomp",,,"111;112;464","111;112;464"
"112","Rhydon","Rhyhorn","FALSE",,"918",,,,"2/15/14",,,,"17.5",,,,"1499",,,,"Mud Slap, Stone Edge, Earthquake",,,"111;112;464","112;464"
"112","Rhydon (Shadow)","Rhyhorn","TRUE",,"908",,,,"2/15/14",,,,"17.5",,,,"1499",,,,"Mud Slap, Stone Edge, Earthquake",,,"111;112;464","112;464"
"113","Chansey","Chansey","FALSE",,"276",,,,"15/15/15",,,,"50",,,,"1418",,,,"Zen Headbutt, Dazzling Gleam, Hyper Beam",,,"113;242;440","113;242;440"
"114","Tangela","Tangela","FALSE",,"806",,,,"0/13/15",,,,"25.5",,,,"1500",,,,"Infestation, Grass Knot, Sludge Bomb",,,"114;465","114;465"
"114","Tangela (Shadow)","Tangela","TRUE",,"848",,,,"0/13/15",,,,"25.5",,,,"1500",,,,"Infestation, Grass Knot, Sludge Bomb",,,"114;465","114;465"
"115","Kangaskhan","Kangaskhan","FALSE",,"325",,,,"0/14/15",,,,"22",,,,"1495",,,,"Low Kick, Brick Break*, Crunch",,,"115","115"
"117","Seadra","Horsea","FALSE",,"827",,,,"1/15/14",,,,"27",,,,"1494",,,,"Dragon Breath, Hydro Pump, Dragon Pulse",,,"116;117;230","117;230"
"117","Seadra (Shadow)","Horsea","TRUE",,"888",,,,"1/15/14",,,,"27",,,,"1494",,,,"Dragon Breath, Hydro Pump, Dragon Pulse",,,"116;117;230","117;230"
"118","Goldeen","Goldeen","FALSE",,"760",,,,"15/15/15",,,,"50",,,,"1302",,,,"Peck, Aqua Tail, Horn Attack",,,"118;119","118;119"
"119","Seaking","Goldeen","FALSE",,"80",,,,"0/14/14",,,,"26.5",,,,"1500",,,,"Peck, Drill Run*, Icy Wind*",,,"118;119","119"
"121","Starmie","Staryu","FALSE",,"177",,,,"0/15/11",,,,"22",,,,"1500",,,,"Psywave, Aqua Jet, Power Gem",,,"120;121","121"
"121","Starmie (Shadow)","Staryu","TRUE",,"166",,,,"0/15/11",,,,"22",,,,"1500",,,,"Psywave, Aqua Jet, Power Gem",,,"120;121","121"
"122","Mr. Mime (Galarian)","Mr-mime","FALSE",,"632",,,,"1/15/13",,,,"27.5",,,,"1500",,,,"Confusion, Ice Punch, Triple Axel",,,"122;439;866","122;439;866"
"123","Scyther","Scyther","FALSE",,"478",,,,"0/14/11",,,,"21",,,,"1500",,,,"Fury Cutter, Night Slash, X-Scissor",,,"123;212","123;212"
"123","Scyther (Shadow)","Scyther","TRUE",,"384",,,,"0/14/11",,,,"21",,,,"1500",,,,"Fury Cutter, Night Slash, X-Scissor",,,"123;212","123;212"
"124","Jynx","Jynx","FALSE",,"575",,,,"0/14/15",,,,"22",,,,"1499",,,,"Confusion, Avalanche, Psyshock",,,"124;238","124;238"
"125","Electabuzz","Electabuzz","FALSE",,"549",,,,"0/14/11",,,,"24.5",,,,"1498",,,,"Thunder Shock, Thunder Punch, Return<sup>†</sup>",,,"125;239;466","125;239;466"
"125","Electabuzz (Shadow)","Electabuzz","TRUE",,"557",,,,"0/14/11",,,,"24.5",,,,"1500",,,,"Thunder Shock, Thunder Punch, Thunderbolt",,,"125;239;466","125;239;466"
"126","Magmar","Magmar","FALSE",,"588",,,,"0/15/15",,,,"23.5",,,,"1497",,,,"Karate Chop, Fire Punch, Scorching Sands",,,"126;240;467","126;240;467"
"126","Magmar (Shadow)","Magmar","TRUE",,"567",,,,"0/15/15",,,,"23.5",,,,"1497",,,,"Ember, Fire Punch, Scorching Sands",,,"126;240;467","126;240;467"
"127","Pinsir","Pinsir","FALSE",,"480",,,,"0/13/14",,,,"19",,,,"1498",,,,"Fury Cutter, Close Combat, X-Scissor",,,"127","127"
"127","Pinsir (Shadow)","Pinsir","TRUE",,"394",,,,"0/13/14",,,,"19",,,,"1498",,,,"Fury Cutter, Close Combat, X-Scissor",,,"127","127"
"128","Tauros","Tauros","FALSE",,"673",,,,"0/15/15",,,,"21.5",,,,"1499",,,,"Tackle, Trailblaze, Horn Attack",,,"128","128"
"128","Tauros (Aqua)","Tauros","FALSE",,"539",,,,"0/11/15",,,,"20",,,,"1500",,,,"Double Kick, Aqua Jet, Trailblaze",,,"128","128"
"128","Tauros (Blaze)","Tauros","FALSE",,"664",,,,"0/11/15",,,,"20",,,,"1500",,,,"Double Kick, Flame Charge, Trailblaze",,,"128","128"
"128","Tauros (Combat)","Tauros","FALSE",,"540",,,,"0/11/15",,,,"20",,,,"1500",,,,"Double Kick, Close Combat, Trailblaze",,,"128","128"
"130","Gyarados","Magikarp","FALSE",,"121",,,,"0/14/15",,,,"16.5",,,,"1498",,,,"Dragon Breath, Aqua Tail*, Twister",,,"129;130","130"
"130","Gyarados (Shadow)","Magikarp","TRUE",,"128",,,,"0/14/15",,,,"16.5",,,,"1498",,,,"Dragon Breath, Aqua Tail*, Twister",,,"129;130","130"
"131","Lapras","Lapras","FALSE",,"7",,,,"0/10/14",,,,"22",,,,"1499",,,,"Psywave, Sparkling Aria, Ice Beam*",,,"131","131"
"131","Lapras (Shadow)","Lapras","TRUE",,"46",,,,"0/10/14",,,,"22",,,,"1499",,,,"Psywave, Sparkling Aria, Ice Beam*",,,"131","131"
"133","Eevee","Eevee","FALSE",,"842",,,,"15/15/15",,,,"50",,,,"1210",,,,"Quick Attack, Swift, Dig",,,"133;134;135;136;196;197;470;471;700","133;134;135;136;196;197;470;471;700"
"134","Vaporeon","Eevee","FALSE",,"553",,,,"1/15/15",,,,"18",,,,"1500",,,,"Water Gun, Aqua Tail, Last Resort*",,,"133;134","134"
"135","Jolteon","Eevee","FALSE",,"689",,,,"0/12/15",,,,"19.5",,,,"1498",,,,"Thunder Shock, Discharge, Last Resort*",,,"133;135","135"
"136","Flareon","Eevee","FALSE",,"680",,,,"0/15/13",,,,"18.5",,,,"1498",,,,"Ember, Heat Wave*, Superpower*",,,"133;136","136"
"137","Porygon","Porygon","FALSE",,"607",,,,"0/13/15",,,,"37.5",,,,"1500",,,,"Quick Attack<sup>†</sup>, Discharge*, Hyper Beam",,,"137;233;474","137;233;474"
"137","Porygon (Shadow)","Porygon","TRUE",,"804",,,,"0/13/15",,,,"37.5",,,,"1500",,,,"Tackle*, Discharge*, Signal Beam*",,,"137;233;474","137;233;474"
"138","Omanyte","Omanyte","FALSE",,"668",,,,"0/13/15",,,,"45.5",,,,"1500",,,,"Mud Shot, Rock Tomb*, Rock Blast",,,"138;139","138;139"
"138","Omanyte (Shadow)","Omanyte","TRUE",,"641",,,,"0/13/15",,,,"45.5",,,,"1500",,,,"Mud Shot, Rock Tomb*, Rock Blast",,,"138;139","138;139"
"139","Omastar","Omanyte","FALSE",,"685",,,,"0/9/15",,,,"20.5",,,,"1500",,,,"Mud Shot, Rock Slide*, Hydro Pump",,,"138;139","139"
"139","Omastar (Shadow)","Omanyte","TRUE",,"654",,,,"0/9/15",,,,"20.5",,,,"1500",,,,"Mud Shot, Rock Slide*, Hydro Pump",,,"138;139","139"
"140","Kabuto","Kabuto","FALSE",,"426",,,,"10/15/15",,,,"49.5",,,,"1499",,,,"Scratch, Aqua Jet, Rock Tomb",,,"140;141","140;141"
"140","Kabuto (Shadow)","Kabuto","TRUE",,"429",,,,"10/15/15",,,,"49.5",,,,"1499",,,,"Scratch, Aqua Jet, Rock Tomb",,,"140;141","140;141"
"141","Kabutops","Kabuto","FALSE",,"338",,,,"0/14/10",,,,"21",,,,"1498",,,,"Fury Cutter*, Aqua Jet, Stone Edge",,,"140;141","141"
"141","Kabutops (Shadow)","Kabuto","TRUE",,"355",,,,"0/14/10",,,,"21",,,,"1498",,,,"Fury Cutter*, Aqua Jet, Stone Edge",,,"140;141","141"
"142","Aerodactyl","Aerodactyl","FALSE",,"159",,,,"1/15/15",,,,"20",,,,"1497",,,,"Dragon Breath, Rock Slide, Brutal Swing",,,"142","142"
"142","Aerodactyl (Shadow)","Aerodactyl","TRUE",,"117",,,,"1/15/15",,,,"20",,,,"1497",,,,"Dragon Breath, Rock Slide, Brutal Swing",,,"142","142"
"143","Snorlax","Snorlax","FALSE",,"2",,,,"1/15/14",,,,"17.5",,,,"1500",,,,"Psywave, Body Slam, Earthquake",,,"143;446","143;446"
"143","Snorlax (Shadow)","Snorlax","TRUE",,"25",,,,"1/15/14",,,,"17.5",,,,"1500",,,,"Psywave, Body Slam, Superpower",,,"143;446","143;446"
"144","Articuno","Articuno","FALSE",,"112",,,,"1/15/13",,,,"18.5",,,,"1496",,,,"Powder Snow, Icy Wind, Hurricane*",,,"144","144"
"144","Articuno (Galarian)","Articuno","FALSE",,"358",,,,"0/15/14",,,,"15.5",,,,"1495",,,,"Psycho Cut, Fly, Brave Bird",,,"144","144"
"144","Articuno (Shadow)","Articuno","TRUE",,"303",,,,"0/15/15",,,,"18.5",,,,"1496",,,,"Powder Snow, Triple Axel, Hurricane*",,,"144","144"
"145","Zapdos","Zapdos","FALSE",,"351",,,,"5/15/14",,,,"15.5",,,,"1493",,,,"Thunder Shock*, Drill Peck, Heat Wave",,,"145","145"
"145","Zapdos (Galarian)","Zapdos","FALSE",,"436",,,,"3/15/14",,,,"15.5",,,,"1498",,,,"Low Kick, Fly, Close Combat",,,"145","145"
"145","Zapdos (Shadow)","Zapdos","TRUE",,"270",,,,"0/12/12",,,,"16",,,,"1489",,,,"Thunder Shock*, Drill Peck, Heat Wave",,,"145","145"
"146","Moltres","Moltres","FALSE",,"596",,,,"1/15/14",,,,"16",,,,"1499",,,,"Wing Attack, Fly, Heat Wave",,,"146","146"
"146","Moltres (Shadow)","Moltres","TRUE",,"547",,,,"1/15/14",,,,"16",,,,"1499",,,,"Wing Attack, Fly, Heat Wave",,,"146","146"
"148","Dragonair","Dratini","FALSE",,"38",,,,"1/15/15",,,,"34",,,,"1499",,,,"Dragon Breath, Aqua Tail, Dragon Pulse",,,"147;148;149","148;149"
"148","Dragonair (Shadow)","Dratini","TRUE",,"20",,,,"1/15/15",,,,"34",,,,"1499",,,,"Dragon Breath, Wrap, Aqua Tail",,,"147;148;149","148;149"
"149","Dragonite","Dratini","FALSE",,"233",,,,"3/15/14",,,,"14.5",,,,"1498",,,,"Dragon Breath, Thunder Punch, Superpower",,,"147;148;149","149"
"149","Dragonite (Shadow)","Dratini","TRUE",,"161",,,,"3/15/14",,,,"14.5",,,,"1498",,,,"Dragon Breath, Thunder Punch, Superpower",,,"147;148;149","149"
"150","Mewtwo (Shadow)","Mewtwo","TRUE",,"430",,,,"4/15/15",,,,"13",,,,"1480",,,,"Psycho Cut, Psystrike*, Thunderbolt",,,"150","150"
"151","Mew","Mew","FALSE",,"131",,,,"10/15/13",,,,"16.5",,,,"1498",,,,"Shadow Claw, Wild Charge, Psyshock",,,"151","151"
"153","Bayleef","Chikorita","FALSE",,"400",,,,"3/15/14",,,,"50",,,,"1499",,,,"Magical Leaf, Ancient Power, Energy Ball",,,"152;153;154","153;154"
"153","Bayleef (Shadow)","Chikorita","TRUE",,"541",,,,"3/15/14",,,,"50",,,,"1499",,,,"Magical Leaf, Ancient Power, Energy Ball",,,"152;153;154","153;154"
"154","Meganium","Chikorita","FALSE",,"236",,,,"0/10/15",,,,"24",,,,"1497",,,,"Vine Whip, Frenzy Plant*, Earthquake",,,"152;153;154","154"
"154","Meganium (Shadow)","Chikorita","TRUE",,"443",,,,"0/10/15",,,,"24",,,,"1497",,,,"Vine Whip, Frenzy Plant*, Earthquake",,,"152;153;154","154"
"156","Quilava","Cyndaquil","FALSE",,"749",,,,"0/13/15",,,,"40",,,,"1500",,,,"Ember, Flame Charge, Dig",,,"155;156;157","156;157"
"156","Quilava (Shadow)","Cyndaquil","TRUE",,"716",,,,"0/13/15",,,,"40",,,,"1500",,,,"Ember, Flame Charge, Dig",,,"155;156;157","156;157"
"157","Typhlosion","Cyndaquil","FALSE",,"424",,,,"0/15/13",,,,"19.5",,,,"1498",,,,"Incinerate, Blast Burn*, Thunder Punch",,,"155;156;157","157"
"157","Typhlosion (Hisuian)","Cyndaquil","FALSE",,"467",,,,"0/11/12",,,,"19",,,,"1500",,,,"Ember, Shadow Ball, Wild Charge",,,"155;156;157","157"
"157","Typhlosion (Shadow)","Cyndaquil","TRUE",,"347",,,,"0/15/13",,,,"19.5",,,,"1498",,,,"Incinerate, Blast Burn*, Thunder Punch",,,"155;156;157","157"
"158","Totodile","Totodile","FALSE",,"690",,,,"15/15/15",,,,"50",,,,"1279",,,,"Scratch, Aqua Jet, Crunch",,,"158;159;160","158;159;160"
"158","Totodile (Shadow)","Totodile","TRUE",,"712",,,,"15/15/15",,,,"50",,,,"1279",,,,"Scratch, Aqua Jet, Crunch",,,"158;159;160","158;159;160"
"159","Croconaw","Totodile","FALSE",,"174",,,,"0/13/15",,,,"37.5",,,,"1500",,,,"Scratch, Ice Punch, Water Pulse",,,"158;159;160","159;160"
"159","Croconaw (Shadow)","Totodile","TRUE",,"229",,,,"0/13/15",,,,"37.5",,,,"1500",,,,"Scratch, Ice Punch, Water Pulse",,,"158;159;160","159;160"
"160","Feraligatr","Totodile","FALSE",,"87",,,,"0/11/13",,,,"20",,,,"1500",,,,"Shadow Claw, Hydro Cannon*, Ice Beam",,,"158;159;160","160"
"160","Feraligatr (Shadow)","Totodile","TRUE",,"134",,,,"0/11/13",,,,"20",,,,"1500",,,,"Shadow Claw, Hydro Cannon*, Ice Beam",,,"158;159;160","160"
"162","Furret","Sentret","FALSE",,"21",,,,"1/15/14",,,,"35.5",,,,"1498",,,,"Sucker Punch, Swift, Trailblaze",,,"161;162","162"
"164","Noctowl","Hoothoot","FALSE",,"77",,,,"1/14/15",,,,"28.5",,,,"1500",,,,"Wing Attack, Shadow Ball, Return<sup>†</sup>",,,"163;164","164"
"164","Noctowl (Shadow)","Hoothoot","TRUE",,"311",,,,"1/14/15",,,,"28.5",,,,"1500",,,,"Wing Attack, Sky Attack, Shadow Ball",,,"163;164","164"
"166","Ledian","Ledyba","FALSE",,"123",,,,"13/15/15",,,,"50",,,,"1496",,,,"Rollout, Dynamic Punch, Acrobatics",,,"165;166","166"
"166","Ledian (Shadow)","Ledyba","TRUE",,"201",,,,"13/15/15",,,,"50",,,,"1496",,,,"Rollout, Dynamic Punch, Acrobatics",,,"165;166","166"
"168","Ariados","Spinarak","FALSE",,"175",,,,"0/14/15",,,,"35",,,,"1497",,,,"Poison Sting, Lunge, Foul Play",,,"167;168","168"
"169","Crobat","Zubat","FALSE",,"305",,,,"0/15/12",,,,"21.5",,,,"1500",,,,"Gust, Air Cutter, Poison Fang",,,"41;42;169","169"
"169","Crobat (Shadow)","Zubat","TRUE",,"315",,,,"0/15/12",,,,"21.5",,,,"1500",,,,"Gust, Air Cutter, Poison Fang",,,"41;42;169","169"
"170","Chinchou","Chinchou","FALSE",,"874",,,,"15/15/15",,,,"50",,,,"1265",,,,"Bubble, Water Pulse, Thunderbolt",,,"170;171","170;171"
"171","Lanturn","Chinchou","FALSE",,"283",,,,"0/13/14",,,,"28",,,,"1500",,,,"Spark, Surf, Thunderbolt",,,"170;171","171"
"178","Xatu","Natu","FALSE",,"332",,,,"0/13/15",,,,"26",,,,"1500",,,,"Peck, Psyshock, Aerial Ace",,,"177;178","178"
"178","Xatu (Shadow)","Natu","TRUE",,"232",,,,"0/13/15",,,,"26",,,,"1500",,,,"Peck, Psyshock, Aerial Ace",,,"177;178","178"
"180","Flaaffy","Mareep","FALSE",,"745",,,,"0/15/14",,,,"47",,,,"1499",,,,"Charge Beam, Discharge, Trailblaze",,,"179;180;181","180;181"
"180","Flaaffy (Shadow)","Mareep","TRUE",,"769",,,,"0/15/14",,,,"47",,,,"1499",,,,"Charge Beam, Discharge, Trailblaze",,,"179;180;181","180;181"
"181","Ampharos","Mareep","FALSE",,"179",,,,"0/13/11",,,,"20",,,,"1497",,,,"Volt Switch, Brutal Swing, Trailblaze",,,"179;180;181","181"
"181","Ampharos (Shadow)","Mareep","TRUE",,"169",,,,"0/13/11",,,,"20",,,,"1497",,,,"Volt Switch, Brutal Swing, Trailblaze",,,"179;180;181","181"
"182","Bellossom","Bellossom","FALSE",,"153",,,,"1/14/14",,,,"25",,,,"1498",,,,"Acid, Leaf Blade, Dazzling Gleam",,,"43;44;182","182"
"182","Bellossom (Shadow)","Bellossom","TRUE",,"139",,,,"1/14/14",,,,"25",,,,"1498",,,,"Acid, Leaf Blade, Dazzling Gleam",,,"43;44;182","182"
"185","Sudowoodo","Sudowoodo","FALSE",,"677",,,,"0/14/11",,,,"27",,,,"1500",,,,"Counter, Meteor Beam, Trailblaze",,,"185;438","185;438"
"185","Sudowoodo (Shadow)","Sudowoodo","TRUE",,"846",,,,"0/14/11",,,,"27",,,,"1500",,,,"Counter, Meteor Beam, Trailblaze",,,"185;438","185;438"
"186","Politoed","Politoed","FALSE",,"215",,,,"0/15/11",,,,"23.5",,,,"1498",,,,"Mud Shot, Weather Ball (Water), Ice Beam*",,,"60;61;186","186"
"186","Politoed (Shadow)","Politoed","TRUE",,"202",,,,"0/15/11",,,,"23.5",,,,"1498",,,,"Mud Shot, Weather Ball (Water), Ice Beam*",,,"60;61;186","186"
"189","Jumpluff","Hoppip","FALSE",,"15",,,,"0/14/14",,,,"43",,,,"1499",,,,"Fairy Wind, Energy Ball, Acrobatics*",,,"187;188;189","189"
"189","Jumpluff (Shadow)","Hoppip","TRUE",,"30",,,,"0/14/14",,,,"43",,,,"1499",,,,"Fairy Wind, Energy Ball, Acrobatics*",,,"187;188;189","189"
"190","Aipom","Aipom","FALSE",,"160",,,,"14/15/14",,,,"49.5",,,,"1494",,,,"Scratch, Swift, Aerial Ace",,,"190;424","190;424"
"190","Aipom (Shadow)","Aipom","TRUE",,"156",,,,"14/15/14",,,,"49.5",,,,"1494",,,,"Scratch, Swift, Aerial Ace",,,"190;424","190;424"
"192","Sunflora","Sunkern","FALSE",,"828",,,,"0/15/14",,,,"26.5",,,,"1499",,,,"Bullet Seed, Leaf Storm, Sludge Bomb",,,"191;192","192"
"193","Yanma","Yanma","FALSE",,"718",,,,"0/14/15",,,,"49.5",,,,"1499",,,,"Wing Attack, Silver Wind, Aerial Ace",,,"193;469","193;469"
"195","Quagsire","Wooper","FALSE",,"216",,,,"0/15/14",,,,"29",,,,"1499",,,,"Mud Shot, Aqua Tail*, Stone Edge",,,"194;195","195"
"195","Quagsire (Shadow)","Wooper","TRUE",,"196",,,,"0/15/14",,,,"29",,,,"1499",,,,"Mud Shot, Aqua Tail*, Stone Edge",,,"194;195","195"
"196","Espeon","Eevee","FALSE",,"527",,,,"0/15/15",,,,"17.5",,,,"1500",,,,"Confusion, Psychic Fangs, Shadow Ball*",,,"133;196","196"
"199","Slowking","Slowpoke","FALSE",,"470",,,,"0/13/15",,,,"22.5",,,,"1500",,,,"Confusion, Surf*, Blizzard",,,"79;199","199"
"199","Slowking (Galarian)","Slowpoke","FALSE",,"149",,,,"0/14/13",,,,"21",,,,"1499",,,,"Acid, Psyshock, Shadow Ball",,,"79;199","199"
"199","Slowking (Shadow)","Slowpoke","TRUE",,"564",,,,"0/13/15",,,,"22.5",,,,"1500",,,,"Confusion, Surf*, Blizzard",,,"79;199","199"
"200","Misdreavus","Misdreavus","FALSE",,"289",,,,"1/15/15",,,,"29.5",,,,"1495",,,,"Psywave, Dark Pulse, Shadow Sneak",,,"200;429","200;429"
"200","Misdreavus (Shadow)","Misdreavus","TRUE",,"444",,,,"1/15/15",,,,"29.5",,,,"1495",,,,"Astonish, Dark Pulse, Shadow Sneak",,,"200;429","200;429"
"201","Unown","Unown","FALSE",,"939",,,,"15/15/15",,,,"50",,,,"1339",,,,"Hidden Power (Psychic), Struggle, NA",,,"201","201"
"202","Wobbuffet","Wobbuffet","FALSE",,"111",,,,"15/15/15",,,,"50",,,,"1160",,,,"Counter, Mirror Coat, Return<sup>†</sup>",,,"202;360","202;360"
"202","Wobbuffet (Shadow)","Wobbuffet","TRUE",,"241",,,,"15/15/15",,,,"50",,,,"1160",,,,"Counter, Mirror Coat, Frustration<sup>†</sup>",,,"202;360","202;360"
"203","Girafarig","Girafarig","FALSE",,"84",,,,"0/15/12",,,,"28",,,,"1499",,,,"Confusion, Psychic Fangs, Trailblaze",,,"203;981","203;981"
"203","Girafarig (Shadow)","Girafarig","TRUE",,"79",,,,"0/15/12",,,,"28",,,,"1499",,,,"Confusion, Psychic Fangs, Trailblaze",,,"203;981","203;981"
"204","Pineco","Pineco","FALSE",,"782",,,,"15/15/15",,,,"50",,,,"1253",,,,"Bug Bite, Rock Tomb, Sand Tomb",,,"204;205","204;205"
"204","Pineco (Shadow)","Pineco","TRUE",,"835",,,,"15/15/15",,,,"50",,,,"1253",,,,"Bug Bite, Rock Tomb, Sand Tomb",,,"204;205","204;205"
"206","Dunsparce","Dunsparce","FALSE",,"34",,,,"0/14/12",,,,"40",,,,"1499",,,,"Bite, Drill Run, Rock Slide",,,"206;982","206;982"
"207","Gligar","Gligar","FALSE",,"158",,,,"0/15/12",,,,"33",,,,"1498",,,,"Wing Attack, Night Slash, Dig",,,"207;472","207;472"
"207","Gligar (Shadow)","Gligar","TRUE",,"137",,,,"0/15/12",,,,"33",,,,"1498",,,,"Wing Attack, Night Slash, Dig",,,"207;472","207;472"
"211","Qwilfish","Qwilfish","FALSE",,"301",,,,"0/12/14",,,,"28",,,,"1497",,,,"Poison Sting, Aqua Tail, Shadow Ball",,,"211;904","211;904"
"211","Qwilfish (Shadow)","Qwilfish","TRUE",,"193",,,,"0/12/14",,,,"28",,,,"1497",,,,"Poison Sting, Aqua Tail, Shadow Ball",,,"211;904","211;904"
"214","Heracross","Heracross","FALSE",,"246",,,,"0/15/15",,,,"18",,,,"1500",,,,"Fury Cutter, Upper Hand, Rock Tomb",,,"214","214"
"215","Sneasel (Hisuian)","Sneasel","FALSE",,"650",,,,"1/15/14",,,,"27.5",,,,"1497",,,,"Poison Jab, Close Combat, X-Scissor",,,"215;461","215;461"
"215","Sneasel (Hisuian) (Shadow)","Sneasel","TRUE",,"676",,,,"1/15/14",,,,"27.5",,,,"1497",,,,"Poison Jab, Close Combat, X-Scissor",,,"215;461","215;461"
"216","Teddiursa","Teddiursa","FALSE",,"269",,,,"15/15/14",,,,"50",,,,"1493",,,,"Scratch, Swift, Cross Chop",,,"216;217;901","216;217;901"
"216","Teddiursa (Shadow)","Teddiursa","TRUE",,"210",,,,"15/15/14",,,,"50",,,,"1493",,,,"Scratch, Swift, Cross Chop",,,"216;217;901","216;217;901"
"217","Ursaring","Teddiursa","FALSE",,"292",,,,"0/14/15",,,,"19",,,,"1500",,,,"Shadow Claw, Close Combat, Swift",,,"216;217;901","217;901"
"217","Ursaring (Shadow)","Teddiursa","TRUE",,"178",,,,"0/14/15",,,,"19",,,,"1500",,,,"Shadow Claw, Close Combat, Swift",,,"216;217;901","217;901"
"219","Magcargo","Slugma","FALSE",,"386",,,,"0/15/14",,,,"38.5",,,,"1500",,,,"Ember, Rock Tomb, Overheat",,,"218;219","219"
"221","Piloswine","Swinub","FALSE",,"109",,,,"0/15/10",,,,"24.5",,,,"1500",,,,"Powder Snow, Icicle Spear, High Horsepower",,,"220;221;473","221;473"
"221","Piloswine (Shadow)","Swinub","TRUE",,"152",,,,"0/15/10",,,,"24.5",,,,"1500",,,,"Powder Snow, Icicle Spear, High Horsepower",,,"220;221;473","221;473"
"222","Corsola","Corsola","FALSE",,"610",,,,"10/15/15",,,,"50",,,,"1500",,,,"Bubble, Power Gem, Rock Blast",,,"222","222"
"222","Corsola (Galarian)","Corsola","FALSE",,"1",,,,"0/15/14",,,,"50",,,,"1500",,,,"Astonish, Night Shade, Power Gem",,,"222","222"
"224","Octillery","Remoraid","FALSE",,"898",,,,"0/15/13",,,,"24.5",,,,"1495",,,,"Lock On, Octazooka, Gunk Shot",,,"223;224","224"
"226","Mantine","Mantine","FALSE",,"43",,,,"0/15/13",,,,"27.5",,,,"1500",,,,"Wing Attack, Twister, Water Pulse",,,"226;458","226;458"
"230","Kingdra","Horsea","FALSE",,"8",,,,"0/15/13",,,,"21.5",,,,"1497",,,,"Dragon Breath, Surf, Swift",,,"116;117;230","230"
"230","Kingdra (Shadow)","Horsea","TRUE",,"19",,,,"0/15/13",,,,"21.5",,,,"1497",,,,"Dragon Breath, Surf, Swift",,,"116;117;230","230"
"231","Phanpy","Phanpy","FALSE",,"818",,,,"15/15/15",,,,"50",,,,"1364",,,,"Tackle, Bulldoze, Rock Slide",,,"231;232","231;232"
"231","Phanpy (Shadow)","Phanpy","TRUE",,"899",,,,"15/15/15",,,,"50",,,,"1364",,,,"Tackle, Bulldoze, Rock Slide",,,"231;232","231;232"
"232","Donphan","Phanpy","FALSE",,"765",,,,"0/14/8",,,,"19",,,,"1498",,,,"Mud Slap, Trailblaze, Earthquake",,,"231;232","232"
"232","Donphan (Shadow)","Phanpy","TRUE",,"779",,,,"0/14/8",,,,"19",,,,"1498",,,,"Mud Slap, Trailblaze, Earthquake",,,"231;232","232"
"233","Porygon2","Porygon","FALSE",,"739",,,,"0/12/15",,,,"21",,,,"1498",,,,"Lock On, Tri Attack, Zap Cannon",,,"137;233;474","233;474"
"233","Porygon2 (Shadow)","Porygon","TRUE",,"793",,,,"0/12/15",,,,"21",,,,"1498",,,,"Lock On, Tri Attack, Zap Cannon",,,"137;233;474","233;474"
"234","Stantler","Stantler","FALSE",,"864",,,,"0/11/15",,,,"26.5",,,,"1499",,,,"Tackle, Wild Charge, Stomp",,,"234;899","234;899"
"234","Stantler (Shadow)","Stantler","TRUE",,"885",,,,"0/11/15",,,,"26.5",,,,"1500",,,,"Tackle, Wild Charge, Stomp",,,"234;899","234;899"
"237","Hitmontop","Hitmonlee","FALSE",,"508",,,,"0/14/15",,,,"26.5",,,,"1500",,,,"Counter, Close Combat, Triple Axel",,,"106;236","237"
"237","Hitmontop (Shadow)","Hitmonlee","TRUE",,"645",,,,"0/14/15",,,,"26.5",,,,"1500",,,,"Counter, Close Combat, Triple Axel",,,"106;236","237"
"238","Smoochum","Jynx","FALSE",,"421",,,,"15/15/15",,,,"50",,,,"1460",,,,"Powder Snow, Psyshock, Ice Punch",,,"124;238","238"
"239","Elekid","Electabuzz","FALSE",,"626",,,,"15/15/15",,,,"50",,,,"1364",,,,"Thunder Shock, Thunder Punch, Brick Break",,,"125;239;466","239"
"240","Magby","Magmar","FALSE",,"621",,,,"15/15/15",,,,"50",,,,"1496",,,,"Karate Chop, Fire Punch, Brick Break",,,"126;240;467","240"
"241","Miltank","Miltank","FALSE",,"89",,,,"0/14/14",,,,"24.5",,,,"1500",,,,"Rollout, Body Slam, High Horsepower",,,"241","241"
"242","Blissey","Chansey","FALSE",,"638",,,,"0/15/3",,,,"21.5",,,,"1500",,,,"Zen Headbutt, Wild Charge*, Dazzling Gleam",,,"113;242;440","242;440"
"243","Raikou","Raikou","FALSE",,"163",,,,"3/15/14",,,,"16",,,,"1498",,,,"Thunder Shock, Wild Charge, Aura Sphere",,,"243","243"
"243","Raikou (Shadow)","Raikou","TRUE",,"268",,,,"3/15/14",,,,"16",,,,"1489",,,,"Thunder Shock, Wild Charge, Aura Sphere",,,"243","243"
"244","Entei","Entei","FALSE",,"855",,,,"1/15/15",,,,"16",,,,"1500",,,,"Fire Fang, Flame Charge, Scorching Sands",,,"244","244"
"244","Entei (Shadow)","Entei","TRUE",,"860",,,,"1/15/15",,,,"16",,,,"1484",,,,"Fire Fang, Flame Charge, Scorching Sands",,,"244","244"
"245","Suicune","Suicune","FALSE",,"423",,,,"1/15/14",,,,"19",,,,"1489",,,,"Ice Fang, Bubble Beam, Scald",,,"245","245"
"245","Suicune (Shadow)","Suicune","TRUE",,"464",,,,"1/15/14",,,,"19",,,,"1478",,,,"Ice Fang, Bubble Beam, Scald",,,"245","245"
"247","Pupitar","Larvitar","FALSE",,"815",,,,"0/14/14",,,,"35.5",,,,"1498",,,,"Bite, Ancient Power, Dig",,,"246;247;248","247;248"
"247","Pupitar (Shadow)","Larvitar","TRUE",,"797",,,,"0/14/14",,,,"35.5",,,,"1498",,,,"Bite, Ancient Power, Dig",,,"246;247;248","247;248"
"249","Lugia","Lugia","FALSE",,"245",,,,"4/14/15",,,,"15",,,,"1497",,,,"Dragon Tail, Earth Power, Aeroblast*",,,"249","249"
"249","Lugia (Shadow)","Lugia","TRUE",,"258",,,,"0/11/11",,,,"15.5",,,,"1492",,,,"Dragon Tail, Fly, Earth Power",,,"249","249"
"250","Ho-Oh","Ho-oh","FALSE",,"707",,,,"1/11/15",,,,"14.5",,,,"1491",,,,"Incinerate, Brave Bird, Sacred Fire*",,,"250","250"
"250","Ho-Oh (Shadow)","Ho-oh","TRUE",,"784",,,,"0/13/15",,,,"14.5",,,,"1482",,,,"Incinerate, Brave Bird, Sacred Fire*",,,"250","250"
"251","Celebi","Celebi","FALSE",,"439",,,,"10/15/13",,,,"16.5",,,,"1498",,,,"Confusion, Aura Sphere, Leaf Storm",,,"251","251"
"253","Grovyle","Treecko","FALSE",,"501",,,,"0/15/14",,,,"38.5",,,,"1498",,,,"Quick Attack, Leaf Blade, Aerial Ace",,,"252;253;254","253;254"
"253","Grovyle (Shadow)","Treecko","TRUE",,"562",,,,"0/15/14",,,,"38.5",,,,"1498",,,,"Bullet Seed, Leaf Blade, Aerial Ace",,,"252;253;254","253;254"
"254","Sceptile","Treecko","FALSE",,"297",,,,"0/12/15",,,,"20.5",,,,"1498",,,,"Fury Cutter, Leaf Blade, Breaking Swipe",,,"252;253;254","254"
"254","Sceptile (Shadow)","Treecko","TRUE",,"237",,,,"0/12/15",,,,"20.5",,,,"1498",,,,"Fury Cutter, Leaf Blade, Breaking Swipe",,,"252;253;254","254"
"256","Combusken","Torchic","FALSE",,"636",,,,"0/15/14",,,,"39.5",,,,"1499",,,,"Ember, Rock Slide, Flame Charge",,,"255;256;257","256;257"
"256","Combusken (Shadow)","Torchic","TRUE",,"589",,,,"0/15/14",,,,"39.5",,,,"1499",,,,"Ember, Rock Slide, Flame Charge",,,"255;256;257","256;257"
"257","Blaziken","Torchic","FALSE",,"381",,,,"1/15/14",,,,"19.5",,,,"1497",,,,"Ember, Aura Sphere, Blast Burn*",,,"255;256;257","257"
"257","Blaziken (Shadow)","Torchic","TRUE",,"330",,,,"1/15/14",,,,"19.5",,,,"1497",,,,"Ember, Aura Sphere, Blaze Kick",,,"255;256;257","257"
"259","Marshtomp","Mudkip","FALSE",,"496",,,,"0/14/15",,,,"35",,,,"1499",,,,"Mud Shot, Surf, Sludge",,,"258;259;260","259;260"
"259","Marshtomp (Shadow)","Mudkip","TRUE",,"469",,,,"0/14/15",,,,"35",,,,"1500",,,,"Mud Shot, Surf, Sludge",,,"258;259;260","259;260"
"260","Swampert","Mudkip","FALSE",,"275",,,,"0/14/14",,,,"19",,,,"1499",,,,"Mud Shot, Hydro Cannon*, Earthquake",,,"258;259;260","260"
"260","Swampert (Shadow)","Mudkip","TRUE",,"262",,,,"0/14/14",,,,"19",,,,"1499",,,,"Mud Shot, Hydro Cannon*, Earthquake",,,"258;259;260","260"
"264","Linoone","Zigzagoon","FALSE",,"104",,,,"0/15/14",,,,"40",,,,"1497",,,,"Shadow Claw, Swift, Grass Knot",,,"263;264;862","264;862"
"267","Beautifly","Wurmple","FALSE",,"601",,,,"0/15/15",,,,"34",,,,"1497",,,,"Infestation, Air Cutter, Silver Wind",,,"265;266;267","267"
"269","Dustox","Cascoon","FALSE",,"625",,,,"15/15/14",,,,"50",,,,"1384",,,,"Confusion, Silver Wind, Sludge Bomb",,,"265;268;269","269"
"271","Lombre","Lotad","FALSE",,"850",,,,"15/15/14",,,,"50",,,,"1353",,,,"Bubble, Scald, Grass Knot",,,"270;271;272","271;272"
"272","Ludicolo","Lotad","FALSE",,"146",,,,"0/15/15",,,,"24.5",,,,"1500",,,,"Astonish, Weather Ball (Water), Energy Ball",,,"270;271;272","272"
"277","Swellow","Taillow","FALSE",,"472",,,,"0/15/15",,,,"29.5",,,,"1499",,,,"Wing Attack, Brave Bird, Aerial Ace",,,"276;277","277"
"277","Swellow (Shadow)","Taillow","TRUE",,"733",,,,"0/15/15",,,,"29.5",,,,"1499",,,,"Wing Attack, Brave Bird, Sky Attack",,,"276;277","277"
"279","Pelipper","Wingull","FALSE",,"86",,,,"0/12/15",,,,"27",,,,"1500",,,,"Wing Attack, Weather Ball (Water), Hurricane",,,"278;279","279"
"284","Masquerain","Surskit","FALSE",,"516",,,,"0/15/14",,,,"25",,,,"1497",,,,"Infestation, Air Cutter, Lunge",,,"283;284","284"
"286","Breloom","Shroomish","FALSE",,"795",,,,"2/15/15",,,,"21",,,,"1500",,,,"Force Palm, Dynamic Punch, Grass Knot*",,,"285;286","286"
"288","Vigoroth","Slakoth","FALSE",,"41",,,,"1/15/15",,,,"29",,,,"1497",,,,"Scratch, Body Slam, Bulldoze",,,"287;288;289","288;289"
"288","Vigoroth (Shadow)","Slakoth","TRUE",,"62",,,,"1/15/15",,,,"29",,,,"1497",,,,"Scratch, Brick Break, Rock Slide",,,"287;288;289","288;289"
"289","Slaking","Slakoth","FALSE",,"940",,,,"0/14/15",,,,"12.5",,,,"1499",,,,"Yawn, Body Slam*, Earthquake",,,"287;288;289","289"
"289","Slaking (Shadow)","Slakoth","TRUE",,"941",,,,"0/14/15",,,,"12.5",,,,"1499",,,,"Yawn, Body Slam*, Earthquake",,,"287;288;289","289"
"291","Ninjask","Nincada","FALSE",,"646",,,,"0/12/15",,,,"29",,,,"1499",,,,"Fury Cutter, Shadow Ball, Aerial Ace",,,"290;291","291"
"294","Loudred","Whismur","FALSE",,"587",,,,"15/15/15",,,,"50",,,,"1500",,,,"Bite, Disarming Voice, Stomp",,,"293;294;295","294;295"
"294","Loudred (Shadow)","Whismur","TRUE",,"681",,,,"15/15/15",,,,"50",,,,"1500",,,,"Bite, Stomp, Disarming Voice",,,"293;294;295","294;295"
"295","Exploud","Whismur","FALSE",,"634",,,,"0/15/10",,,,"24.5",,,,"1500",,,,"Astonish, Crunch, Disarming Voice",,,"293;294;295","295"
"295","Exploud (Shadow)","Whismur","TRUE",,"670",,,,"0/15/10",,,,"24.5",,,,"1500",,,,"Astonish, Crunch, Disarming Voice",,,"293;294;295","295"
"297","Hariyama","Makuhita","FALSE",,"441",,,,"0/14/13",,,,"20",,,,"1496",,,,"Force Palm, Upper Hand, Heavy Slam",,,"296;297","297"
"297","Hariyama (Shadow)","Makuhita","TRUE",,"411",,,,"0/14/13",,,,"20",,,,"1496",,,,"Force Palm, Upper Hand, Heavy Slam",,,"296;297","297"
"299","Nosepass","Nosepass","FALSE",,"833",,,,"15/15/15",,,,"50",,,,"1123",,,,"Rock Throw, Rock Slide, Rock Blast",,,"299;476","299;476"
"299","Nosepass (Shadow)","Nosepass","TRUE",,"870",,,,"15/15/15",,,,"50",,,,"1123",,,,"Rock Throw, Rock Slide, Rock Blast",,,"299;476","299;476"
"301","Delcatty","Skitty","FALSE",,"617",,,,"0/15/15",,,,"49",,,,"1496",,,,"Charm, Wild Charge, Disarming Voice",,,"300;301","301"
"308","Medicham","Meditite","FALSE",,"51",,,,"5/15/14",,,,"50",,,,"1500",,,,"Psycho Cut, Ice Punch, Dynamic Punch",,,"307;308","308"
"310","Manectric","Electrike","FALSE",,"560",,,,"0/15/15",,,,"24",,,,"1498",,,,"Thunder Fang, Psychic Fangs, Wild Charge",,,"309;310","310"
"310","Manectric (Shadow)","Electrike","TRUE",,"763",,,,"0/15/15",,,,"24",,,,"1498",,,,"Snarl, Wild Charge, Psychic Fangs",,,"309;310","310"
"311","Plusle","Plusle","FALSE",,"826",,,,"0/15/14",,,,"34.5",,,,"1498",,,,"Quick Attack, Thunderbolt, Grass Knot",,,"311","311"
"312","Minun","Minun","FALSE",,"660",,,,"0/15/14",,,,"38.5",,,,"1496",,,,"Quick Attack, Thunderbolt, Grass Knot",,,"312","312"
"313","Volbeat","Volbeat","FALSE",,"105",,,,"0/15/15",,,,"35.5",,,,"1500",,,,"Infestation, Lunge, Thunderbolt",,,"313","313"
"314","Illumise","Illumise","FALSE",,"272",,,,"0/15/15",,,,"35.5",,,,"1500",,,,"Infestation, Silver Wind, Shadow Ball",,,"314","314"
"315","Roselia","Roselia","FALSE",,"905",,,,"0/13/15",,,,"31",,,,"1497",,,,"Poison Jab, Sludge Bomb, Dazzling Gleam",,,"315;406;407","315;406;407"
"317","Swalot","Gulpin","FALSE",,"52",,,,"0/15/13",,,,"29.5",,,,"1498",,,,"Infestation, Sludge, Ice Beam",,,"316;317","317"
"320","Wailmer","Wailmer","FALSE",,"255",,,,"0/15/15",,,,"50",,,,"1499",,,,"Rollout, Scald, Body Slam",,,"320;321","320;321"
"320","Wailmer (Shadow)","Wailmer","TRUE",,"363",,,,"0/15/15",,,,"50",,,,"1499",,,,"Rollout, Scald, Body Slam",,,"320;321","320;321"
"321","Wailord","Wailmer","FALSE",,"323",,,,"0/15/14",,,,"25",,,,"1497",,,,"Rollout, Surf, Return<sup>†</sup>",,,"320;321","321"
"321","Wailord (Shadow)","Wailmer","TRUE",,"459",,,,"0/15/14",,,,"25",,,,"1497",,,,"Rollout, Surf, Hyper Beam",,,"320;321","321"
"323","Camerupt","Numel","FALSE",,"473",,,,"0/14/13",,,,"26",,,,"1499",,,,"Incinerate, Earth Power, Rock Tomb",,,"322;323","323"
"323","Camerupt (Shadow)","Numel","TRUE",,"486",,,,"0/14/13",,,,"26",,,,"1499",,,,"Incinerate, Earth Power, Rock Tomb",,,"322;323","323"
"324","Torkoal","Torkoal","FALSE",,"287",,,,"0/15/15",,,,"27.5",,,,"1499",,,,"Ember, Flame Wheel, Overheat",,,"324","324"
"325","Spoink","Spoink","FALSE",,"935",,,,"15/15/15",,,,"49.5",,,,"1499",,,,"Zen Headbutt, Mirror Coat, Shadow Ball",,,"325;326","325;326"
"325","Spoink (Shadow)","Spoink","TRUE",,"938",,,,"15/15/15",,,,"49.5",,,,"1499",,,,"Zen Headbutt, Mirror Coat, Shadow Ball",,,"325;326","325;326"
"326","Grumpig","Spoink","FALSE",,"17",,,,"1/14/15",,,,"24",,,,"1497",,,,"Psywave, Dynamic Punch, Shadow Ball",,,"325;326","326"
"326","Grumpig (Shadow)","Spoink","TRUE",,"75",,,,"1/14/15",,,,"24",,,,"1497",,,,"Psywave, Dynamic Punch, Mirror Coat",,,"325;326","326"
"327","Spinda","Spinda","FALSE",,"142",,,,"15/15/14",,,,"50",,,,"1380",,,,"Sucker Punch, Rock Tomb, Icy Wind",,,"327","327"
"328","Trapinch","Trapinch","FALSE",,"819",,,,"15/15/15",,,,"50",,,,"1441",,,,"Sand Attack, Sand Tomb, Crunch",,,"328;329;330","328;329;330"
"328","Trapinch (Shadow)","Trapinch","TRUE",,"831",,,,"15/15/15",,,,"50",,,,"1441",,,,"Sand Attack, Sand Tomb, Crunch",,,"328;329;330","328;329;330"
"329","Vibrava","Trapinch","FALSE",,"518",,,,"15/15/15",,,,"50",,,,"1384",,,,"Dragon Breath, Sand Tomb, Bulldoze",,,"328;329;330","329;330"
"329","Vibrava (Shadow)","Trapinch","TRUE",,"556",,,,"15/15/15",,,,"50",,,,"1384",,,,"Dragon Breath, Sand Tomb, Bulldoze",,,"328;329;330","329;330"
"330","Flygon","Trapinch","FALSE",,"263",,,,"0/15/9",,,,"21.5",,,,"1500",,,,"Dragon Tail, Sand Tomb, Twister",,,"328;329;330","330"
"330","Flygon (Shadow)","Trapinch","TRUE",,"344",,,,"0/15/9",,,,"21.5",,,,"1500",,,,"Dragon Tail, Sand Tomb, Twister",,,"328;329;330","330"
"334","Altaria","Swablu","FALSE",,"66",,,,"0/14/15",,,,"29",,,,"1499",,,,"Dragon Breath, Moonblast*, Flamethrower",,,"333;334","334"
"334","Altaria (Shadow)","Swablu","TRUE",,"83",,,,"0/14/15",,,,"29",,,,"1499",,,,"Dragon Breath, Moonblast*, Flamethrower",,,"333;334","334"
"335","Zangoose","Zangoose","FALSE",,"399",,,,"0/15/10",,,,"23.5",,,,"1500",,,,"Fury Cutter, Close Combat, Night Slash",,,"335","335"
"336","Seviper","Seviper","FALSE",,"551",,,,"0/15/12",,,,"27",,,,"1496",,,,"Poison Jab, Poison Fang, Wrap",,,"336","336"
"337","Lunatone","Lunatone","FALSE",,"58",,,,"0/15/14",,,,"24.5",,,,"1496",,,,"Psywave, Weather Ball (Ice), Rock Slide",,,"337","337"
"338","Solrock","Solrock","FALSE",,"129",,,,"0/15/14",,,,"24.5",,,,"1496",,,,"Psywave, Weather Ball (Fire), Rock Slide",,,"338","338"
"340","Whiscash","Barboach","FALSE",,"490",,,,"0/14/13",,,,"28",,,,"1495",,,,"Mud Shot, Mud Bomb, Scald",,,"339;340","340"
"340","Whiscash (Shadow)","Barboach","TRUE",,"475",,,,"0/14/13",,,,"28",,,,"1495",,,,"Mud Shot, Mud Bomb, Scald",,,"339;340","340"
"341","Corphish","Corphish","FALSE",,"879",,,,"15/15/15",,,,"50",,,,"1391",,,,"Bubble, Aqua Jet, Vise Grip",,,"341;342","341;342"
"341","Corphish (Shadow)","Corphish","TRUE",,"843",,,,"15/15/15",,,,"50",,,,"1391",,,,"Bubble, Aqua Jet, Vise Grip",,,"341;342","341;342"
"344","Claydol","Baltoy","FALSE",,"314",,,,"0/14/15",,,,"29.5",,,,"1500",,,,"Mud Slap, Rock Tomb, Shadow Ball",,,"343;344","344"
"344","Claydol (Shadow)","Baltoy","TRUE",,"343",,,,"0/14/15",,,,"29.5",,,,"1500",,,,"Mud Slap, Rock Tomb, Shadow Ball",,,"343;344","344"
"345","Lileep","Lileep","FALSE",,"97",,,,"15/15/15",,,,"50",,,,"1460",,,,"Acid, Grass Knot, Ancient Power",,,"345;346","345;346"
"345","Lileep (Shadow)","Lileep","TRUE",,"148",,,,"15/15/15",,,,"50",,,,"1460",,,,"Acid, Grass Knot, Ancient Power",,,"345;346","345;346"
"346","Cradily","Lileep","FALSE",,"12",,,,"0/15/15",,,,"26",,,,"1497",,,,"Acid, Rock Tomb, Grass Knot",,,"345;346","346"
"346","Cradily (Shadow)","Lileep","TRUE",,"56",,,,"0/15/15",,,,"26",,,,"1497",,,,"Acid, Rock Tomb, Grass Knot",,,"345;346","346"
"347","Anorith","Anorith","FALSE",,"669",,,,"0/15/15",,,,"45",,,,"1499",,,,"Scratch, Aqua Jet, Ancient Power",,,"347;348","347;348"
"347","Anorith (Shadow)","Anorith","TRUE",,"570",,,,"0/15/15",,,,"45",,,,"1499",,,,"Scratch, Aqua Jet, Ancient Power",,,"347;348","347;348"
"348","Armaldo","Anorith","FALSE",,"503",,,,"0/9/15",,,,"20",,,,"1500",,,,"Fury Cutter, Rock Blast, Liquidation",,,"347;348","348"
"348","Armaldo (Shadow)","Anorith","TRUE",,"396",,,,"0/9/15",,,,"20",,,,"1500",,,,"Fury Cutter, Rock Blast, Liquidation",,,"347;348","348"
"350","Milotic","Feebas","FALSE",,"171",,,,"0/15/11",,,,"19",,,,"1498",,,,"Waterfall, Aqua Tail, Wrap",,,"349;350","350"
"350","Milotic (Shadow)","Feebas","TRUE",,"188",,,,"0/15/11",,,,"19",,,,"1498",,,,"Waterfall, Aqua Tail, Wrap",,,"349;350","350"
"352","Kecleon","Kecleon","FALSE",,"99",,,,"0/15/15",,,,"28",,,,"1499",,,,"Sucker Punch, Thunder Punch, Dynamic Punch",,,"352","352"
"354","Banette","Shuppet","FALSE",,"697",,,,"0/14/15",,,,"24.5",,,,"1497",,,,"Shadow Claw, Shadow Ball, Dazzling Gleam",,,"353;354","354"
"354","Banette (Shadow)","Shuppet","TRUE",,"740",,,,"0/14/15",,,,"24.5",,,,"1499",,,,"Shadow Claw, Shadow Ball, Dazzling Gleam",,,"353;354","354"
"356","Dusclops","Duskull","FALSE",,"4",,,,"0/11/15",,,,"45",,,,"1497",,,,"Hex, Ice Punch, Shadow Punch",,,"355;356;477","356;477"
"356","Dusclops (Shadow)","Duskull","TRUE",,"11",,,,"0/11/15",,,,"45",,,,"1497",,,,"Hex, Ice Punch, Shadow Punch",,,"355;356;477","356;477"
"357","Tropius","Tropius","FALSE",,"322",,,,"0/15/15",,,,"30",,,,"1498",,,,"Air Slash, Leaf Blade, Brutal Swing",,,"357","357"
"358","Chimecho","Chimecho","FALSE",,"342",,,,"0/14/12",,,,"25.5",,,,"1500",,,,"Astonish, Psyshock, Energy Ball",,,"358;433","358;433"
"362","Glalie","Snorunt","FALSE",,"130",,,,"0/13/13",,,,"27.5",,,,"1499",,,,"Rollout, Avalanche, Shadow Ball",,,"361;362","362"
"362","Glalie (Shadow)","Snorunt","TRUE",,"326",,,,"0/13/13",,,,"27.5",,,,"1499",,,,"Rollout, Avalanche, Shadow Ball",,,"361;362","362"
"364","Sealeo","Spheal","FALSE",,"72",,,,"0/15/14",,,,"38",,,,"1500",,,,"Powder Snow, Surf, Body Slam",,,"363;364;365","364;365"
"364","Sealeo (Shadow)","Spheal","TRUE",,"92",,,,"0/15/14",,,,"38",,,,"1500",,,,"Powder Snow, Surf, Body Slam",,,"363;364;365","364;365"
"365","Walrein","Spheal","FALSE",,"35",,,,"0/12/15",,,,"21",,,,"1500",,,,"Powder Snow*, Icicle Spear*, Earthquake",,,"363;364;365","365"
"365","Walrein (Shadow)","Spheal","TRUE",,"60",,,,"0/12/15",,,,"21",,,,"1500",,,,"Powder Snow*, Icicle Spear*, Earthquake",,,"363;364;365","365"
"366","Clamperl","Clamperl","FALSE",,"876",,,,"15/15/14",,,,"50",,,,"1436",,,,"Water Gun, Water Pulse, Body Slam",,,"366;367","366;367"
"367","Huntail","Clamperl","FALSE",,"502",,,,"1/15/15",,,,"24",,,,"1497",,,,"Bite, Aqua Tail, Crunch",,,"366;367","367"
"368","Gorebyss","Gorebyss","FALSE",,"877",,,,"0/15/15",,,,"22.5",,,,"1499",,,,"Confusion, Water Pulse, Draining Kiss",,,"366;368","368"
"369","Relicanth","Relicanth","FALSE",,"504",,,,"1/15/15",,,,"22.5",,,,"1499",,,,"Water Gun, Aqua Tail, Ancient Power",,,"369","369"
"372","Shelgon","Bagon","FALSE",,"9",,,,"1/15/14",,,,"28",,,,"1498",,,,"Dragon Breath, Twister, Flamethrower",,,"371;372;373","372;373"
"372","Shelgon (Shadow)","Bagon","TRUE",,"22",,,,"1/15/14",,,,"28",,,,"1498",,,,"Dragon Breath, Twister, Flamethrower",,,"371;372;373","372;373"
"373","Salamence","Bagon","FALSE",,"261",,,,"0/10/14",,,,"15",,,,"1497",,,,"Dragon Tail, Fly, Brutal Swing",,,"371;372;373","373"
"373","Salamence (Shadow)","Bagon","TRUE",,"141",,,,"0/10/14",,,,"15",,,,"1497",,,,"Dragon Tail, Fly, Brutal Swing",,,"371;372;373","373"
"377","Regirock","Regirock","FALSE",,"124",,,,"2/15/15",,,,"18",,,,"1500",,,,"Lock On, Stone Edge, Focus Blast",,,"377","377"
"377","Regirock (Shadow)","Regirock","TRUE",,"274",,,,"0/10/12",,,,"18.5",,,,"1493",,,,"Lock On, Stone Edge, Focus Blast",,,"377","377"
"378","Regice","Regice","FALSE",,"296",,,,"2/15/15",,,,"18",,,,"1500",,,,"Lock On, Blizzard, Thunder*",,,"378","378"
"378","Regice (Shadow)","Regice","TRUE",,"520",,,,"0/10/12",,,,"18.5",,,,"1493",,,,"Lock On, Blizzard, Thunder*",,,"378","378"
"380","Latias","Latias","FALSE",,"50",,,,"1/12/14",,,,"16",,,,"1498",,,,"Dragon Breath, Aura Sphere, Mist Ball*",,,"380","380"
"380","Latias (Shadow)","Latias","TRUE",,"85",,,,"0/14/14",,,,"16",,,,"1500",,,,"Dragon Breath, Aura Sphere, Mist Ball*",,,"380","380"
"381","Latios","Latios","FALSE",,"180",,,,"1/14/15",,,,"14.5",,,,"1497",,,,"Dragon Breath, Aura Sphere, Luster Purge*",,,"381","381"
"381","Latios (Shadow)","Latios","TRUE",,"192",,,,"0/15/15",,,,"14.5",,,,"1488",,,,"Dragon Breath, Aura Sphere, Luster Purge*",,,"381","381"
"382","Kyogre (Shadow)","Kyogre","TRUE",,"821",,,,"0/15/13",,,,"13.5",,,,"1478",,,,"Waterfall, Avalanche, Surf",,,"382","382"
"383","Groudon (Shadow)","Groudon","TRUE",,"830",,,,"0/15/13",,,,"13.5",,,,"1478",,,,"Mud Shot, Precipice Blades*, Fire Punch*",,,"383","383"
"384","Rayquaza","Rayquaza","FALSE",,"302",,,,"1/14/12",,,,"14.5",,,,"1500",,,,"Dragon Tail, Breaking Swipe*, Dragon Ascent*",,,"384","384"
"386","Deoxys (Defense)","Deoxys","FALSE",,"37",,,,"0/15/15",,,,"25.5",,,,"1491",,,,"Low Kick, Psycho Boost, Thunderbolt",,,"386","386"
"386","Deoxys (Speed)","Deoxys","FALSE",,"893",,,,"0/14/14",,,,"19.5",,,,"1499",,,,"Charge Beam, Psycho Boost, Swift",,,"386","386"
"387","Turtwig","Turtwig","FALSE",,"913",,,,"15/15/15",,,,"50",,,,"1342",,,,"Tackle, Energy Ball, Body Slam",,,"387;388;389","387;388;389"
"387","Turtwig (Shadow)","Turtwig","TRUE",,"920",,,,"15/15/15",,,,"50",,,,"1342",,,,"Tackle, Energy Ball, Body Slam",,,"387;388;389","387;388;389"
"388","Grotle","Turtwig","FALSE",,"479",,,,"0/15/11",,,,"31.5",,,,"1500",,,,"Bite, Body Slam, Energy Ball",,,"387;388;389","388;389"
"388","Grotle (Shadow)","Turtwig","TRUE",,"484",,,,"0/15/11",,,,"31.5",,,,"1500",,,,"Bite, Energy Ball, Body Slam",,,"387;388;389","388;389"
"389","Torterra","Turtwig","FALSE",,"552",,,,"0/11/13",,,,"19.5",,,,"1498",,,,"Mud Slap, Frenzy Plant*, Sand Tomb",,,"387;388;389","389"
"389","Torterra (Shadow)","Turtwig","TRUE",,"647",,,,"0/11/13",,,,"19.5",,,,"1498",,,,"Mud Slap, Frenzy Plant*, Sand Tomb",,,"387;388;389","389"
"391","Monferno","Chimchar","FALSE",,"688",,,,"0/15/14",,,,"43.5",,,,"1499",,,,"Ember, Flame Wheel, Low Sweep",,,"390;391;392","391;392"
"391","Monferno (Shadow)","Chimchar","TRUE",,"640",,,,"0/15/14",,,,"43.5",,,,"1499",,,,"Ember, Flame Wheel, Low Sweep",,,"390;391;392","391;392"
"392","Infernape","Chimchar","FALSE",,"856",,,,"0/13/15",,,,"21",,,,"1495",,,,"Fire Spin, Close Combat, Blast Burn*",,,"390;391;392","392"
"392","Infernape (Shadow)","Chimchar","TRUE",,"872",,,,"0/13/15",,,,"21",,,,"1495",,,,"Fire Spin, Close Combat, Blast Burn*",,,"390;391;392","392"
"393","Piplup","Piplup","FALSE",,"892",,,,"15/15/14",,,,"50",,,,"1215",,,,"Bubble, Drill Peck, Icy Wind",,,"393;394;395","393;394;395"
"393","Piplup (Shadow)","Piplup","TRUE",,"904",,,,"15/15/14",,,,"50",,,,"1215",,,,"Bubble, Drill Peck, Icy Wind",,,"393;394;395","393;394;395"
"394","Prinplup","Piplup","FALSE",,"731",,,,"0/15/14",,,,"38",,,,"1498",,,,"Bubble, Icy Wind, Bubble Beam",,,"393;394;395","394;395"
"394","Prinplup (Shadow)","Piplup","TRUE",,"791",,,,"0/15/14",,,,"38",,,,"1498",,,,"Bubble, Icy Wind, Bubble Beam",,,"393;394;395","394;395"
"397","Staravia","Starly","FALSE",,"388",,,,"15/15/15",,,,"50",,,,"1468",,,,"Wing Attack, Brave Bird, Fly",,,"396;397;398","397;398"
"397","Staravia (Shadow)","Starly","TRUE",,"435",,,,"15/15/15",,,,"50",,,,"1468",,,,"Wing Attack, Brave Bird, Fly",,,"396;397;398","397;398"
"398","Staraptor","Starly","FALSE",,"517",,,,"0/13/13",,,,"20",,,,"1496",,,,"Wing Attack, Fly, Close Combat",,,"396;397;398","398"
"398","Staraptor (Shadow)","Starly","TRUE",,"458",,,,"0/13/13",,,,"20",,,,"1496",,,,"Wing Attack, Fly, Close Combat",,,"396;397;398","398"
"400","Bibarel","Bidoof","FALSE",,"438",,,,"0/14/13",,,,"33.5",,,,"1498",,,,"Take Down, Surf, Hyper Fang",,,"399;400","400"
"400","Bibarel (Shadow)","Bidoof","TRUE",,"482",,,,"0/14/13",,,,"33.5",,,,"1498",,,,"Take Down, Surf, Hyper Fang",,,"399;400","400"
"402","Kricketune","Kricketot","FALSE",,"377",,,,"0/15/15",,,,"39.5",,,,"1497",,,,"Fury Cutter, X-Scissor, Aerial Ace",,,"401;402","402"
"404","Luxio","Shinx","FALSE",,"720",,,,"0/15/15",,,,"48",,,,"1499",,,,"Bite, Wild Charge, Crunch",,,"403;404;405","404;405"
"404","Luxio (Shadow)","Shinx","TRUE",,"729",,,,"0/15/15",,,,"48",,,,"1499",,,,"Bite, Wild Charge, Crunch",,,"403;404;405","404;405"
"405","Luxray","Shinx","FALSE",,"643",,,,"0/15/12",,,,"19.5",,,,"1500",,,,"Spark, Wild Charge, Psychic Fangs*",,,"403;404;405","405"
"405","Luxray (Shadow)","Shinx","TRUE",,"657",,,,"0/15/12",,,,"19.5",,,,"1500",,,,"Spark, Wild Charge, Psychic Fangs*",,,"403;404;405","405"
"407","Roserade","Roselia","FALSE",,"474",,,,"0/11/14",,,,"19",,,,"1499",,,,"Poison Sting, Weather Ball (Fire)*, Leaf Storm",,,"315;406;407","406;407"
"408","Cranidos","Cranidos","FALSE",,"929",,,,"1/15/14",,,,"31.5",,,,"1500",,,,"Take Down, Rock Tomb, Ancient Power",,,"408;409","408;409"
"408","Cranidos (Shadow)","Cranidos","TRUE",,"903",,,,"1/15/14",,,,"31.5",,,,"1500",,,,"Take Down, Rock Tomb, Ancient Power",,,"408;409","408;409"
"409","Rampardos","Cranidos","FALSE",,"894",,,,"1/14/8",,,,"17",,,,"1496",,,,"Smack Down, Rock Slide, Flamethrower",,,"408;409","409"
"409","Rampardos (Shadow)","Cranidos","TRUE",,"788",,,,"1/14/8",,,,"17",,,,"1496",,,,"Smack Down, Rock Slide, Flamethrower",,,"408;409","409"
"413","Wormadam (Plant)","Burmy","FALSE",,"371",,,,"0/15/14",,,,"35.5",,,,"1499",,,,"Sucker Punch, Energy Ball, Bug Buzz",,,"412;413","413"
"413","Wormadam (Sandy)","Burmy","FALSE",,"387",,,,"0/15/14",,,,"35.5",,,,"1499",,,,"Sucker Punch, Bulldoze, Bug Buzz",,,"412;413","413"
"414","Mothim","Mothim","FALSE",,"844",,,,"0/15/15",,,,"32.5",,,,"1500",,,,"Bug Bite, Aerial Ace, Bug Buzz",,,"412;414","414"
"416","Vespiquen","Combee","FALSE",,"162",,,,"0/14/13",,,,"29",,,,"1499",,,,"Fury Cutter, X-Scissor, Power Gem",,,"415;416","416"
"417","Pachirisu","Pachirisu","FALSE",,"64",,,,"15/15/14",,,,"50",,,,"1372",,,,"Volt Switch, Thunderbolt, Thunder Punch",,,"417","417"
"419","Floatzel","Buizel","FALSE",,"630",,,,"0/15/13",,,,"23",,,,"1500",,,,"Waterfall, Aqua Jet, Swift",,,"418;419","419"
"421","Cherrim (Overcast)","Cherubi","FALSE",,"895",,,,"0/13/15",,,,"28",,,,"1500",,,,"Bullet Seed, Dazzling Gleam, Solar Beam",,,"420;421","421"
"421","Cherrim (Sunshine)","Cherubi","FALSE",,"699",,,,"0/13/15",,,,"28",,,,"1500",,,,"Bullet Seed, Weather Ball (Fire), Solar Beam",,,"420;421","421"
"422","Shellos","Shellos","FALSE",,"768",,,,"15/15/15",,,,"50",,,,"1284",,,,"Mud Slap, Water Pulse, Body Slam",,,"422;423","422;423"
"423","Gastrodon","Shellos","FALSE",,"337",,,,"1/15/14",,,,"24.5",,,,"1495",,,,"Mud Slap, Body Slam, Earth Power",,,"422;423","423"
"424","Ambipom","Aipom","FALSE",,"719",,,,"0/13/14",,,,"23.5",,,,"1500",,,,"Scratch, Aerial Ace, Return<sup>†</sup>",,,"190;424","424"
"424","Ambipom (Shadow)","Aipom","TRUE",,"603",,,,"0/13/14",,,,"23.5",,,,"1500",,,,"Scratch, Aerial Ace, Low Sweep",,,"190;424","424"
"425","Drifloon","Drifloon","FALSE",,"461",,,,"15/15/15",,,,"50",,,,"1353",,,,"Hex, Shadow Ball, Icy Wind",,,"425;426","425;426"
"425","Drifloon (Shadow)","Drifloon","TRUE",,"419",,,,"15/15/15",,,,"50",,,,"1353",,,,"Hex, Shadow Ball, Icy Wind",,,"425;426","425;426"
"426","Drifblim","Drifloon","FALSE",,"147",,,,"0/15/12",,,,"24",,,,"1500",,,,"Hex, Icy Wind, Shadow Ball",,,"425;426","426"
"426","Drifblim (Shadow)","Drifloon","TRUE",,"182",,,,"0/15/12",,,,"24",,,,"1500",,,,"Astonish, Icy Wind, Shadow Ball",,,"425;426","426"
"427","Buneary","Buneary","FALSE",,"648",,,,"15/15/15",,,,"50",,,,"1423",,,,"Quick Attack, Swift, Fire Punch",,,"427;428","427;428"
"428","Lopunny","Buneary","FALSE",,"126",,,,"0/15/14",,,,"28",,,,"1499",,,,"Low Kick, Thunder Punch, Triple Axel",,,"427;428","428"
"429","Mismagius","Misdreavus","FALSE",,"224",,,,"0/15/15",,,,"21.5",,,,"1493",,,,"Psywave, Shadow Ball, Mystical Fire",,,"200;429","429"
"429","Mismagius (Shadow)","Misdreavus","TRUE",,"285",,,,"0/15/15",,,,"21.5",,,,"1493",,,,"Psywave, Shadow Ball, Mystical Fire",,,"200;429","429"
"432","Purugly","Glameow","FALSE",,"497",,,,"0/12/15",,,,"29.5",,,,"1493",,,,"Scratch, Aerial Ace, Thunder",,,"431;432","432"
"432","Purugly (Shadow)","Glameow","TRUE",,"532",,,,"0/12/15",,,,"29.5",,,,"1493",,,,"Scratch, Aerial Ace, Thunder",,,"431;432","432"
"438","Bonsly","Sudowoodo","FALSE",,"662",,,,"15/15/15",,,,"50",,,,"1472",,,,"Rock Throw, Rock Tomb, Rock Slide",,,"185;438","438"
"441","Chatot","Chatot","FALSE",,"519",,,,"0/15/14",,,,"33.5",,,,"1499",,,,"Peck, Heat Wave, Sky Attack",,,"441","441"
"444","Gabite","Gible","FALSE",,"462",,,,"0/15/14",,,,"31",,,,"1499",,,,"Mud Shot, Twister, Dig",,,"443;444;445","444;445"
"444","Gabite (Shadow)","Gible","TRUE",,"437",,,,"0/15/14",,,,"31",,,,"1499",,,,"Mud Shot, Twister, Dig",,,"443;444;445","444;445"
"445","Garchomp","Gible","FALSE",,"360",,,,"0/15/14",,,,"14",,,,"1500",,,,"Dragon Tail, Twister, Sand Tomb",,,"443;444;445","445"
"445","Garchomp (Shadow)","Gible","TRUE",,"409",,,,"0/15/14",,,,"14",,,,"1500",,,,"Dragon Tail, Twister, Sand Tomb",,,"443;444;445","445"
"446","Munchlax","Snorlax","FALSE",,"214",,,,"0/14/13",,,,"32",,,,"1499",,,,"Tackle, Body Slam, Bulldoze",,,"143;446","446"
"449","Hippopotas","Hippopotas","FALSE",,"422",,,,"13/15/14",,,,"49.5",,,,"1500",,,,"Sand Attack, Rock Tomb, Dig",,,"449;450","449;450"
"449","Hippopotas (Shadow)","Hippopotas","TRUE",,"515",,,,"13/15/14",,,,"49.5",,,,"1500",,,,"Sand Attack, Rock Tomb, Dig",,,"449;450","449;450"
"450","Hippowdon","Hippopotas","FALSE",,"235",,,,"0/14/10",,,,"18.5",,,,"1500",,,,"Sand Attack, Weather Ball (Rock), Earth Power",,,"449;450","450"
"450","Hippowdon (Shadow)","Hippopotas","TRUE",,"244",,,,"0/14/10",,,,"18.5",,,,"1500",,,,"Sand Attack, Weather Ball (Rock), Earth Power",,,"449;450","450"
"451","Skorupi","Skorupi","FALSE",,"789",,,,"15/15/15",,,,"50",,,,"1141",,,,"Infestation, Aqua Tail, Cross Poison",,,"451;452","451;452"
"451","Skorupi (Shadow)","Skorupi","TRUE",,"780",,,,"15/15/15",,,,"50",,,,"1141",,,,"Infestation, Cross Poison, Aqua Tail",,,"451;452","451;452"
"454","Toxicroak","Croagunk","FALSE",,"382",,,,"1/15/15",,,,"22.5",,,,"1499",,,,"Poison Sting, Dynamic Punch, Shadow Ball",,,"453;454","454"
"454","Toxicroak (Shadow)","Croagunk","TRUE",,"346",,,,"1/15/15",,,,"22.5",,,,"1499",,,,"Poison Sting, Dynamic Punch, Shadow Ball",,,"453;454","454"
"455","Carnivine","Carnivine","FALSE",,"665",,,,"0/14/13",,,,"26.5",,,,"1499",,,,"Vine Whip, Energy Ball, Crunch",,,"455","455"
"457","Lumineon","Finneon","FALSE",,"138",,,,"0/15/12",,,,"34.5",,,,"1498",,,,"Gust, Aqua Tail, Silver Wind",,,"456;457","457"
"458","Mantyke","Mantine","FALSE",,"659",,,,"15/15/15",,,,"50",,,,"1411",,,,"Bubble, Water Pulse, Aerial Ace",,,"226;458","458"
"459","Snover","Snover","FALSE",,"622",,,,"15/15/14",,,,"50",,,,"1311",,,,"Powder Snow, Energy Ball, Ice Beam",,,"459;460","459;460"
"459","Snover (Shadow)","Snover","TRUE",,"628",,,,"15/15/14",,,,"50",,,,"1311",,,,"Powder Snow, Energy Ball, Ice Beam",,,"459;460","459;460"
"460","Abomasnow","Snover","FALSE",,"31",,,,"0/15/15",,,,"24",,,,"1495",,,,"Powder Snow, Weather Ball (Ice), Energy Ball",,,"459;460","460"
"460","Abomasnow (Shadow)","Snover","TRUE",,"27",,,,"0/15/15",,,,"24",,,,"1495",,,,"Powder Snow, Weather Ball (Ice), Energy Ball",,,"459;460","460"
"463","Lickilicky","Lickitung","FALSE",,"55",,,,"0/15/10",,,,"23.5",,,,"1499",,,,"Rollout, Body Slam*, Shadow Ball",,,"108;463","463"
"464","Rhyperior","Rhyhorn","FALSE",,"593",,,,"0/14/14",,,,"15",,,,"1500",,,,"Mud Slap, Drill Run, Rock Wrecker*",,,"111;112;464","464"
"464","Rhyperior (Shadow)","Rhyhorn","TRUE",,"534",,,,"0/14/14",,,,"15",,,,"1500",,,,"Mud Slap, Drill Run, Rock Wrecker*",,,"111;112;464","464"
"465","Tangrowth","Tangela","FALSE",,"512",,,,"1/15/14",,,,"18.5",,,,"1495",,,,"Vine Whip, Power Whip, Rock Slide",,,"114;465","465"
"465","Tangrowth (Shadow)","Tangela","TRUE",,"565",,,,"1/15/14",,,,"18.5",,,,"1495",,,,"Vine Whip, Power Whip, Rock Slide",,,"114;465","465"
"466","Electivire","Electabuzz","FALSE",,"404",,,,"1/15/15",,,,"18",,,,"1498",,,,"Thunder Shock, Ice Punch, Wild Charge",,,"125;239;466","239;466"
"466","Electivire (Shadow)","Electabuzz","TRUE",,"288",,,,"1/15/15",,,,"18",,,,"1498",,,,"Thunder Shock, Ice Punch, Wild Charge",,,"125;239;466","239;466"
"467","Magmortar","Magmar","FALSE",,"635",,,,"0/10/15",,,,"18",,,,"1498",,,,"Karate Chop, Fire Punch, Thunderbolt*",,,"126;240;467","240;467"
"467","Magmortar (Shadow)","Magmar","TRUE",,"559",,,,"0/10/15",,,,"18",,,,"1498",,,,"Karate Chop, Fire Punch, Thunderbolt*",,,"126;240;467","240;467"
"469","Yanmega","Yanma","FALSE",,"794",,,,"0/14/15",,,,"19",,,,"1500",,,,"Wing Attack, Aerial Ace, Ancient Power",,,"193;469","469"
"470","Leafeon","Leafeon","FALSE",,"499",,,,"1/15/14",,,,"19",,,,"1500",,,,"Quick Attack, Leaf Blade, Last Resort*",,,"133;470","470"
"471","Glaceon","Glaceon","FALSE",,"881",,,,"0/15/12",,,,"18",,,,"1498",,,,"Ice Shard, Avalanche, Water Pulse*",,,"133;471","471"
"472","Gliscor","Gligar","FALSE",,"119",,,,"1/15/14",,,,"21",,,,"1499",,,,"Wing Attack, Night Slash, Acrobatics",,,"207;472","472"
"472","Gliscor (Shadow)","Gligar","TRUE",,"191",,,,"1/15/14",,,,"21",,,,"1499",,,,"Wing Attack, Night Slash, Acrobatics",,,"207;472","472"
"473","Mamoswine","Swinub","FALSE",,"333",,,,"0/15/7",,,,"17",,,,"1500",,,,"Powder Snow, Icicle Spear, High Horsepower",,,"220;221;473","473"
"473","Mamoswine (Shadow)","Swinub","TRUE",,"213",,,,"0/15/7",,,,"17",,,,"1500",,,,"Powder Snow, Icicle Spear, High Horsepower",,,"220;221;473","473"
"474","Porygon-Z","Porygon","FALSE",,"923",,,,"1/15/13",,,,"17",,,,"1500",,,,"Lock On, Tri Attack*, Zap Cannon",,,"137;233;474","474"
"474","Porygon-Z (Shadow)","Porygon","TRUE",,"922",,,,"1/15/13",,,,"17",,,,"1500",,,,"Lock On, Tri Attack*, Zap Cannon",,,"137;233;474","474"
"475","Gallade","Gallade","FALSE",,"279",,,,"0/15/15",,,,"18",,,,"1499",,,,"Psycho Cut, Leaf Blade, Sacred Sword",,,"280;281;475","475"
"475","Gallade (Shadow)","Gallade","TRUE",,"265",,,,"0/15/15",,,,"18",,,,"1499",,,,"Psycho Cut, Leaf Blade, Sacred Sword",,,"280;281;475","475"
"477","Dusknoir","Duskull","FALSE",,"32",,,,"0/14/13",,,,"24",,,,"1500",,,,"Astonish, Dynamic Punch, Shadow Punch",,,"355;356;477","477"
"477","Dusknoir (Shadow)","Duskull","TRUE",,"16",,,,"0/14/13",,,,"24",,,,"1500",,,,"Astonish, Dynamic Punch, Shadow Punch",,,"355;356;477","477"
"478","Froslass","Froslass","FALSE",,"76",,,,"0/15/15",,,,"28",,,,"1499",,,,"Powder Snow, Avalanche, Shadow Ball",,,"361;478","478"
"478","Froslass (Shadow)","Froslass","TRUE",,"157",,,,"0/15/15",,,,"28",,,,"1499",,,,"Powder Snow, Avalanche, Shadow Ball",,,"361;478","478"
"479","Rotom","Rotom","FALSE",,"609",,,,,,,,,,,,"1499",,,,"Astonish, Thunderbolt, Ominous Wind",,,"479","479"
"479","Rotom (Fan)","Rotom","FALSE",,"764",,,,"0/12/15",,,,"22",,,,"1500",,,,"Astonish, Thunderbolt, Ominous Wind",,,"479","479"
"479","Rotom (Frost)","Rotom","FALSE",,"824",,,,"0/12/15",,,,"22",,,,"1500",,,,"Thunder Shock, Thunderbolt, Blizzard",,,"479","479"
"479","Rotom (Heat)","Rotom","FALSE",,"781",,,,"0/12/15",,,,"22",,,,"1500",,,,"Thunder Shock, Overheat, Thunderbolt",,,"479","479"
"479","Rotom (Mow)","Rotom","FALSE",,"701",,,,"0/12/15",,,,"22",,,,"1500",,,,"Thunder Shock, Ominous Wind, Leaf Storm",,,"479","479"
"479","Rotom (Wash)","Rotom","FALSE",,"767",,,,"0/12/15",,,,"22",,,,"1500",,,,"Thunder Shock, Thunderbolt, Hydro Pump",,,"479","479"
"480","Uxie","Uxie","FALSE",,"82",,,,"2/15/15",,,,"22.5",,,,"1497",,,,"Confusion, Swift, Thunder",,,"480","480"
"481","Mesprit","Mesprit","FALSE",,"572",,,,"1/13/12",,,,"18.5",,,,"1496",,,,"Confusion, Swift, Future Sight",,,"481","481"
"482","Azelf","Azelf","FALSE",,"772",,,,"5/15/14",,,,"17",,,,"1495",,,,"Confusion, Swift, Future Sight",,,"482","482"
"484","Palkia (Shadow)","Palkia","TRUE",,"260",,,,"0/14/12",,,,"14",,,,"1473",,,,"Dragon Breath, Aqua Tail, Draco Meteor",,,"484","484"
"486","Regigigas","Regigigas","FALSE",,"936",,,,"4/15/15",,,,"12.5",,,,"1498",,,,"Hidden Power (Rock), Crush Grip*, Thunder",,,"486","486"
"486","Regigigas (Shadow)","Regigigas","TRUE",,"934",,,,"0/8/12",,,,"13",,,,"1492",,,,"Hidden Power (Ice), Crush Grip*, Thunder",,,"486","486"
"487","Giratina (Altered) (Shadow)","Giratina","TRUE",,"13",,,,"0/11/12",,,,"17",,,,"1487",,,,"Dragon Breath, Dragon Claw, Shadow Sneak",,,"487","487"
"487","Giratina (Origin)","Giratina","FALSE",,"242",,,,"0/10/11",,,,"15.5",,,,"1500",,,,"Dragon Tail, Ominous Wind, Shadow Ball",,,"487","487"
"488","Cresselia","Cresselia","FALSE",,"6",,,,"2/15/13",,,,"20",,,,"1497",,,,"Psycho Cut, Grass Knot*, Moonblast",,,"488","488"
"488","Cresselia (Shadow)","Cresselia","TRUE",,"95",,,,"2/15/13",,,,"20",,,,"1467",,,,"Psycho Cut, Grass Knot*, Moonblast",,,"488","488"
"492","Shaymin (Land)","Shaymin","FALSE",,"741",,,,"10/15/13",,,,"16.5",,,,"1498",,,,"Magical Leaf, Grass Knot, Seed Flare*",,,"492","492"
"492","Shaymin (Sky)","Shaymin","FALSE",,"896",,,,"10/15/11",,,,"15",,,,"1500",,,,"Magical Leaf, Energy Ball, Grass Knot",,,"492","492"
"494","Victini","Victini","FALSE",,"299",,,,"10/15/13",,,,"16.5",,,,"1498",,,,"Confusion, V-Create, Psyshock",,,"494","494"
"496","Servine","Snivy","FALSE",,"164",,,,"4/15/14",,,,"50",,,,"1494",,,,"Vine Whip, Grass Knot, Wrap",,,"495;496;497","496;497"
"496","Servine (Shadow)","Snivy","TRUE",,"335",,,,"4/15/14",,,,"50",,,,"1494",,,,"Vine Whip, Grass Knot, Wrap",,,"495;496;497","496;497"
"497","Serperior","Snivy","FALSE",,"203",,,,"0/10/15",,,,"25.5",,,,"1500",,,,"Vine Whip, Frenzy Plant*, Aerial Ace",,,"495;496;497","497"
"497","Serperior (Shadow)","Snivy","TRUE",,"489",,,,"0/10/15",,,,"25.5",,,,"1500",,,,"Vine Whip, Frenzy Plant*, Leaf Tornado",,,"495;496;497","497"
"499","Pignite","Tepig","FALSE",,"653",,,,"0/15/15",,,,"29.5",,,,"1497",,,,"Ember, Rock Tomb, Flame Charge",,,"498;499;500","499;500"
"499","Pignite (Shadow)","Tepig","TRUE",,"651",,,,"0/15/15",,,,"29.5",,,,"1497",,,,"Ember, Rock Tomb, Flame Charge",,,"498;499;500","499;500"
"500","Emboar","Tepig","FALSE",,"581",,,,"0/14/9",,,,"19",,,,"1499",,,,"Ember, Blast Burn*, Rock Slide",,,"498;499;500","500"
"500","Emboar (Shadow)","Tepig","TRUE",,"558",,,,"0/14/9",,,,"19",,,,"1499",,,,"Ember, Blast Burn*, Rock Slide",,,"498;499;500","500"
"502","Dewott","Oshawott","FALSE",,"151",,,,"0/15/15",,,,"36",,,,"1496",,,,"Fury Cutter, Aqua Tail, X-Scissor",,,"501;502;503","502;503"
"502","Dewott (Shadow)","Oshawott","TRUE",,"208",,,,"0/15/15",,,,"36",,,,"1499",,,,"Fury Cutter, Aqua Tail, X-Scissor",,,"501;502;503","502;503"
"503","Samurott","Oshawott","FALSE",,"110",,,,"0/14/14",,,,"20",,,,"1500",,,,"Fury Cutter, Hydro Cannon*, Megahorn",,,"501;502;503","503"
"503","Samurott (Shadow)","Oshawott","TRUE",,"176",,,,"0/14/14",,,,"20",,,,"1500",,,,"Fury Cutter, Hydro Cannon*, Megahorn",,,"501;502;503","503"
"505","Watchog","Patrat","FALSE",,"602",,,,"0/15/15",,,,"33",,,,"1500",,,,"Low Kick, Crunch, Hyper Fang",,,"504;505","505"
"505","Watchog (Shadow)","Patrat","TRUE",,"582",,,,"0/15/15",,,,"33",,,,"1500",,,,"Low Kick, Crunch, Hyper Fang",,,"504;505","505"
"507","Herdier","Lillipup","FALSE",,"614",,,,"1/15/15",,,,"43",,,,"1497",,,,"Take Down, Thunderbolt, Dig",,,"506;507;508","507;508"
"508","Stoutland","Lillipup","FALSE",,"374",,,,"0/15/13",,,,"20",,,,"1496",,,,"Take Down, Wild Charge, Crunch",,,"506;507;508","508"
"512","Simisage","Pansage","FALSE",,"704",,,,"0/14/15",,,,"24",,,,"1496",,,,"Vine Whip, Grass Knot, Crunch",,,"511;512","512"
"514","Simisear","Pansear","FALSE",,"865",,,,"0/14/15",,,,"24",,,,"1496",,,,"Fire Spin, Crunch, Flamethrower",,,"513;514","514"
"516","Simipour","Panpour","FALSE",,"743",,,,"0/14/15",,,,"24",,,,"1496",,,,"Bite, Surf, Crunch",,,"515;516","516"
"517","Munna","Munna","FALSE",,"912",,,,"15/15/15",,,,"50",,,,"1294",,,,"Charge Beam, Psyshock, Dazzling Gleam",,,"517;518","517;518"
"518","Musharna","Munna","FALSE",,"683",,,,"0/12/15",,,,"21",,,,"1499",,,,"Charge Beam, Psyshock, Dazzling Gleam",,,"517;518","518"
"520","Tranquill","Pidove","FALSE",,"825",,,,"2/15/15",,,,"50",,,,"1500",,,,"Air Slash, Heat Wave, Aerial Ace",,,"519;520;521","520;521"
"520","Tranquill (Shadow)","Pidove","TRUE",,"863",,,,"2/15/15",,,,"50",,,,"1500",,,,"Air Slash, Heat Wave, Aerial Ace",,,"519;520;521","520;521"
"521","Unfezant","Pidove","FALSE",,"910",,,,"0/15/14",,,,"20.5",,,,"1499",,,,"Air Slash, Heat Wave, Sky Attack",,,"519;520;521","521"
"521","Unfezant (Shadow)","Pidove","TRUE",,"901",,,,"0/15/14",,,,"20.5",,,,"1499",,,,"Air Slash, Heat Wave, Sky Attack",,,"519;520;521","521"
"523","Zebstrika","Blitzle","FALSE",,"579",,,,"0/15/9",,,,"23.5",,,,"1500",,,,"Low Kick, Wild Charge, Flame Charge",,,"522;523","523"
"523","Zebstrika (Shadow)","Blitzle","TRUE",,"495",,,,"0/15/9",,,,"23.5",,,,"1500",,,,"Low Kick, Wild Charge, Discharge",,,"522;523","523"
"524","Roggenrola","Roggenrola","FALSE",,"883",,,,"15/15/15",,,,"50",,,,"1362",,,,"Smack Down, Stone Edge, Rock Blast",,,"524;525;526","524;525;526"
"524","Roggenrola (Shadow)","Roggenrola","TRUE",,"889",,,,"15/15/15",,,,"50",,,,"1362",,,,"Smack Down, Stone Edge, Rock Blast",,,"524;525;526","524;525;526"
"525","Boldore","Roggenrola","FALSE",,"807",,,,"0/15/15",,,,"28",,,,"1497",,,,"Mud Slap, Rock Slide, Bulldoze",,,"524;525;526","525;526"
"525","Boldore (Shadow)","Roggenrola","TRUE",,"867",,,,"0/15/15",,,,"28",,,,"1500",,,,"Mud Slap, Rock Slide, Bulldoze",,,"524;525;526","525;526"
"526","Gigalith","Roggenrola","FALSE",,"420",,,,"0/11/15",,,,"17.5",,,,"1499",,,,"Lock On, Superpower, Meteor Beam*",,,"524;525;526","526"
"526","Gigalith (Shadow)","Roggenrola","TRUE",,"492",,,,"0/11/15",,,,"17.5",,,,"1499",,,,"Lock On, Superpower, Meteor Beam*",,,"524;525;526","526"
"528","Swoobat","Woobat","FALSE",,"181",,,,"0/15/11",,,,"37.5",,,,"1500",,,,"Confusion, Fly, Psychic Fangs",,,"527;528","528"
"529","Drilbur","Drilbur","FALSE",,"514",,,,"10/15/15",,,,"49.5",,,,"1500",,,,"Scratch, Drill Run, Rock Tomb",,,"529;530","529;530"
"529","Drilbur (Shadow)","Drilbur","TRUE",,"408",,,,"10/15/15",,,,"49.5",,,,"1500",,,,"Scratch, Drill Run, Rock Tomb",,,"529;530","529;530"
"531","Audino","Audino","FALSE",,"238",,,,"0/15/13",,,,"41",,,,"1500",,,,"Charge Beam, Body Slam*, Disarming Voice",,,"531","531"
"532","Timburr","Timburr","FALSE",,"321",,,,"15/15/15",,,,"50",,,,"1487",,,,"Low Kick, Brick Break, Rock Tomb",,,"532;533;534","532;533;534"
"532","Timburr (Shadow)","Timburr","TRUE",,"341",,,,"15/15/15",,,,"50",,,,"1487",,,,"Low Kick, Brick Break, Rock Tomb",,,"532;533;534","532;533;534"
"533","Gurdurr","Timburr","FALSE",,"282",,,,"1/15/15",,,,"26",,,,"1499",,,,"Low Kick, Brick Break, Stone Edge",,,"532;533;534","533;534"
"533","Gurdurr (Shadow)","Timburr","TRUE",,"267",,,,"1/15/15",,,,"26",,,,"1499",,,,"Low Kick, Brick Break, Stone Edge",,,"532;533;534","533;534"
"534","Conkeldurr","Timburr","FALSE",,"331",,,,"3/15/14",,,,"16.5",,,,"1500",,,,"Force Palm, Dynamic Punch, Brutal Swing*",,,"532;533;534","534"
"534","Conkeldurr (Shadow)","Timburr","TRUE",,"336",,,,"3/15/14",,,,"16.5",,,,"1500",,,,"Force Palm, Dynamic Punch, Brutal Swing*",,,"532;533;534","534"
"536","Palpitoad","Tympole","FALSE",,"618",,,,"9/15/15",,,,"49.5",,,,"1500",,,,"Mud Shot, Earth Power, Water Pulse",,,"535;536;537","536;537"
"537","Seismitoad","Tympole","FALSE",,"362",,,,"1/15/15",,,,"22",,,,"1500",,,,"Mud Shot, Earth Power, Icy Wind",,,"535;536;537","537"
"538","Throh","Throh","FALSE",,"217",,,,"2/15/15",,,,"22",,,,"1499",,,,"Low Kick, Brick Break, Body Slam",,,"538","538"
"538","Throh (Shadow)","Throh","TRUE",,"286",,,,"2/15/15",,,,"22",,,,"1499",,,,"Low Kick, Brick Break, Body Slam",,,"538","538"
"539","Sawk","Sawk","FALSE",,"554",,,,"0/15/15",,,,"20",,,,"1499",,,,"Low Kick, Brick Break, Body Slam",,,"539","539"
"539","Sawk (Shadow)","Sawk","TRUE",,"500",,,,"0/15/15",,,,"20",,,,"1499",,,,"Low Kick, Brick Break, Body Slam",,,"539","539"
"541","Swadloon","Sewaddle","FALSE",,"416",,,,"12/15/14",,,,"49.5",,,,"1500",,,,"Bug Bite, Energy Ball, Silver Wind",,,"540;541;542","541;542"
"542","Leavanny","Sewaddle","FALSE",,"350",,,,"0/13/14",,,,"22",,,,"1497",,,,"Shadow Claw*, Leaf Blade, X-Scissor",,,"540;541;542","542"
"544","Whirlipede","Venipede","FALSE",,"832",,,,"15/15/15",,,,"50",,,,"1293",,,,"Poison Sting, Sludge Bomb, Gyro Ball",,,"543;544;545","544;545"
"544","Whirlipede (Shadow)","Venipede","TRUE",,"858",,,,"15/15/15",,,,"50",,,,"1293",,,,"Poison Sting, Sludge Bomb, Gyro Ball",,,"543;544;545","544;545"
"545","Scolipede","Venipede","FALSE",,"415",,,,"1/15/14",,,,"23",,,,"1496",,,,"Poison Sting, Aqua Tail, Megahorn",,,"543;544;545","545"
"545","Scolipede (Shadow)","Venipede","TRUE",,"493",,,,"1/15/14",,,,"23",,,,"1496",,,,"Poison Sting, Aqua Tail, X-Scissor",,,"543;544;545","545"
"549","Lilligant","Petilil","FALSE",,"930",,,,"0/15/15",,,,"22",,,,"1500",,,,"Charm, Petal Blizzard, Hyper Beam",,,"548;549","549"
"549","Lilligant (Hisuian)","Petilil","FALSE",,"796",,,,"0/15/13",,,,"22.5",,,,"1499",,,,"Bullet Seed, Upper Hand, Petal Blizzard",,,"548;549","549"
"550","Basculin","Basculin","FALSE",,"726",,,,"0/11/15",,,,"27.5",,,,"1500",,,,"Water Gun, Aqua Tail, Aqua Jet",,,"550;902","550;902"
"554","Darumaka","Darumaka","FALSE",,"737",,,,"2/15/14",,,,"50",,,,"1500",,,,"Fire Fang, Fire Punch, Flame Charge",,,"554;555","554;555"
"554","Darumaka (Galarian)","Darumaka","FALSE",,"605",,,,"2/15/14",,,,"50",,,,"1500",,,,"Ice Fang, Ice Punch, Ice Beam",,,"554;555","554;555"
"554","Darumaka (Shadow)","Darumaka","TRUE",,"736",,,,"2/15/14",,,,"50",,,,"1500",,,,"Fire Fang, Fire Punch, Flame Charge",,,"554;555","554;555"
"555","Darmanitan (Galarian)","Darumaka","FALSE",,"735",,,,"0/15/11",,,,"18",,,,"1496",,,,"Ice Fang, Avalanche, Ice Punch",,,"554;555","555"
"555","Darmanitan (Standard)","Darumaka","FALSE",,"723",,,,"0/15/11",,,,"18",,,,"1496",,,,"Incinerate, Rock Slide, Overheat",,,"554;555","555"
"555","Darmanitan (Standard) (Shadow)","Darumaka","TRUE",,"715",,,,"0/15/11",,,,"18",,,,"1496",,,,"Incinerate, Rock Slide, Overheat",,,"554;555","555"
"556","Maractus","Maractus","FALSE",,"861",,,,"0/13/14",,,,"25",,,,"1498",,,,"Bullet Seed, Aerial Ace, Petal Blizzard",,,"556","556"
"557","Dwebble","Dwebble","FALSE",,"761",,,,"15/15/15",,,,"50",,,,"1384",,,,"Smack Down, Rock Tomb, X-Scissor",,,"557;558","557;558"
"557","Dwebble (Shadow)","Dwebble","TRUE",,"762",,,,"15/15/15",,,,"50",,,,"1384",,,,"Smack Down, Rock Tomb, X-Scissor",,,"557;558","557;558"
"558","Crustle","Dwebble","FALSE",,"14",,,,"0/13/13",,,,"22.5",,,,"1499",,,,"Fury Cutter, X-Scissor, Rock Wrecker",,,"557;558","558"
"558","Crustle (Shadow)","Dwebble","TRUE",,"57",,,,"0/13/13",,,,"22.5",,,,"1499",,,,"Fury Cutter, X-Scissor, Rock Wrecker",,,"557;558","558"
"561","Sigilyph","Sigilyph","FALSE",,"884",,,,"1/15/14",,,,"22",,,,"1498",,,,"Air Slash, Air Cutter, Ancient Power",,,"561","561"
"563","Cofagrigus","Yamask","FALSE",,"42",,,,"0/11/14",,,,"25.5",,,,"1500",,,,"Shadow Claw, Shadow Ball, Energy Ball",,,"562;563","563"
"563","Cofagrigus (Shadow)","Yamask","TRUE",,"54",,,,"0/11/14",,,,"25.5",,,,"1500",,,,"Shadow Claw, Shadow Ball, Energy Ball",,,"562;563","563"
"564","Tirtouga","Tirtouga","FALSE",,"529",,,,"0/14/15",,,,"49.5",,,,"1500",,,,"Bite, Surf, Ancient Power",,,"564;565","564;565"
"564","Tirtouga (Shadow)","Tirtouga","TRUE",,"578",,,,"0/14/15",,,,"49.5",,,,"1500",,,,"Bite, Surf, Ancient Power",,,"564;565","564;565"
"565","Carracosta","Tirtouga","FALSE",,"813",,,,"1/14/15",,,,"21.5",,,,"1499",,,,"Water Gun, Liquidation, Ancient Power",,,"564;565","565"
"565","Carracosta (Shadow)","Tirtouga","TRUE",,"852",,,,"1/14/15",,,,"21.5",,,,"1499",,,,"Water Gun, Ancient Power, Liquidation",,,"564;565","565"
"566","Archen","Archen","FALSE",,"747",,,,"0/15/14",,,,"31",,,,"1500",,,,"Wing Attack, Ancient Power, Crunch",,,"566;567","566;567"
"566","Archen (Shadow)","Archen","TRUE",,"695",,,,"0/15/14",,,,"31",,,,"1500",,,,"Wing Attack, Ancient Power, Crunch",,,"566;567","566;567"
"567","Archeops","Archen","FALSE",,"756",,,,"1/15/15",,,,"16.5",,,,"1499",,,,"Wing Attack, Ancient Power, Crunch",,,"566;567","567"
"567","Archeops (Shadow)","Archen","TRUE",,"714",,,,"1/15/15",,,,"16.5",,,,"1499",,,,"Wing Attack, Ancient Power, Crunch",,,"566;567","567"
"569","Garbodor","Trubbish","FALSE",,"666",,,,"0/13/13",,,,"24.5",,,,"1498",,,,"Infestation, Body Slam, Gunk Shot",,,"568;569","569"
"569","Garbodor (Shadow)","Trubbish","TRUE",,"611",,,,"0/13/13",,,,"24.5",,,,"1498",,,,"Infestation, Body Slam, Seed Bomb",,,"568;569","569"
"571","Zoroark (Hisuian)","Zorua","FALSE",,"281",,,,"0/15/11",,,,"21.5",,,,"1499",,,,"Shadow Claw, Swift, Shadow Ball",,,"570;571","571"
"573","Cinccino","Minccino","FALSE",,"841",,,,"2/15/14",,,,"25",,,,"1498",,,,"Charm, Aqua Tail, Thunderbolt",,,"572;573","573"
"575","Gothorita","Gothita","FALSE",,"477",,,,"0/15/14",,,,"43",,,,"1498",,,,"Confusion, Future Sight, Psychic",,,"574;575;576","575;576"
"575","Gothorita (Shadow)","Gothita","TRUE",,"573",,,,"0/15/14",,,,"43",,,,"1498",,,,"Confusion, Future Sight, Psychic",,,"574;575;576","575;576"
"576","Gothitelle","Gothita","FALSE",,"454",,,,"0/15/15",,,,"23.5",,,,"1498",,,,"Confusion, Rock Slide, Future Sight",,,"574;575;576","576"
"576","Gothitelle (Shadow)","Gothita","TRUE",,"574",,,,"0/15/15",,,,"23.5",,,,"1498",,,,"Confusion, Rock Slide, Future Sight",,,"574;575;576","576"
"577","Solosis","Solosis","FALSE",,"932",,,,"9/15/15",,,,"50",,,,"1498",,,,"Hidden Power (Psychic), Psyshock, Night Shade",,,"577;578;579","577;578;579"
"577","Solosis (Shadow)","Solosis","TRUE",,"928",,,,"9/15/15",,,,"50",,,,"1498",,,,"Hidden Power (Psychic), Psyshock, Night Shade",,,"577;578;579","577;578;579"
"578","Duosion","Solosis","FALSE",,"931",,,,"0/15/13",,,,"28",,,,"1500",,,,"Hidden Power (Psychic), Psyshock, Night Shade",,,"577;578;579","578;579"
"578","Duosion (Shadow)","Solosis","TRUE",,"927",,,,"0/15/13",,,,"28",,,,"1500",,,,"Hidden Power (Psychic), Psyshock, Night Shade",,,"577;578;579","578;579"
"579","Reuniclus","Solosis","FALSE",,"915",,,,"2/15/14",,,,"19",,,,"1500",,,,"Hidden Power (Fighting), Psyshock, Shadow Ball",,,"577;578;579","579"
"579","Reuniclus (Shadow)","Solosis","TRUE",,"837",,,,"2/15/14",,,,"19",,,,"1500",,,,"Charm*, Psyshock, Shadow Ball",,,"577;578;579","579"
"581","Swanna","Ducklett","FALSE",,"209",,,,"1/15/15",,,,"27",,,,"1497",,,,"Gust, Aqua Jet, Fly",,,"580;581","581"
"581","Swanna (Shadow)","Ducklett","TRUE",,"211",,,,"1/15/15",,,,"27",,,,"1497",,,,"Gust, Aqua Jet, Fly",,,"580;581","581"
"583","Vanillish","Vanillite","FALSE",,"555",,,,"0/14/15",,,,"43",,,,"1500",,,,"Astonish, Icy Wind, Signal Beam",,,"582;583;584","583;584"
"584","Vanilluxe","Vanillite","FALSE",,"787",,,,"0/15/12",,,,"20",,,,"1500",,,,"Astonish, Avalanche*, Flash Cannon",,,"582;583;584","584"
"585","Deerling","Deerling","FALSE",,"798",,,,"15/15/14",,,,"50",,,,"1283",,,,"Take Down, Wild Charge, Energy Ball",,,"585;586","585;586"
"586","Sawsbuck","Deerling","FALSE",,"521",,,,"0/14/14",,,,"23.5",,,,"1496",,,,"Take Down, Wild Charge, Trailblaze",,,"585;586","586"
"587","Emolga","Emolga","FALSE",,"143",,,,"0/13/15",,,,"41",,,,"1498",,,,"Thunder Shock, Acrobatics, Discharge",,,"587","587"
"588","Karrablast","Karrablast","FALSE",,"637",,,,"15/15/15",,,,"50",,,,"1336",,,,"Fury Cutter, Drill Run, X-Scissor",,,"588;589","588;589"
"588","Karrablast (Shadow)","Karrablast","TRUE",,"545",,,,"15/15/15",,,,"50",,,,"1336",,,,"Fury Cutter, Drill Run, X-Scissor",,,"588;589","588;589"
"591","Amoonguss","Foongus","FALSE",,"170",,,,"0/14/15",,,,"27",,,,"1498",,,,"Astonish, Foul Play, Grass Knot",,,"590;591","591"
"591","Amoonguss (Shadow)","Foongus","TRUE",,"252",,,,"0/14/15",,,,"27",,,,"1498",,,,"Astonish, Grass Knot, Foul Play",,,"590;591","591"
"592","Frillish","Frillish","FALSE",,"221",,,,"15/15/15",,,,"50",,,,"1421",,,,"Hex, Night Shade, Ice Beam",,,"592;593","592;593"
"593","Jellicent","Frillish","FALSE",,"26",,,,"1/14/14",,,,"24.5",,,,"1499",,,,"Hex, Surf, Shadow Ball",,,"592;593","593"
"594","Alomomola","Alomomola","FALSE",,"536",,,,"0/15/11",,,,"27",,,,"1499",,,,"Waterfall, Hydro Pump, Blizzard",,,"594","594"
"596","Galvantula","Joltik","FALSE",,"372",,,,"0/15/15",,,,"25.5",,,,"1500",,,,"Volt Switch, Discharge, Lunge",,,"595;596","596"
"596","Galvantula (Shadow)","Joltik","TRUE",,"413",,,,"0/15/15",,,,"25.5",,,,"1500",,,,"Volt Switch, Discharge, Lunge",,,"595;596","596"
"603","Eelektrik","Tynamo","FALSE",,"471",,,,"0/13/15",,,,"37.5",,,,"1497",,,,"Acid, Discharge, Crunch",,,"602;603;604","603;604"
"604","Eelektross","Tynamo","FALSE",,"811",,,,"1/15/14",,,,"20.5",,,,"1500",,,,"Volt Switch*, Dragon Claw, Thunderbolt",,,"602;603;604","604"
"605","Elgyem","Elgyem","FALSE",,"774",,,,"8/15/15",,,,"50",,,,"1500",,,,"Confusion, Dark Pulse, Psychic",,,"605;606","605;606"
"606","Beheeyem","Elgyem","FALSE",,"792",,,,"0/14/13",,,,"20.5",,,,"1495",,,,"Confusion, Rock Slide, Dark Pulse",,,"605;606","606"
"608","Lampent","Litwick","FALSE",,"563",,,,"0/15/14",,,,"37",,,,"1500",,,,"Ember, Heat Wave, Energy Ball",,,"607;608;609","608;609"
"608","Lampent (Shadow)","Litwick","TRUE",,"463",,,,"0/15/14",,,,"37",,,,"1500",,,,"Ember, Heat Wave, Energy Ball",,,"607;608;609","608;609"
"609","Chandelure","Litwick","FALSE",,"722",,,,"0/15/14",,,,"17",,,,"1498",,,,"Incinerate, Shadow Ball, Energy Ball",,,"607;608;609","609"
"609","Chandelure (Shadow)","Litwick","TRUE",,"682",,,,"0/15/14",,,,"17",,,,"1498",,,,"Incinerate, Shadow Ball, Energy Ball",,,"607;608;609","609"
"610","Axew","Axew","FALSE",,"513",,,,"10/15/14",,,,"50",,,,"1495",,,,"Scratch, Aqua Tail, Dragon Claw",,,"610;611;612","610;611;612"
"610","Axew (Shadow)","Axew","TRUE",,"485",,,,"10/15/14",,,,"50",,,,"1495",,,,"Scratch, Aqua Tail, Dragon Claw",,,"610;611;612","610;611;612"
"611","Fraxure","Axew","FALSE",,"465",,,,"1/15/15",,,,"25",,,,"1500",,,,"Dragon Tail, Aqua Tail, Night Slash",,,"610;611;612","611;612"
"611","Fraxure (Shadow)","Axew","TRUE",,"354",,,,"1/15/15",,,,"25",,,,"1500",,,,"Dragon Tail, Aqua Tail, Night Slash",,,"610;611;612","611;612"
"612","Haxorus","Axew","FALSE",,"511",,,,"0/14/13",,,,"15.5",,,,"1500",,,,"Dragon Tail, Night Slash, Surf",,,"610;611;612","612"
"612","Haxorus (Shadow)","Axew","TRUE",,"376",,,,"0/14/13",,,,"15.5",,,,"1500",,,,"Dragon Tail, Night Slash, Surf",,,"610;611;612","612"
"614","Beartic","Cubchoo","FALSE",,"530",,,,"0/15/12",,,,"18.5",,,,"1500",,,,"Powder Snow, Ice Punch, Liquidation",,,"613;614","614"
"615","Cryogonal","Cryogonal","FALSE",,"460",,,,"0/14/11",,,,"20.5",,,,"1499",,,,"Ice Shard, Triple Axel, Night Slash",,,"615","615"
"617","Accelgor","Shelmet","FALSE",,"875",,,,"0/14/15",,,,"23",,,,"1500",,,,"Infestation, Bug Buzz, Acid Spray",,,"616;617","617"
"617","Accelgor (Shadow)","Shelmet","TRUE",,"619",,,,"0/14/15",,,,"23",,,,"1500",,,,"Infestation, Energy Ball*, Bug Buzz",,,"616;617","617"
"618","Stunfisk","Stunfisk","FALSE",,"198",,,,"0/12/15",,,,"27",,,,"1499",,,,"Thunder Shock, Mud Bomb, Discharge",,,"618","618"
"619","Mienfoo","Mienfoo","FALSE",,"606",,,,"7/15/15",,,,"50",,,,"1497",,,,"Low Kick, Brick Break, High Jump Kick*",,,"619;620","619;620"
"620","Mienshao","Mienfoo","FALSE",,"546",,,,"0/15/14",,,,"20.5",,,,"1500",,,,"Force Palm, Brutal Swing, Blaze Kick",,,"619;620","620"
"621","Druddigon","Druddigon","FALSE",,"173",,,,"0/15/15",,,,"20.5",,,,"1499",,,,"Dragon Tail, Night Slash, Rock Tomb",,,"621","621"
"622","Golett","Golett","FALSE",,"544",,,,"15/15/15",,,,"50",,,,"1344",,,,"Astonish, Shadow Punch, Brick Break",,,"622;623","622;623"
"622","Golett (Shadow)","Golett","TRUE",,"476",,,,"15/15/15",,,,"50",,,,"1344",,,,"Astonish, Shadow Punch, Brick Break",,,"622;623","622;623"
"623","Golurk","Golett","FALSE",,"440",,,,"2/15/14",,,,"19.5",,,,"1500",,,,"Mud Slap, Shadow Punch, Dynamic Punch",,,"622;623","623"
"623","Golurk (Shadow)","Golett","TRUE",,"406",,,,"2/15/14",,,,"19.5",,,,"1500",,,,"Mud Slap, Shadow Punch, Dynamic Punch",,,"622;623","623"
"626","Bouffalant","Bouffalant","FALSE",,"580",,,,"0/13/11",,,,"20.5",,,,"1500",,,,"Mud Shot, Stomp, Megahorn",,,"626","626"
"627","Rufflet","Rufflet","FALSE",,"135",,,,"0/15/15",,,,"48",,,,"1500",,,,"Peck, Brave Bird, Fly",,,"627;628","627;628"
"628","Braviary","Rufflet","FALSE",,"808",,,,"1/15/15",,,,"18",,,,"1500",,,,"Air Slash, Fly, Close Combat",,,"627;628","628"
"628","Braviary (Hisuian)","Rufflet","FALSE",,"859",,,,"0/15/13",,,,"20",,,,"1496",,,,"Air Slash, Brave Bird, Fly",,,"627;628","628"
"631","Heatmor","Heatmor","FALSE",,"728",,,,"0/15/14",,,,"23.5",,,,"1500",,,,"Fire Spin, Thunder Punch, Flamethrower",,,"631","631"
"636","Larvesta","Larvesta","FALSE",,"576",,,,"0/15/15",,,,"47.5",,,,"1499",,,,"Ember, Flame Wheel, Bug Buzz",,,"636;637","636;637"
"641","Tornadus (Incarnate)","Tornadus","FALSE",,"886",,,,"1/15/15",,,,"16.5",,,,"1500",,,,"Bite, Dark Pulse, Hurricane",,,"641","641"
"641","Tornadus (Incarnate) (Shadow)","Tornadus","TRUE",,"887",,,,"1/15/15",,,,"16.5",,,,"1500",,,,"Bite, Dark Pulse, Hurricane",,,"641","641"
"642","Thundurus (Incarnate)","Thundurus","FALSE",,"488",,,,"1/15/15",,,,"16.5",,,,"1500",,,,"Thunder Shock, Thunder Punch, Brick Break",,,"642","642"
"642","Thundurus (Incarnate) (Shadow)","Thundurus","TRUE",,"378",,,,"1/15/15",,,,"16.5",,,,"1500",,,,"Thunder Shock, Thunder Punch, Brick Break",,,"642","642"
"643","Reshiram (Shadow)","Reshiram","TRUE",,"407",,,,"0/13/8",,,,"14",,,,"1498",,,,"Dragon Breath, Fusion Flare*, Draco Meteor",,,"643","643"
"645","Landorus (Incarnate)","Landorus","FALSE",,"642",,,,"0/15/14",,,,"15.5",,,,"1499",,,,"Mud Shot, Earth Power, Rock Slide",,,"645","645"
"645","Landorus (Incarnate) (Shadow)","Landorus","TRUE",,"599",,,,"0/15/14",,,,"15.5",,,,"1499",,,,"Mud Shot, Earth Power, Rock Slide",,,"645","645"
"650","Chespin","Chespin","FALSE",,"862",,,,"15/15/14",,,,"50",,,,"1239",,,,"Vine Whip, Seed Bomb, Body Slam",,,"650;651;652","650;651;652"
"650","Chespin (Shadow)","Chespin","TRUE",,"849",,,,"15/15/14",,,,"50",,,,"1239",,,,"Vine Whip, Seed Bomb, Body Slam",,,"650;651;652","650;651;652"
"651","Quilladin","Chespin","FALSE",,"434",,,,"0/14/15",,,,"37.5",,,,"1497",,,,"Low Kick, Energy Ball, Body Slam",,,"650;651;652","651;652"
"651","Quilladin (Shadow)","Chespin","TRUE",,"451",,,,"0/14/15",,,,"37.5",,,,"1497",,,,"Low Kick, Energy Ball, Body Slam",,,"650;651;652","651;652"
"652","Chesnaught","Chespin","FALSE",,"206",,,,"1/15/15",,,,"19",,,,"1497",,,,"Low Kick, Frenzy Plant*, Superpower",,,"650;651;652","652"
"652","Chesnaught (Shadow)","Chespin","TRUE",,"294",,,,"1/15/15",,,,"19",,,,"1497",,,,"Low Kick, Frenzy Plant*, Superpower",,,"650;651;652","652"
"654","Braixen","Fennekin","FALSE",,"592",,,,"0/15/14",,,,"33",,,,"1499",,,,"Ember, Psyshock, Flame Charge",,,"653;654;655","654;655"
"654","Braixen (Shadow)","Fennekin","TRUE",,"531",,,,"0/15/14",,,,"33",,,,"1499",,,,"Ember, Psyshock, Flame Charge",,,"653;654;655","654;655"
"655","Delphox","Fennekin","FALSE",,"397",,,,"0/11/14",,,,"18.5",,,,"1499",,,,"Scratch, Psyshock, Blast Burn*",,,"653;654;655","655"
"655","Delphox (Shadow)","Fennekin","TRUE",,"307",,,,"0/11/14",,,,"18.5",,,,"1499",,,,"Scratch, Psyshock, Blast Burn*",,,"653;654;655","655"
"657","Frogadier","Froakie","FALSE",,"906",,,,"1/15/15",,,,"39.5",,,,"1500",,,,"Bubble, Surf, Aerial Ace",,,"656;657;658","657;658"
"657","Frogadier (Shadow)","Froakie","TRUE",,"919",,,,"1/15/15",,,,"39.5",,,,"1500",,,,"Bubble, Surf, Aerial Ace",,,"656;657;658","657;658"
"660","Diggersby","Bunnelby","FALSE",,"310",,,,"0/15/13",,,,"50",,,,"1499",,,,"Mud Shot, Fire Punch, Scorching Sands",,,"659;660","660"
"660","Diggersby (Shadow)","Bunnelby","TRUE",,"316",,,,"0/15/13",,,,"50",,,,"1499",,,,"Mud Shot, Scorching Sands, Fire Punch",,,"659;660","660"
"662","Fletchinder","Fletchling","FALSE",,"359",,,,"0/14/15",,,,"50",,,,"1495",,,,"Peck, Fly, Heat Wave",,,"661;662;663","662;663"
"662","Fletchinder (Shadow)","Fletchling","TRUE",,"318",,,,"0/14/15",,,,"50",,,,"1495",,,,"Peck, Fly, Heat Wave",,,"661;662;663","662;663"
"663","Talonflame","Fletchling","FALSE",,"375",,,,"0/13/14",,,,"26",,,,"1500",,,,"Incinerate*, Fly, Brave Bird",,,"661;662;663","663"
"663","Talonflame (Shadow)","Fletchling","TRUE",,"523",,,,"0/13/14",,,,"26",,,,"1500",,,,"Incinerate*, Flame Charge, Fly",,,"661;662;663","663"
"666","Vivillon","Scatterbug","FALSE",,"802",,,,"0/15/14",,,,"31.5",,,,"1498",,,,"Gust, Energy Ball, Hurricane",,,"664;665;666","666"
"667","Litleo","Litleo","FALSE",,"591",,,,"4/15/15",,,,"50",,,,"1500",,,,"Incinerate, Flame Charge, Crunch",,,"667;668","667;668"
"668","Pyroar","Litleo","FALSE",,"675",,,,"0/15/10",,,,"20.5",,,,"1500",,,,"Incinerate, Flame Charge, Dark Pulse",,,"667;668","668"
"672","Skiddo","Skiddo","FALSE",,"933",,,,"15/15/15",,,,"50",,,,"1414",,,,"Rock Smash, Brick Break, Seed Bomb",,,"672;673","672;673"
"673","Gogoat","Skiddo","FALSE",,"145",,,,"2/15/15",,,,"20",,,,"1499",,,,"Vine Whip, Leaf Blade, Rock Slide",,,"672;673","673"
"674","Pancham","Pancham","FALSE",,"431",,,,"1/15/15",,,,"48",,,,"1500",,,,"Low Kick, Crunch, Body Slam",,,"674;675","674;675"
"676","Furfrou","Furfrou","FALSE",,"185",,,,"1/14/15",,,,"27",,,,"1496",,,,"Take Down, Dark Pulse, Grass Knot",,,"676","676"
"677","Espurr","Espurr","FALSE",,"367",,,,"15/15/15",,,,"50",,,,"1424",,,,"Confusion, Psyshock, Energy Ball",,,"677;678","677;678"
"678","Meowstic (Female)","Espurr","FALSE",,"457",,,,"0/14/15",,,,"27",,,,"1499",,,,"Confusion, Energy Ball, Shadow Ball",,,"677;678","678"
"678","Meowstic (Male)","Espurr","FALSE",,"509",,,,"0/14/15",,,,"27",,,,"1499",,,,"Confusion, Energy Ball, Thunderbolt",,,"677;678","678"
"689","Barbaracle","Binacle","FALSE",,"278",,,,"0/10/13",,,,"21.5",,,,"1499",,,,"Fury Cutter, Cross Chop, Stone Edge",,,"688;689","689"
"690","Skrelp","Skrelp","FALSE",,"694",,,,"15/15/15",,,,"50",,,,"1202",,,,"Acid, Aqua Tail, Twister",,,"690;691","690;691"
"691","Dragalge","Skrelp","FALSE",,"98",,,,"0/15/13",,,,"24",,,,"1500",,,,"Acid, Aqua Tail, Outrage",,,"690;691","691"
"692","Clauncher","Clauncher","FALSE",,"890",,,,"15/15/15",,,,"50",,,,"1230",,,,"Water Gun, Aqua Jet, Crabhammer",,,"692;693","692;693"
"693","Clawitzer","Clauncher","FALSE",,"921",,,,"0/13/13",,,,"20.5",,,,"1497",,,,"Water Gun, Crabhammer, Ice Beam",,,"692;693","693"
"695","Heliolisk","Helioptile","FALSE",,"799",,,,"0/15/15",,,,"21.5",,,,"1500",,,,"Volt Switch, Breaking Swipe, Parabolic Charge",,,"694;695","695"
"695","Heliolisk (Shadow)","Helioptile","TRUE",,"851",,,,"0/15/15",,,,"21.5",,,,"1500",,,,"Volt Switch, Breaking Swipe, Parabolic Charge",,,"694;695","695"
"696","Tyrunt","Tyrunt","FALSE",,"395",,,,"0/15/15",,,,"40",,,,"1498",,,,"Dragon Tail, Rock Tomb, Stomp",,,"696;697","696;697"
"696","Tyrunt (Shadow)","Tyrunt","TRUE",,"410",,,,"0/15/15",,,,"40",,,,"1498",,,,"Dragon Tail, Rock Tomb, Stomp",,,"696;697","696;697"
"697","Tyrantrum","Tyrunt","FALSE",,"392",,,,"0/15/12",,,,"18",,,,"1493",,,,"Dragon Tail, Rock Tomb, Crunch",,,"696;697","697"
"697","Tyrantrum (Shadow)","Tyrunt","TRUE",,"385",,,,"0/15/12",,,,"18",,,,"1493",,,,"Dragon Tail, Crunch, Rock Tomb",,,"696;697","697"
"698","Amaura","Amaura","FALSE",,"144",,,,"11/15/15",,,,"50",,,,"1500",,,,"Powder Snow, Weather Ball (Ice), Thunderbolt",,,"698;699","698;699"
"698","Amaura (Shadow)","Amaura","TRUE",,"136",,,,"11/15/15",,,,"50",,,,"1500",,,,"Powder Snow, Weather Ball (Ice), Thunderbolt",,,"698;699","698;699"
"699","Aurorus","Amaura","FALSE",,"24",,,,"0/12/13",,,,"20.5",,,,"1500",,,,"Powder Snow, Weather Ball (Ice), Meteor Beam",,,"698;699","699"
"699","Aurorus (Shadow)","Amaura","TRUE",,"74",,,,"0/12/13",,,,"20.5",,,,"1500",,,,"Powder Snow, Weather Ball (Ice), Meteor Beam",,,"698;699","699"
"701","Hawlucha","Hawlucha","FALSE",,"218",,,,"0/14/15",,,,"23.5",,,,"1497",,,,"Low Kick, Flying Press, Aerial Ace",,,"701","701"
"705","Sliggoo","Goomy","FALSE",,"23",,,,"1/15/15",,,,"28",,,,"1499",,,,"Dragon Breath, Body Slam, Dragon Pulse",,,"704;705;706","705;706"
"706","Goodra","Goomy","FALSE",,"28",,,,"1/14/14",,,,"16",,,,"1499",,,,"Dragon Breath, Aqua Tail, Thunder Punch*",,,"704;705;706","706"
"709","Trevenant","Phantump","FALSE",,"168",,,,"0/15/15",,,,"22",,,,"1499",,,,"Shadow Claw, Seed Bomb, Shadow Ball",,,"708;709","709"
"709","Trevenant (Shadow)","Phantump","TRUE",,"154",,,,"0/15/15",,,,"22",,,,"1499",,,,"Shadow Claw, Shadow Ball, Foul Play",,,"708;709","709"
"710","Pumpkaboo (Average)","Pumpkaboo","FALSE",,"356",,,,"15/15/15",,,,"50",,,,"1381",,,,"Astonish, Grass Knot, Foul Play",,,"710;711","710;711"
"710","Pumpkaboo (Large)","Pumpkaboo","FALSE",,"295",,,,"15/15/15",,,,"50",,,,"1406",,,,"Astonish, Grass Knot, Foul Play",,,"710;711","710;711"
"710","Pumpkaboo (Small)","Pumpkaboo","FALSE",,"414",,,,"15/15/15",,,,"50",,,,"1359",,,,"Astonish, Grass Knot, Foul Play",,,"710;711","710;711"
"710","Pumpkaboo (Super)","Pumpkaboo","FALSE",,"225",,,,"15/15/15",,,,"50",,,,"1414",,,,"Astonish, Grass Knot, Foul Play",,,"710;711","710;711"
"711","Gourgeist (Average)","Pumpkaboo","FALSE",,"239",,,,"1/15/14",,,,"21.5",,,,"1498",,,,"Incinerate, Shadow Ball, Seed Bomb",,,"710;711","711"
"711","Gourgeist (Large)","Pumpkaboo","FALSE",,"227",,,,"1/15/14",,,,"21.5",,,,"1500",,,,"Incinerate, Shadow Ball, Seed Bomb",,,"710;711","711"
"711","Gourgeist (Small)","Pumpkaboo","FALSE",,"271",,,,"0/14/8",,,,"22",,,,"1499",,,,"Incinerate, Shadow Ball, Seed Bomb",,,"710;711","711"
"711","Gourgeist (Super)","Pumpkaboo","FALSE",,"223",,,,"1/15/14",,,,"21.5",,,,"1500",,,,"Incinerate, Shadow Ball, Seed Bomb",,,"710;711","711"
"712","Bergmite","Bergmite","FALSE",,"542",,,,"15/15/15",,,,"50",,,,"1374",,,,"Bite, Icy Wind, Crunch",,,"712;713","712;713"
"713","Avalugg","Bergmite","FALSE",,"309",,,,"2/15/15",,,,"17.5",,,,"1500",,,,"Ice Fang, Avalanche, Body Slam",,,"712;713","713"
"713","Avalugg (Hisuian)","Bergmite","FALSE",,"205",,,,"0/14/9",,,,"16.5",,,,"1498",,,,"Powder Snow, Rock Slide, Icy Wind",,,"712;713","713"
"715","Noivern","Noibat","FALSE",,"658",,,,"0/15/12",,,,"20.5",,,,"1500",,,,"Bite, Heat Wave, Hurricane",,,"714;715","715"
"715","Noivern (Shadow)","Noibat","TRUE",,"754",,,,"0/15/12",,,,"20.5",,,,"1500",,,,"Bite, Heat Wave, Hurricane",,,"714;715","715"
"718","Zygarde (10% Forme)","Zygarde","FALSE",,"655",,,,"0/14/12",,,,"24",,,,"1494",,,,"Dragon Tail, Crunch, Earthquake",,,"718;718&0-4attack;718&1-4attack","718;718&0-4attack;718&1-4attack"
"718","Zygarde (50% Forme)","Zygarde","FALSE",,"348",,,,"1/14/14",,,,"16.5",,,,"1494",,,,"Dragon Tail, Crunch, Bulldoze",,,"718;718&0-4attack;718&1-4attack","718;718&0-4attack;718&1-4attack"
"720","Hoopa","Hoopa","FALSE",,"891",,,,"10/13/15",,,,"16",,,,"1488",,,,"Confusion, Shadow Ball, Psychic",,,"720","720"
"721","Volcanion","Volcanion","FALSE",,"686",,,,"10/13/10",,,,"15",,,,"1494",,,,"Incinerate, Scald, Overheat",,,"721","721"
"722","Rowlet","Rowlet","FALSE",,"801",,,,"15/15/15",,,,"50",,,,"1196",,,,"Leafage, Energy Ball, Seed Bomb",,,"722;723;724","722;723;724"
"723","Dartrix","Rowlet","FALSE",,"94",,,,"0/15/14",,,,"37.5",,,,"1500",,,,"Peck, Brave Bird, Energy Ball",,,"722;723;724","723;724"
"724","Decidueye","Rowlet","FALSE",,"306",,,,"0/14/11",,,,"20.5",,,,"1500",,,,"Leafage, Frenzy Plant*, Spirit Shackle",,,"722;723;724","724"
"724","Decidueye (Hisuian)","Rowlet","FALSE",,"353",,,,"0/15/13",,,,"19.5",,,,"1499",,,,"Psycho Cut, Energy Ball, Aura Sphere",,,"722;723;724","724"
"726","Torracat","Litten","FALSE",,"711",,,,"0/15/13",,,,"37",,,,"1496",,,,"Ember, Flame Charge, Crunch",,,"725;726;727","726;727"
"728","Popplio","Popplio","FALSE",,"878",,,,"15/15/15",,,,"50",,,,"1276",,,,"Water Gun, Aqua Tail, Aqua Jet",,,"728;729;730","728;729;730"
"729","Brionne","Popplio","FALSE",,"744",,,,"1/15/14",,,,"30.5",,,,"1500",,,,"Charm, Aqua Jet, Disarming Voice",,,"728;729;730","729;730"
"732","Trumbeak","Pikipek","FALSE",,"189",,,,"0/15/15",,,,"48.5",,,,"1499",,,,"Peck, Drill Peck, Rock Blast",,,"731;732;733","732;733"
"732","Trumbeak (Shadow)","Pikipek","TRUE",,"125",,,,"0/15/15",,,,"48.5",,,,"1492",,,,"Peck, Drill Peck, Rock Blast",,,"731;732;733","732;733"
"733","Toucannon","Pikipek","FALSE",,"70",,,,"0/14/13",,,,"21",,,,"1500",,,,"Peck, Beak Blast*, Drill Peck",,,"731;732;733","733"
"733","Toucannon (Shadow)","Pikipek","TRUE",,"40",,,,"0/14/13",,,,"21",,,,"1500",,,,"Peck, Beak Blast*, Drill Peck",,,"731;732;733","733"
"735","Gumshoos","Yungoos","FALSE",,"571",,,,"0/15/12",,,,"26",,,,"1500",,,,"Take Down, Rock Tomb, Crunch",,,"734;735","735"
"737","Charjabug","Grubbin","FALSE",,"103",,,,"0/13/15",,,,"38.5",,,,"1497",,,,"Volt Switch*, X-Scissor, Discharge",,,"736;737;738","737;738"
"737","Charjabug (Shadow)","Grubbin","TRUE",,"140",,,,"0/13/15",,,,"38.5",,,,"1497",,,,"Volt Switch*, X-Scissor, Discharge",,,"736;737;738","737;738"
"738","Vikavolt","Grubbin","FALSE",,"403",,,,"0/14/12",,,,"18",,,,"1494",,,,"Volt Switch*, X-Scissor, Fly",,,"736;737;738","738"
"738","Vikavolt (Shadow)","Grubbin","TRUE",,"339",,,,"0/14/12",,,,"18",,,,"1494",,,,"Volt Switch*, X-Scissor, Discharge",,,"736;737;738","738"
"739","Crabrawler","Crabrawler","FALSE",,"916",,,,"11/15/15",,,,"49.5",,,,"1497",,,,"Bubble, Crabhammer, Power-Up Punch",,,"739;740","739;740"
"740","Crabominable","Crabrawler","FALSE",,"803",,,,"0/11/15",,,,"19.5",,,,"1499",,,,"Bubble, Ice Punch, Brick Break",,,"739;740","740"
"741","Oricorio (Baile)","Oricorio","FALSE",,"845",,,,"0/13/13",,,,"24.5",,,,"1497",,,,"Air Slash, Air Cutter, Hurricane",,,"741","741"
"741","Oricorio (Pa'u)","Oricorio","FALSE",,"882",,,,"0/13/13",,,,"24.5",,,,"1497",,,,"Air Slash, Air Cutter, Hurricane",,,"741","741"
"741","Oricorio (Pom-Pom)","Oricorio","FALSE",,"766",,,,"0/13/13",,,,"24.5",,,,"1497",,,,"Air Slash, Air Cutter, Hurricane",,,"741","741"
"741","Oricorio (Sensu)","Oricorio","FALSE",,"822",,,,"0/13/13",,,,"24.5",,,,"1497",,,,"Air Slash, Air Cutter, Hurricane",,,"741","741"
"745","Lycanroc (Dusk)","Rockruff","FALSE",,"708",,,,"2/15/15",,,,"20.5",,,,"1500",,,,"Sucker Punch, Stone Edge, Trailblaze",,,"744;745","745"
"745","Lycanroc (Midday)","Rockruff","FALSE",,"679",,,,"0/14/14",,,,"21",,,,"1499",,,,"Sucker Punch, Drill Run, Stone Edge",,,"744;745","745"
"745","Lycanroc (Midnight)","Rockruff","FALSE",,"790",,,,"0/15/14",,,,"20.5",,,,"1494",,,,"Rock Throw, Stone Edge, Trailblaze",,,"744;745","745"
"748","Toxapex","Mareanie","FALSE",,"78",,,,"0/15/15",,,,"40.5",,,,"1497",,,,"Bite, Brine, Sludge Wave",,,"747;748","748"
"749","Mudbray","Mudbray","FALSE",,"771",,,,"1/15/14",,,,"30",,,,"1498",,,,"Mud Slap, Bulldoze, Body Slam",,,"749;750","749;750"
"750","Mudsdale","Mudbray","FALSE",,"700",,,,"0/14/14",,,,"18.5",,,,"1491",,,,"Mud Slap, Bulldoze, Body Slam",,,"749;750","750"
"752","Araquanid","Dewpider","FALSE",,"18",,,,"0/10/15",,,,"35",,,,"1499",,,,"Infestation, Water Pulse, Mirror Coat",,,"751;752","752"
"752","Araquanid (Shadow)","Dewpider","TRUE",,"47",,,,"0/10/15",,,,"35",,,,"1499",,,,"Infestation, Water Pulse, Mirror Coat",,,"751;752","752"
"754","Lurantis","Fomantis","FALSE",,"228",,,,"0/15/15",,,,"23.5",,,,"1495",,,,"Leafage, Leaf Blade, Superpower",,,"753;754","754"
"758","Salazzle","Salandit","FALSE",,"466",,,,"2/15/13",,,,"22.5",,,,"1499",,,,"Incinerate, Poison Fang, Dragon Pulse",,,"757;758","758"
"759","Stufful","Stufful","FALSE",,"533",,,,"12/15/15",,,,"50",,,,"1499",,,,"Take Down, Superpower, Stomp",,,"759;760","759;760"
"759","Stufful (Shadow)","Stufful","TRUE",,"600",,,,"12/15/15",,,,"50",,,,"1499",,,,"Take Down, Superpower, Stomp",,,"759;760","759;760"
"760","Bewear","Stufful","FALSE",,"525",,,,"0/15/14",,,,"18",,,,"1497",,,,"Low Kick, Superpower, Stomp",,,"759;760","760"
"760","Bewear (Shadow)","Stufful","TRUE",,"506",,,,"0/15/14",,,,"18",,,,"1497",,,,"Low Kick, Superpower, Stomp",,,"759;760","760"
"763","Tsareena","Bounsweet","FALSE",,"750",,,,"0/15/13",,,,"19",,,,"1496",,,,"Magical Leaf, Triple Axel, High Jump Kick*",,,"761;762;763","763"
"765","Oranguru","Oranguru","FALSE",,"5",,,,"0/13/14",,,,"23.5",,,,"1498",,,,"Confusion, Brutal Swing, Trailblaze",,,"765","765"
"766","Passimian","Passimian","FALSE",,"445",,,,"0/15/14",,,,"18.5",,,,"1494",,,,"Counter, Brutal Swing, Superpower",,,"766","766"
"768","Golisopod","Wimpod","FALSE",,"96",,,,"0/8/15",,,,"18",,,,"1499",,,,"Fury Cutter, X-Scissor, Aqua Jet",,,"767;768","768"
"769","Sandygast","Sandygast","FALSE",,"732",,,,"15/15/15",,,,"50",,,,"1394",,,,"Mud Shot, Shadow Ball, Earth Power",,,"769;770","769;770"
"770","Palossand","Sandygast","FALSE",,"418",,,,"0/15/11",,,,"23.5",,,,"1499",,,,"Astonish, Shadow Ball, Earth Power",,,"769;770","770"
"775","Komala","Komala","FALSE",,"836",,,,"0/15/11",,,,"22",,,,"1500",,,,"Rollout, Bulldoze, Payback",,,"775","775"
"776","Turtonator","Turtonator","FALSE",,"155",,,,"0/12/14",,,,"26",,,,"1499",,,,"Incinerate, Brutal Swing, Dragon Claw",,,"776","776"
"779","Bruxish","Bruxish","FALSE",,"248",,,,"0/15/15",,,,"23.5",,,,"1495",,,,"Confusion, Aqua Tail, Psychic Fangs",,,"779","779"
"780","Drampa","Drampa","FALSE",,"101",,,,"2/15/15",,,,"19",,,,"1499",,,,"Dragon Breath, Swift, Dragon Pulse",,,"780","780"
"781","Dhelmise","Dhelmise","FALSE",,"220",,,,"0/15/14",,,,"19",,,,"1498",,,,"Shadow Claw, Power Whip, Brutal Swing",,,"781","781"
"783","Hakamo-o","Jangmo-o","FALSE",,"122",,,,"0/13/15",,,,"39",,,,"1498",,,,"Dragon Tail, Brick Break, Rock Tomb",,,"782;783;784","783;784"
"784","Kommo-o","Jangmo-o","FALSE",,"45",,,,"0/14/14",,,,"17",,,,"1497",,,,"Dragon Tail, Clanging Scales*, Upper Hand",,,"782;783;784","784"
"794","Buzzwole","Buzzwole","FALSE",,"644",,,,"2/15/15",,,,"16",,,,"1499",,,,"Counter, Superpower, Lunge",,,"794","794"
"803","Poipole","Poipole","FALSE",,"696",,,,"3/15/14",,,,"39",,,,"1495",,,,"Peck, Sludge Bomb, Fell Stinger",,,"803;804","803;804"
"804","Naganadel","Poipole","FALSE",,"914",,,,"1/15/13",,,,"17.5",,,,"1500",,,,"Poison Jab, Dragon Claw, Sludge Bomb",,,"803;804","804"
"806","Blacephalon","Blacephalon","FALSE",,"389",,,,"3/15/15",,,,"16.5",,,,"1497",,,,"Incinerate, Mind Blown*, Shadow Ball",,,"806","806"
"807","Zeraora","Zeraora","FALSE",,"256",,,,"0/14/10",,,,"16.5",,,,"1484",,,,"Volt Switch, Plasma Fists, Dynamic Punch",,,"807","807"
"811","Thwackey","Grookey","FALSE",,"524",,,,"0/14/13",,,,"31.5",,,,"1500",,,,"Scratch, Energy Ball, Grass Knot",,,"810;811;812","811;812"
"812","Rillaboom","Grookey","FALSE",,"65",,,,"0/12/13",,,,"17",,,,"1499",,,,"Scratch, Drum Beating, Earth Power",,,"810;811;812","812"
"814","Raboot","Scorbunny","FALSE",,"805",,,,"0/12/14",,,,"33.5",,,,"1498",,,,"Fire Spin, Flame Charge, Flamethrower",,,"813;814;815","814;815"
"815","Cinderace","Scorbunny","FALSE",,"604",,,,"0/15/14",,,,"18.5",,,,"1500",,,,"Fire Spin, Blast Burn*, Pyro Ball",,,"813;814;815","815"
"817","Drizzile","Sobble","FALSE",,"902",,,,"0/13/14",,,,"30.5",,,,"1499",,,,"Water Gun, Surf, Water Pulse",,,"816;817;818","817;818"
"818","Inteleon","Sobble","FALSE",,"770",,,,"0/13/12",,,,"19",,,,"1500",,,,"Water Gun, Snipe Shot, Hydro Cannon*",,,"816;817;818","818"
"820","Greedent","Skwovet","FALSE",,"68",,,,"0/12/14",,,,"24.5",,,,"1497",,,,"Bite, Body Slam, Trailblaze",,,"819;820","820"
"822","Corvisquire","Rookidee","FALSE",,"352",,,,"12/15/15",,,,"49.5",,,,"1496",,,,"Peck, Sky Attack, Payback",,,"821;822;823","822;823"
"822","Corvisquire (Shadow)","Rookidee","TRUE",,"483",,,,"12/15/15",,,,"49.5",,,,"1496",,,,"Peck, Sky Attack, Payback",,,"821;822;823","822;823"
"825","Dottler","Blipbug","FALSE",,"880",,,,"15/15/15",,,,"50",,,,"1164",,,,"Confusion, Bug Buzz, Psychic",,,"824;825;826","825;826"
"826","Orbeetle","Blipbug","FALSE",,"108",,,,"0/14/14",,,,"26",,,,"1496",,,,"Psycho Cut, Psyshock, Bug Buzz",,,"824;825;826","826"
"830","Eldegoss","Gossifleur","FALSE",,"566",,,,"0/14/15",,,,"29",,,,"1498",,,,"Bullet Seed, Energy Ball, Grass Knot",,,"829;830","830"
"832","Dubwool","Wooloo","FALSE",,"91",,,,"1/15/15",,,,"26",,,,"1497",,,,"Take Down, Body Slam, Wild Charge",,,"831;832","832"
"836","Boltund","Yamper","FALSE",,"812",,,,"0/14/15",,,,"26",,,,"1500",,,,"Bite, Crunch, Thunder",,,"835;836","836"
"838","Carkol","Rolycoly","FALSE",,"586",,,,"0/14/15",,,,"49.5",,,,"1500",,,,"Smack Down, Rock Slide, Flame Charge",,,"837;838;839","838;839"
"839","Coalossal","Rolycoly","FALSE",,"448",,,,"1/15/14",,,,"24.5",,,,"1500",,,,"Fire Spin, Rock Slide, Flame Charge",,,"837;838;839","839"
"841","Flapple","Applin","FALSE",,"317",,,,"0/13/14",,,,"23",,,,"1500",,,,"Dragon Breath, Seed Bomb, Dragon Pulse",,,"840;841;842;1011;1019","841"
"842","Appletun","Applin","FALSE",,"623",,,,"2/15/14",,,,"23",,,,"1499",,,,"Astonish, Energy Ball, Outrage",,,"840;841;842;1011;1019","842"
"843","Silicobra","Silicobra","FALSE",,"857",,,,"15/15/15",,,,"50",,,,"1222",,,,"Mud Slap, Earth Power, Wrap",,,"843;844","843;844"
"844","Sandaconda","Silicobra","FALSE",,"702",,,,"2/15/15",,,,"20",,,,"1498",,,,"Mud Slap, Earth Power, Wrap",,,"843;844","844"
"845","Cramorant","Cramorant","FALSE",,"10",,,,"0/14/11",,,,"27",,,,"1498",,,,"Peck, Dive, Fly",,,"845","845"
"847","Barraskewda","Arrokuda","FALSE",,"412",,,,"0/14/14",,,,"21",,,,"1499",,,,"Peck, Aqua Jet, Close Combat",,,"846;847","847"
"849","Toxtricity","Toxel","FALSE",,"195",,,,"0/15/15",,,,"21.5",,,,"1500",,,,"Acid, Wild Charge, Swift",,,"848;849","849"
"851","Centiskorch","Sizzlipede","FALSE",,"447",,,,"0/15/9",,,,"19",,,,"1500",,,,"Ember, Lunge, Heat Wave",,,"850;851","851"
"852","Clobbopus","Clobbopus","FALSE",,"937",,,,"15/15/15",,,,"50",,,,"1286",,,,"Rock Smash, Superpower, Ice Punch",,,"852;853","852;853"
"853","Grapploct","Clobbopus","FALSE",,"667",,,,"1/15/15",,,,"21",,,,"1500",,,,"Waterfall, Superpower, Ice Punch",,,"852;853","853"
"855","Polteageist","Sinistea","FALSE",,"550",,,,"2/15/15",,,,"18",,,,"1498",,,,"Hex, Shadow Ball, Dark Pulse",,,"854;855","855"
"857","Hattrem","Hatenna","FALSE",,"349",,,,"0/15/15",,,,"40.5",,,,"1494",,,,"Confusion, Psyshock, Dazzling Gleam",,,"856;857;858","857;858"
"864","Cursola","Corsola","FALSE",,"705",,,,"2/15/15",,,,"18",,,,"1497",,,,"Astonish, Night Shade, Power Gem",,,"222&galar;864","864"
"865","Sirfetch'd","Farfetchd","FALSE",,"365",,,,"2/15/15",,,,"18.5",,,,"1500",,,,"Fury Cutter, Leaf Blade, Close Combat",,,"83&galar;865","865"
"866","Mr. Rime","Mr-mime","FALSE",,"652",,,,"0/14/13",,,,"20",,,,"1495",,,,"Confusion, Icy Wind, Psychic",,,"122;439;866","439;866"
"867","Runerigus","Yamask","FALSE",,"81",,,,"0/11/14",,,,"25.5",,,,"1500",,,,"Shadow Claw, Shadow Ball, Rock Tomb",,,"562&galar;867","867"
"870","Falinks","Falinks","FALSE",,"703",,,,"0/15/15",,,,"24",,,,"1495",,,,"Counter, Superpower, Megahorn",,,"870","870"
"873","Frosmoth","Snom","FALSE",,"561",,,,"0/15/15",,,,"20.5",,,,"1500",,,,"Powder Snow, Icy Wind, Bug Buzz",,,"872;873","873"
"874","Stonjourner","Stonjourner","FALSE",,"776",,,,"0/13/15",,,,"17.5",,,,"1500",,,,"Rock Throw, Rock Slide, Stomp",,,"874","874"
"876","Indeedee (Female)","Indeedee","FALSE",,"752",,,,"0/12/13",,,,"24",,,,"1500",,,,"Extrasensory, Energy Ball, Psychic",,,"876","876"
"876","Indeedee (Male)","Indeedee","FALSE",,"900",,,,"1/15/14",,,,"23",,,,"1495",,,,"Extrasensory, Shadow Ball, Psychic",,,"876","876"
"886","Drakloak","Dreepy","FALSE",,"526",,,,"0/15/12",,,,"40",,,,"1499",,,,"Dragon Tail, Shadow Ball, Outrage",,,"885;886;887","886;887"
"887","Dragapult","Dreepy","FALSE",,"709",,,,"3/15/15",,,,"15.5",,,,"1500",,,,"Dragon Tail, Shadow Ball, Outrage",,,"885;886;887","887"
"891","Kubfu","Kubfu","FALSE",,"753",,,,"1/15/14",,,,"37",,,,"1493",,,,"Counter, Close Combat, Brick Break",,,"891;892","891;892"
"892","Urshifu (Rapid Strike)","Kubfu","FALSE",,"758",,,,"0/13/15",,,,"15.5",,,,"1489",,,,"Counter, Aqua Jet, Dynamic Punch",,,"891;892","892"
"894","Regieleki","Regieleki","FALSE",,"608",,,,"1/13/13",,,,"20",,,,"1489",,,,"Volt Switch, Thunder Cage*, Hyper Beam",,,"894","894"
"895","Regidrago","Regidrago","FALSE",,"3",,,,"1/15/9",,,,"19",,,,"1499",,,,"Dragon Breath*, Dragon Energy*, Vise Grip",,,"895","895"
"899","Wyrdeer","Stantler","FALSE",,"300",,,,"1/15/15",,,,"20.5",,,,"1497",,,,"Confusion, Stomp, Wild Charge",,,"234;899","899"
"900","Kleavor","Kleavor","FALSE",,"368",,,,"0/15/8",,,,"18",,,,"1500",,,,"Fury Cutter, X-Scissor, Rock Slide",,,"123;900","900"
"901","Ursaluna","Teddiursa","FALSE",,"247",,,,"0/14/14",,,,"14.5",,,,"1500",,,,"Scratch, Thunder Punch, High Horsepower*",,,"216;217;901","901"
"901","Ursaluna (Shadow)","Teddiursa","TRUE",,"298",,,,"0/14/14",,,,"14.5",,,,"1500",,,,"Scratch, Thunder Punch, High Horsepower*",,,"216;217;901","901"
"903","Sneasler","Sneasel","FALSE",,"568",,,,"0/15/9",,,,"17.5",,,,"1500",,,,"Shadow Claw, Close Combat, X-Scissor",,,"215&hisui;903","903"
"903","Sneasler (Shadow)","Sneasel","TRUE",,"577",,,,"0/15/9",,,,"17.5",,,,"1500",,,,"Shadow Claw, Close Combat, X-Scissor",,,"215&hisui;903","903"
"907","Floragato","Sprigatito","FALSE",,"543",,,,"0/13/15",,,,"39",,,,"1500",,,,"Leafage, Energy Ball, Play Rough",,,"906;907;908","907;908"
"909","Fuecoco","Fuecoco","FALSE",,"871",,,,"15/15/14",,,,"50",,,,"1274",,,,"Incinerate, Crunch, Flamethrower",,,"909;910;911","909;910;911"
"910","Crocalor","Fuecoco","FALSE",,"613",,,,"0/15/10",,,,"30",,,,"1494",,,,"Incinerate, Crunch, Flamethrower",,,"909;910;911","910;911"
"911","Skeledirge","Fuecoco","FALSE",,"449",,,,"1/15/14",,,,"18.5",,,,"1500",,,,"Incinerate, Torch Song, Shadow Ball",,,"909;910;911","911"
"913","Quaxwell","Quaxly","FALSE",,"446",,,,"0/15/10",,,,"35.5",,,,"1500",,,,"Wing Attack, Aqua Jet, Aerial Ace",,,"912;913;914","913;914"
"914","Quaquaval","Quaxly","FALSE",,"240",,,,"0/15/15",,,,"18.5",,,,"1499",,,,"Low Kick, Close Combat, Hydro Cannon*",,,"912;913;914","914"
"916","Oinkologne","Lechonk","FALSE",,"183",,,,"0/11/15",,,,"22",,,,"1496",,,,"Take Down, Body Slam, Trailblaze",,,"915;916","916"
"916","Oinkologne (Female)","Lechonk","FALSE",,"29",,,,"0/14/15",,,,"23",,,,"1500",,,,"Take Down, Body Slam, Trailblaze",,,"915;916","916"
"918","Spidops","Tarountula","FALSE",,"36",,,,"0/13/14",,,,"39.5",,,,"1497",,,,"Shadow Claw, Lunge, Rock Tomb",,,"917;918","918"
"922","Pawmo","Pawmi","FALSE",,"598",,,,"15/15/14",,,,"50",,,,"1468",,,,"Thunder Shock, Wild Charge, Thunder Punch",,,"921;922;923","922;923"
"923","Pawmot","Pawmi","FALSE",,"364",,,,"2/15/15",,,,"21",,,,"1500",,,,"Thunder Shock, Brick Break*, Wild Charge",,,"921;922;923","923"
"925","Maushold","Tandemaus","FALSE",,"88",,,,"0/14/15",,,,"29",,,,"1498",,,,"Take Down, Swift, Crunch",,,"924;925","925"
"929","Dolliv","Smoliv","FALSE",,"656",,,,"4/14/15",,,,"50",,,,"1497",,,,"Magical Leaf, Earth Power, Trailblaze",,,"928;929;930","929;930"
"930","Arboliva","Smoliv","FALSE",,"759",,,,"0/14/15",,,,"19",,,,"1500",,,,"Magical Leaf, Earth Power, Trailblaze",,,"928;929;930","930"
"931","Squawkabilly","Squawkabilly","FALSE",,"194",,,,"0/14/13",,,,"29",,,,"1492",,,,"Peck, Brave Bird, Fly",,,"931","931"
"933","Naclstack","Nacli","FALSE",,"222",,,,"15/15/14",,,,"50",,,,"1461",,,,"Mud Shot, Rock Tomb, Rock Blast",,,"932;933;934","933;934"
"934","Garganacl","Nacli","FALSE",,"266",,,,"1/14/14",,,,"21",,,,"1494",,,,"Mud Shot, Rock Tomb, Rock Blast",,,"932;933;934","934"
"936","Armarouge","Armarouge","FALSE",,"366",,,,"0/13/15",,,,"17.5",,,,"1499",,,,"Incinerate, Psyshock, Heat Wave",,,"935;936","936"
"937","Ceruledge","Ceruledge","FALSE",,"639",,,,"1/15/15",,,,"17.5",,,,"1500",,,,"Incinerate, Shadow Ball, Heat Wave",,,"935;937","937"
"939","Bellibolt","Tadbulb","FALSE",,"150",,,,"0/14/12",,,,"21.5",,,,"1500",,,,"Thunder Shock, Zap Cannon, Parabolic Charge",,,"938;939","939"
"941","Kilowattrel","Wattrel","FALSE",,"417",,,,"0/15/14",,,,"23",,,,"1499",,,,"Thunder Shock, Acrobatics, Aerial Ace",,,"940;941","941"
"945","Grafaiai","Shroodle","FALSE",,"212",,,,"0/15/14",,,,"25",,,,"1498",,,,"Scratch, Poison Fang, Foul Play",,,"944;945","945"
"948","Toedscool","Toedscool","FALSE",,"866",,,,"15/15/15",,,,"50",,,,"1176",,,,"Mud Slap, Earth Power, Wrap",,,"948;949","948;949"
"949","Toedscruel","Toedscool","FALSE",,"398",,,,"1/15/14",,,,"23.5",,,,"1495",,,,"Mud Slap, Seed Bomb, Earth Power",,,"948;949","949"
"950","Klawf","Klawf","FALSE",,"748",,,,"1/15/15",,,,"23.5",,,,"1500",,,,"Mud Slap, Bulldoze, Rock Tomb",,,"950","950"
"956","Espathra","Flittle","FALSE",,"405",,,,"2/15/15",,,,"22.5",,,,"1499",,,,"Confusion, Psyshock, Dazzling Gleam",,,"955;956","956"
"961","Wugtrio","Wiglett","FALSE",,"924",,,,"0/12/15",,,,"30",,,,"1499",,,,"Mud Slap, Liquidation, Surf",,,"960;961","961"
"969","Glimmet","Glimmet","FALSE",,"775",,,,"0/15/15",,,,"37.5",,,,"1497",,,,"Rock Throw, Power Gem, Dazzling Gleam",,,"969;970","969;970"
"970","Glimmora","Glimmet","FALSE",,"751",,,,"0/15/14",,,,"17",,,,"1499",,,,"Rock Throw, Meteor Beam, Power Gem",,,"969;970","970"
"972","Houndstone","Greavard","FALSE",,"340",,,,"1/14/15",,,,"22.5",,,,"1498",,,,"Bite, Shadow Ball, Psychic Fangs",,,"971;972","972"
"973","Flamigo","Flamigo","FALSE",,"93",,,,"0/15/11",,,,"20.5",,,,"1500",,,,"Peck, Upper Hand, Brave Bird",,,"973","973"
"974","Cetoddle","Cetoddle","FALSE",,"113",,,,"15/15/15",,,,"50",,,,"1469",,,,"Powder Snow, Avalanche, Body Slam",,,"974;975","974;975"
"975","Cetitan","Cetoddle","FALSE",,"67",,,,"1/15/15",,,,"18",,,,"1500",,,,"Powder Snow, Icicle Spear, Superpower",,,"974;975","975"
"977","Dondozo","Dondozo","FALSE",,"118",,,,"0/15/15",,,,"19",,,,"1499",,,,"Waterfall, Surf, Outrage",,,"977","977"
"978","Tatsugiri (Curly)","Tatsugiri","FALSE",,"838",,,,"0/15/13",,,,"20.5",,,,"1497",,,,"Take Down, Surf, Outrage",,,"978","978"
"978","Tatsugiri (Droopy)","Tatsugiri","FALSE",,"839",,,,"0/15/13",,,,"20.5",,,,"1497",,,,"Take Down, Surf, Outrage",,,"978","978"
"978","Tatsugiri (Stretchy)","Tatsugiri","FALSE",,"840",,,,"0/15/13",,,,"20.5",,,,"1497",,,,"Take Down, Surf, Outrage",,,"978","978"
"979","Annihilape","Mankey","FALSE",,"73",,,,"2/15/14",,,,"17",,,,"1499",,,,"Low Kick, Rage Fist*, Ice Punch",,,"56;57;979","979"
"979","Annihilape (Shadow)","Mankey","TRUE",,"53",,,,"2/15/14",,,,"17",,,,"1499",,,,"Low Kick, Rage Fist*, Ice Punch",,,"56;57;979","979"
"980","Clodsire","Wooper","FALSE",,"33",,,,"0/14/13",,,,"30.5",,,,"1500",,,,"Poison Sting, Earthquake, Stone Edge",,,"194&paldea;980","980"
"982","Dudunsparce","Dunsparce","FALSE",,"231",,,,"0/15/7",,,,"21",,,,"1500",,,,"Bite, Drill Run, Body Slam",,,"206;982","982"
"996","Frigibax","Frigibax","FALSE",,"277",,,,"15/15/15",,,,"50",,,,"1410",,,,"Dragon Breath, Avalanche, Dragon Claw",,,"996;997;998","996;997;998"
"997","Arctibax","Frigibax","FALSE",,"49",,,,"0/14/13",,,,"27.5",,,,"1500",,,,"Dragon Breath, Avalanche, Dragon Claw",,,"996;997;998","997;998"
"998","Baxcalibur","Frigibax","FALSE",,"187",,,,"0/15/5",,,,"16",,,,"1500",,,,"Dragon Breath, Glaive Rush*, Avalanche",,,"996;997;998","998"
"1011","Dipplin","Applin","FALSE",,"312",,,,"0/15/15",,,,"24",,,,"1499",,,,"Dragon Tail, Seed Bomb, Outrage",,,"840;841;842;1011;1019","1011;1019"
"1019","Hydrapple","Applin","FALSE",,"383",,,,"0/14/12",,,,"17.5",,,,"1500",,,,"Dragon Tail, Seed Bomb, Outrage",,,"840;841;842;1011;1019","1019"
"1111","Select a Pokemon","Select a Pokemon","FALSE","","","","","","","","","","","","","","","","","","","","","1111","1111"
"1111","Select a Pokemon","Select a Pokemon","TRUE","","","","","","","","","","","","","","","","","","","","","1111","1111"
"1112","Select a Shadow Pokemon","Select a Shadow Pokemon","FALSE","","","","","","","","","","","","","","","","","","","","","1112","1112"
"1112","Select a Shadow Pokemon","Select a Shadow Pokemon","TRUE","","","","","","","","","","","","","","","","","","","","","1112","1112"
