"ID","Pokemon","Family","Shadow","Little_Rank","Great_Rank","Ultra_Rank","Master_Rank","Little_IVs","Great_IVs","Ultra_IVs","Master_IVs","Little_Level","Great_Level","Ultra_Level","Master_Level","Little_CP","Great_CP","Ultra_CP","Master_CP","Little_MoveSet","Great_MoveSet","Ultra_MoveSet","Master_MoveSet","Evo_Fam","Evo_Next"
"1","Bulbasaur","Bulbasaur","FALSE","433","1070",,,"0/15/10","15/15/15",,,"18","50",,,"499","1260",,,"Vine Whip, Power Whip, Seed Bomb","Vine Whip, Power Whip, Seed Bomb",,,"1;2;3","1;2;3"
"1","Bulbasaur (Shadow)","Bulbasaur","TRUE","410","1123",,,"0/15/10","15/15/15",,,"18","50",,,"499","1260",,,"Vine Whip, Power Whip, Seed Bomb","Vine Whip, Power Whip, Sludge Bomb",,,"1;2;3","1;2;3"
"2","Ivysaur","Bulbasaur","FALSE",,"793",,,,"0/13/14",,,,"38.5",,,,"1500",,,,"Vine Whip, Power Whip, Sludge Bomb",,,"1;2;3","2;3"
"2","Ivysaur (Shadow)","Bulbasaur","TRUE",,"908",,,,"0/13/14",,,,"38.5",,,,"1500",,,,"Vine Whip, Power Whip, Sludge Bomb",,,"1;2;3","2;3"
"3","Venusaur","Bulbasaur","FALSE",,"422","217","268",,"0/14/11","1/15/14","15/15/15",,"21","39","50",,"1500","2500","3075",,"Vine Whip, Frenzy Plant[etm], Sludge Bomb","Vine Whip, Frenzy Plant[etm], Sludge Bomb","Vine Whip, Frenzy Plant[etm], Sludge Bomb","1;2;3","3"
"3","Venusaur (Shadow)","Bulbasaur","TRUE",,"445","253","259",,"0/14/11","1/15/14","15/15/15",,"21","39","50",,"1500","2500","3075",,"Vine Whip, Frenzy Plant[etm], Sludge Bomb","Vine Whip, Frenzy Plant[etm], Sludge Bomb","Vine Whip, Frenzy Plant[etm], Sludge Bomb","1;2;3","3"
"4","Charmander","Charmander","FALSE","415",,,,"0/14/11",,,,"20.5",,,,"500",,,,"Ember, Flame Charge, Flamethrower",,,,"4;5;6","4;5;6"
"4","Charmander (Shadow)","Charmander","TRUE","377",,,,"0/14/11",,,,"20.5",,,,"500",,,,"Ember, Flame Charge, Flamethrower",,,,"4;5;6","4;5;6"
"5","Charmeleon","Charmander","FALSE",,"636",,,,"0/13/15",,,,"40",,,,"1500",,,,"Ember, Fire Punch, Return<sup>†</sup>",,,"4;5;6","5;6"
"5","Charmeleon (Shadow)","Charmander","TRUE",,"537",,,,"0/13/15",,,,"40",,,,"1500",,,,"Ember, Fire Punch, Flamethrower",,,"4;5;6","5;6"
"6","Charizard","Charmander","FALSE",,"259","101","184",,"0/14/13","0/15/15","15/15/15",,"19.5","34.5","50",,"1498","2500","3266",,"Ember*, Blast Burn*, Air Cutter","Dragon Breath*, Blast Burn*, Air Cutter","Dragon Breath*, Blast Burn*, Air Cutter","4;5;6","6"
"6","Charizard (Shadow)","Charmander","TRUE",,"199","124","204",,"0/14/13","0/15/15","15/15/15",,"19.5","34.5","50",,"1498","2500","3266",,"Ember*, Blast Burn*, Air Cutter","Dragon Breath*, Blast Burn*, Air Cutter","Dragon Breath[etm], Blast Burn[etm], Dragon Claw","4;5;6","6"
"7","Squirtle","Squirtle","FALSE","131",,,,"0/15/14",,,,"21.5",,,,"499",,,,"Bubble, Aqua Tail, Aqua Jet",,,,"7;8;9","7;8;9"
"7","Squirtle (Shadow)","Squirtle","TRUE","199",,,,"0/15/14",,,,"21.5",,,,"499",,,,"Bubble, Aqua Tail, Aqua Jet",,,,"7;8;9","7;8;9"
"8","Wartortle","Squirtle","FALSE",,"102",,,,"0/14/15",,,,"50",,,,"1496",,,,"Bite, Aqua Jet, Ice Beam",,,"7;8;9","8;9"
"8","Wartortle (Shadow)","Squirtle","TRUE",,"137",,,,"0/14/15",,,,"50",,,,"1496",,,,"Bite, Aqua Jet, Ice Beam",,,"7;8;9","8;9"
"9","Blastoise","Squirtle","FALSE",,"58","29","324",,"1/15/15","0/14/13","15/15/15",,"23","48.5","50",,"1500","2498","2788",,"Bite, Hydro Cannon*, Skull Bash","Bite, Hydro Cannon*, Skull Bash","Water Gun, Hydro Cannon[etm], Ice Beam","7;8;9","9"
"9","Blastoise (Shadow)","Squirtle","TRUE",,"182","87","336",,"1/15/15","0/14/13","15/15/15",,"23","48.5","50",,"1500","2498","2788",,"Bite, Hydro Cannon*, Skull Bash","Bite, Hydro Cannon*, Skull Bash","Water Gun, Hydro Cannon[etm], Ice Beam","7;8;9","9"
"10","Caterpie","Caterpie","FALSE","376",,,,"15/15/15",,,,"50",,,,"494",,,,"Bug Bite, Return<sup>†</sup>, Struggle",,,,"10;11;12","10;11;12"
"10","Caterpie (Shadow)","Caterpie","TRUE","357",,,,"15/15/15",,,,"50",,,,"494",,,,"Bug Bite, Struggle, Frustration<sup>†</sup>",,,,"10;11;12","10;11;12"
"12","Butterfree","Caterpie","FALSE",,"1138",,,,"0/13/15",,,,"33",,,,"1499",,,,"Confusion, Bug Buzz, Signal Beam",,,"10;11;12","12"
"12","Butterfree (Shadow)","Caterpie","TRUE",,"1137",,,,"0/13/15",,,,"33",,,,"1499",,,,"Confusion, Bug Buzz, Signal Beam",,,"10;11;12","12"
"13","Weedle","Weedle","FALSE","383",,,,"13/15/15",,,,"49.5",,,,"500",,,,"Bug Bite, Return<sup>†</sup>, Struggle",,,,"13;14;15","13;14;15"
"13","Weedle (Shadow)","Weedle","TRUE","350",,,,"13/15/15",,,,"49.5",,,,"500",,,,"Bug Bite, Struggle, Frustration<sup>†</sup>",,,,"13;14;15","13;14;15"
"15","Beedrill","Weedle","FALSE",,"589","728",,,"0/13/14","15/15/15",,,"32.5","50",,,"1500","2087",,,"Infestation, X-Scissor, Drill Run*","Infestation, Drill Run*, X-Scissor",,"13;14;15","15"
"15","Beedrill (Shadow)","Weedle","TRUE",,"532","745",,,"0/13/14","15/15/15",,,"32.5","50",,,"1500","2087",,,"Poison Sting, X-Scissor, Drill Run*","Infestation, Drill Run*, X-Scissor",,"13;14;15","15"
"16","Pidgey","Pidgey","FALSE","173",,,,"1/15/14",,,,"30",,,,"499",,,,"Quick Attack, Air Cutter, Twister",,,,"16;17;18","16;17;18"
"16","Pidgey (Shadow)","Pidgey","TRUE","145",,,,"1/15/14",,,,"30",,,,"499",,,,"Quick Attack, Air Cutter, Twister",,,,"16;17;18","16;17;18"
"17","Pidgeotto","Pidgey","FALSE",,"745",,,,"15/15/15",,,,"50",,,,"1350",,,,"Wing Attack, Air Cutter, Twister",,,"16;17;18","17;18"
"17","Pidgeotto (Shadow)","Pidgey","TRUE",,"754",,,,"15/15/15",,,,"50",,,,"1350",,,,"Wing Attack, Air Cutter, Twister",,,"16;17;18","17;18"
"18","Pidgeot","Pidgey","FALSE",,"217","274",,,"0/14/14","15/15/15",,,"27","50",,,"1499","2407",,,"Gust*, Twister, Brave Bird","Gust*, Twister, Brave Bird",,"16;17;18","18"
"18","Pidgeot (Shadow)","Pidgey","TRUE",,"270","263",,,"0/14/14","15/15/15",,,"27","50",,,"1499","2407",,,"Gust*, Twister, Brave Bird","Gust[etm], Brave Bird, Aerial Ace",,"16;17;18","18"
"19","Rattata","Rattata","FALSE","316",,,,"1/15/15",,,,"27",,,,"500",,,,"Quick Attack, Body Slam, Dig",,,,"19;20","19;20"
"19","Rattata (Alolan)","Rattata","FALSE","439",,,,"1/15/15",,,,"27",,,,"500",,,,"Quick Attack, Crunch, Hyper Fang",,,,"19;20","19;20"
"19","Rattata (Alolan) (Shadow)","Rattata","TRUE","408",,,,"1/15/15",,,,"27",,,,"500",,,,"Quick Attack, Crunch, Hyper Fang",,,,"19;20","19;20"
"19","Rattata (Shadow)","Rattata","TRUE","243",,,,"1/15/15",,,,"27",,,,"500",,,,"Quick Attack, Body Slam, Dig",,,,"19;20","19;20"
"20","Raticate","Rattata","FALSE",,"1021",,,,"0/14/15",,,,"36.5",,,,"1499",,,,"Quick Attack, Hyper Fang, Dig",,,"19;20","20"
"20","Raticate (Alolan)","Rattata","FALSE",,"330","818",,,"0/13/14","15/15/15",,,"39","50",,,"1497","1927",,,"Bite, Crunch, Return<sup>†</sup>","Bite, Crunch, Hyper Fang",,"19;20","20"
"20","Raticate (Alolan) (Shadow)","Rattata","TRUE",,"611","825",,,"0/13/14","15/15/15",,,"39","50",,,"1497","1927",,,"Bite, Crunch, Hyper Fang","Bite, Crunch, Hyper Fang",,"19;20","20"
"20","Raticate (Shadow)","Rattata","TRUE",,"1051",,,,"0/14/15",,,,"36.5",,,,"1499",,,,"Quick Attack, Hyper Fang, Dig",,,"19;20","20"
"21","Spearow","Spearow","FALSE","67",,,,"0/14/15",,,,"25",,,,"500",,,,"Peck, Drill Peck, Twister*",,,,"21;22","21;22"
"22","Fearow","Spearow","FALSE",,"26","302",,,"0/15/14","15/15/15",,,"28.5","50",,,"1500","2257",,,"Peck, Drill Peck, Drill Run","Peck, Drill Peck, Drill Run",,"21;22","22"
"23","Ekans","Ekans","FALSE","218",,,,"0/14/15",,,,"21.5",,,,"499",,,,"Acid, Poison Fang, Wrap",,,,"23;24","23;24"
"23","Ekans (Shadow)","Ekans","TRUE","178",,,,"0/14/15",,,,"21.5",,,,"499",,,,"Acid, Poison Fang, Wrap",,,,"23;24","23;24"
"24","Arbok","Ekans","FALSE",,"360","653",,,"0/15/12","15/15/14",,,"30","50",,,"1499","2171",,,"Acid, Brutal Swing, Wrap","Acid, Brutal Swing, Wrap",,"23;24","24"
"24","Arbok (Shadow)","Ekans","TRUE",,"316","641",,,"0/15/12","15/15/14",,,"30","50",,,"1499","2171",,,"Acid, Brutal Swing, Wrap","Acid, Brutal Swing, Wrap",,"23;24","24"
"26","Raichu","Pikachu","FALSE",,"173","228",,,"0/15/14","15/15/14",,,"26","50",,,"1500","2467",,,"Volt Switch, Volt Tackle, Trailblaze","Volt Switch, Trailblaze, Volt Tackle",,"25;26;172","26;172"
"26","Raichu (Alolan)","Pikachu","FALSE",,"228","223",,,"1/15/15","8/15/14",,,"24.5","50",,,"1498","2496",,,"Volt Switch, Volt Tackle, Psyshock","Volt Switch, Volt Tackle, Psyshock",,"25;26;172","26;172"
"27","Sandshrew","Sandshrew","FALSE","274","612",,,"1/14/14","15/15/15",,,"15.5","50",,,"500","1426",,,"Scratch, Sand Tomb, Rock Tomb*","Scratch, Sand Tomb, Rock Tomb*",,,"27;28","27;28"
"27","Sandshrew (Alolan)","Sandshrew","FALSE","33","438",,,"2/14/14","15/15/15",,,"15","50",,,"500","1462",,,"Powder Snow, Night Slash, Gyro Ball","Powder Snow, Night Slash, Gyro Ball",,,"27;28","27;28"
"27","Sandshrew (Alolan) (Shadow)","Sandshrew","TRUE","29","403",,,"2/14/14","15/15/15",,,"15","50",,,"500","1462",,,"Powder Snow, Night Slash, Gyro Ball","Powder Snow, Night Slash, Gyro Ball",,,"27;28","27;28"
"27","Sandshrew (Shadow)","Sandshrew","TRUE","334","736",,,"1/14/14","15/15/15",,,"15.5","50",,,"500","1426",,,"Scratch, Sand Tomb, Rock Tomb*","Scratch, Sand Tomb, Rock Tomb*",,,"27;28","27;28"
"28","Sandslash","Sandshrew","FALSE",,"420","307",,,"0/13/15","1/15/15",,,"24","50",,,"1497","2499",,,"Sand Attack, Night Slash[etm], Scorching Sands","Sand Attack, Night Slash[etm], Scorching Sands",,"27;28","28"
"28","Sandslash (Alolan)","Sandshrew","FALSE",,"142","103",,,"0/14/14","0/14/15",,,"23.5","49",,,"1499","2498",,,"Powder Snow, Ice Punch, Drill Run","Powder Snow, Ice Punch, Drill Run",,"27;28","28"
"28","Sandslash (Alolan) (Shadow)","Sandshrew","TRUE",,"180","128",,,"0/14/14","0/14/15",,,"23.5","49",,,"1499","2498",,,"Powder Snow, Ice Punch, Drill Run","Powder Snow, Ice Punch, Drill Run",,"27;28","28"
"28","Sandslash (Shadow)","Sandshrew","TRUE",,"539","329",,,"0/13/15","1/15/15",,,"24","50",,,"1497","2499",,,"Sand Attack, Night Slash[etm], Scorching Sands","Sand Attack, Night Slash[etm], Scorching Sands",,"27;28","28"
"29","Nidoran Female","Nidoran-f","FALSE","229",,,,"1/15/13",,,,"25",,,,"500",,,,"Poison Sting, Poison Fang, Body Slam",,,,"29;30;31","29;30;31"
"29","Nidoran Female (Shadow)","Nidoran-f","TRUE","206",,,,"1/15/13",,,,"25",,,,"500",,,,"Poison Sting, Poison Fang, Body Slam",,,,"29;30;31","29;30;31"
"30","Nidorina","Nidoran-f","FALSE",,"291",,,,"15/15/15",,,,"50",,,,"1480",,,,"Poison Sting, Poison Fang, Thunderbolt",,,"29;30;31","30;31"
"30","Nidorina (Shadow)","Nidoran-f","TRUE",,"385",,,,"15/15/15",,,,"50",,,,"1480",,,,"Poison Sting, Poison Fang, Dig",,,"29;30;31","30;31"
"31","Nidoqueen","Nidoran-f","FALSE",,"209","122",,,"0/15/12","0/14/15",,,"23","47",,,"1498","2500",,,"Mud Slap, Earth Power, Poison Fang","Mud Slap, Poison Fang, Earth Power",,"29;30;31","31"
"31","Nidoqueen (Shadow)","Nidoran-f","TRUE",,"304","167",,,"0/15/12","0/14/15",,,"23","47",,,"1498","2500",,,"Mud Slap, Earth Power, Poison Fang","Mud Slap, Poison Fang, Earth Power",,"29;30;31","31"
"32","Nidoran Male","Nidoran-m","FALSE","285",,,,"0/14/13",,,,"23.5",,,,"499",,,,"Peck, Body Slam, Sludge Bomb",,,,"32;33;34","32;33;34"
"32","Nidoran Male (Shadow)","Nidoran-m","TRUE","239",,,,"0/14/13",,,,"23.5",,,,"499",,,,"Peck, Body Slam, Sludge Bomb",,,,"32;33;34","32;33;34"
"33","Nidorino","Nidoran-m","FALSE",,"846",,,,"8/15/15",,,,"49.5",,,,"1498",,,,"Poison Sting, Sludge Bomb, Ice Beam",,,"32;33;34","33;34"
"33","Nidorino (Shadow)","Nidoran-m","TRUE",,"938",,,,"8/15/15",,,,"49.5",,,,"1498",,,,"Poison Sting, Sludge Bomb, Ice Beam",,,"32;33;34","33;34"
"34","Nidoking","Nidoran-m","FALSE",,"384","166",,,"0/14/15","0/15/15",,,"22","43.5",,,"1500","2494",,,"Poison Sting, Avalanche, Earth Power","Poison Sting, Avalanche, Earth Power",,"32;33;34","34"
"34","Nidoking (Shadow)","Nidoran-m","TRUE",,"436","221",,,"0/14/15","0/15/15",,,"22","43.5",,,"1500","2494",,,"Poison Sting, Avalanche, Earth Power","Poison Sting, Avalanche, Earth Power",,"32;33;34","34"
"35","Clefairy","Clefairy","FALSE",,"1149",,,,"15/15/15",,,,"50",,,,"1306",,,,"Zen Headbutt, Moonblast, Disarming Voice",,,"35;36;173","35;36;173"
"36","Clefable","Clefairy","FALSE",,"95","37",,,"0/14/13","0/14/14",,,"23.5","49",,,"1498","2500",,,"Fairy Wind, Moonblast, Meteor Mash","Fairy Wind, Meteor Mash, Draining Kiss",,"35;36;173","36;173"
"37","Vulpix","Vulpix","FALSE","31",,,,"0/14/14",,,,"23",,,,"498",,,,"Ember, Weather Ball (Fire), Body Slam",,,,"37;38","37;38"
"37","Vulpix (Alolan)","Vulpix","FALSE","41",,,,"0/14/14",,,,"23",,,,"498",,,,"Powder Snow, Weather Ball (Ice), Dark Pulse",,,,"37;38","37;38"
"37","Vulpix (Alolan) (Shadow)","Vulpix","TRUE","60",,,,"0/14/14",,,,"23",,,,"498",,,,"Powder Snow, Weather Ball (Ice), Dark Pulse",,,,"37;38","37;38"
"37","Vulpix (Shadow)","Vulpix","TRUE","32",,,,"0/14/14",,,,"23",,,,"498",,,,"Ember, Weather Ball (Fire), Body Slam",,,,"37;38","37;38"
"38","Ninetales","Vulpix","FALSE",,"13","34",,,"0/15/15","9/15/15",,,"25","50",,,"1496","2498",,,"Ember*, Weather Ball (Fire), Energy Ball*","Ember*, Weather Ball (Fire), Energy Ball*",,"37;38","38"
"38","Ninetales (Alolan)","Vulpix","FALSE",,"68","24",,,"0/15/11","7/15/15",,,"25","50",,,"1497","2499",,,"Powder Snow, Weather Ball (Ice), Chilling Water*","Powder Snow, Weather Ball (Ice), Chilling Water*",,"37;38","38"
"38","Ninetales (Alolan) (Shadow)","Vulpix","TRUE",,"73","30",,,"0/15/11","7/15/15",,,"25","50",,,"1497","2499",,,"Powder Snow, Weather Ball (Ice), Chilling Water*","Powder Snow, Weather Ball (Ice), Chilling Water*",,"37;38","38"
"38","Ninetales (Shadow)","Vulpix","TRUE",,"3","65",,,"0/15/15","9/15/15",,,"25","50",,,"1496","2498",,,"Ember*, Weather Ball (Fire), Energy Ball*","Ember*, Weather Ball (Fire), Energy Ball*",,"37;38","38"
"40","Wigglytuff","Jigglypuff","FALSE",,"109","611",,,"0/15/12","15/15/15",,,"30","50",,,"1493","2178",,,"Charm, Icy Wind, Swift","Charm, Disarming Voice, Icy Wind",,"39;40;174","40;174"
"41","Zubat","Zubat","FALSE","200",,,,"0/14/14",,,,"32.5",,,,"499",,,,"Bite, Air Cutter, Swift",,,,"41;42;169","41;42;169"
"41","Zubat (Shadow)","Zubat","TRUE","154",,,,"0/14/14",,,,"32.5",,,,"499",,,,"Bite, Air Cutter, Swift",,,,"41;42;169","41;42;169"
"42","Golbat","Zubat","FALSE",,"345","582",,,"0/15/15","15/15/15",,,"29","50",,,"1499","2234",,,"Wing Attack, Poison Fang, Shadow Ball","Wing Attack, Air Cutter, Poison Fang",,"41;42;169","42;169"
"42","Golbat (Shadow)","Zubat","TRUE",,"400","590",,,"0/15/15","15/15/15",,,"29","50",,,"1499","2234",,,"Wing Attack, Poison Fang, Shadow Ball","Wing Attack, Air Cutter, Poison Fang",,"41;42;169","42;169"
"43","Oddish","Oddish","FALSE","351","816",,,"0/14/13","15/15/15",,,"16","50",,,"500","1389",,,"Acid, Seed Bomb, Moonblast","Acid, Seed Bomb, Moonblast",,,"43;44;45","43;44;45"
"43","Oddish (Shadow)","Oddish","TRUE","331","779",,,"0/14/13","15/15/15",,,"16","50",,,"499","1389",,,"Acid, Seed Bomb, Moonblast","Acid, Seed Bomb, Moonblast",,,"43;44;45","43;44;45"
"44","Gloom","Oddish","FALSE",,"815",,,,"0/13/15",,,,"39",,,,"1498",,,,"Acid, Moonblast, Sludge Bomb",,,"43;44;45","44;45"
"44","Gloom (Shadow)","Oddish","TRUE",,"914",,,,"0/13/15",,,,"39",,,,"1498",,,,"Acid, Moonblast, Sludge Bomb",,,"43;44;45","44;45"
"45","Vileplume","Oddish","FALSE",,"975","580",,,"0/15/14","0/15/14",,,"22","44",,,"1499","2497",,,"Acid, Sludge Bomb, Petal Blizzard","Acid, Moonblast, Sludge Bomb",,"43;44;45","45"
"45","Vileplume (Shadow)","Oddish","TRUE",,"956","652",,,"0/15/14","0/15/14",,,"22","44",,,"1499","2497",,,"Acid, Moonblast, Sludge Bomb","Acid, Moonblast, Sludge Bomb",,"43;44;45","45"
"46","Paras","Paras","FALSE","345",,,,"0/14/13",,,,"19.5",,,,"499",,,,"Scratch, X-Scissor, Cross Poison",,,,"46;47","46;47"
"47","Parasect","Paras","FALSE",,"703","767",,,"0/15/12","15/15/14",,,"32","50",,,"1500","2102",,,"Fury Cutter, X-Scissor, Cross Poison","Fury Cutter, X-Scissor, Cross Poison",,"46;47","47"
"48","Venonat","Venonat","FALSE","121",,,,"0/15/15",,,,"20",,,,"499",,,,"Bug Bite, Poison Fang, Signal Beam",,,,"48;49","48;49"
"48","Venonat (Shadow)","Venonat","TRUE","143",,,,"0/15/15",,,,"20",,,,"499",,,,"Bug Bite, Poison Fang, Signal Beam",,,,"48;49","48;49"
"49","Venomoth","Venonat","FALSE",,"645","553",,,"0/12/15","15/15/15",,,"27.5","50",,,"1497","2354",,,"Infestation, Poison Fang, Silver Wind","Infestation, Poison Fang, Silver Wind",,"48;49","49"
"49","Venomoth (Shadow)","Venonat","TRUE",,"667","557",,,"0/12/15","15/15/15",,,"27.5","50",,,"1497","2354",,,"Infestation, Poison Fang, Silver Wind","Infestation, Poison Fang, Silver Wind",,"48;49","49"
"50","Diglett","Diglett","FALSE","461",,,,"1/15/13",,,,"29.5",,,,"499",,,,"Scratch, Rock Tomb, Mud Bomb",,,,"50;51","50;51"
"50","Diglett (Alolan)","Diglett","FALSE","289",,,,"1/15/15",,,,"28.5",,,,"500",,,,"Mud Slap, Rock Tomb, Mud Bomb",,,,"50;51","50;51"
"50","Diglett (Alolan) (Shadow)","Diglett","TRUE","230",,,,"1/15/15",,,,"28.5",,,,"500",,,,"Mud Slap, Rock Tomb, Mud Bomb",,,,"50;51","50;51"
"50","Diglett (Shadow)","Diglett","TRUE","463",,,,"1/15/13",,,,"29.5",,,,"499",,,,"Scratch, Rock Tomb, Mud Bomb",,,,"50;51","50;51"
"51","Dugtrio","Diglett","FALSE",,"901",,,,"0/14/15",,,,"44",,,,"1500",,,,"Sucker Punch, Mud Bomb, Stone Edge",,,"50;51","51"
"51","Dugtrio (Alolan)","Diglett","FALSE",,"1001",,,,"0/14/15",,,,"29.5",,,,"1499",,,,"Mud Slap, Mud Bomb, Iron Head",,,"50;51","51"
"51","Dugtrio (Alolan) (Shadow)","Diglett","TRUE",,"954",,,,"0/14/15",,,,"29.5",,,,"1499",,,,"Mud Slap, Iron Head, Mud Bomb",,,"50;51","51"
"51","Dugtrio (Shadow)","Diglett","TRUE",,"869",,,,"0/14/15",,,,"44",,,,"1500",,,,"Sucker Punch, Mud Bomb, Stone Edge",,,"50;51","51"
"52","Meowth","Meowth","FALSE","53",,,,"0/14/13",,,,"27.5",,,,"499",,,,"Scratch, Body Slam*, Night Slash",,,,"52;53;863","52;53;863"
"52","Meowth (Alolan)","Meowth","FALSE","66",,,,"1/15/15",,,,"25",,,,"500",,,,"Scratch, Night Slash, Trailblaze",,,,"52;53;863","52;53;863"
"52","Meowth (Galarian)","Meowth","FALSE","9",,,,"0/15/15",,,,"19",,,,"500",,,,"Scratch, Night Slash, Trailblaze",,,,"52;53;863","52;53;863"
"52","Meowth (Shadow)","Meowth","TRUE","28",,,,"0/14/13",,,,"27.5",,,,"499",,,,"Scratch, Body Slam*, Night Slash",,,,"52;53;863","52;53;863"
"53","Persian","Meowth","FALSE",,"119",,,,"0/14/15",,,,"38.5",,,,"1498",,,,"Scratch, Night Slash*, Power Gem",,,"52;53;863","53"
"53","Persian (Alolan)","Meowth","FALSE",,"419",,,,"0/12/15",,,,"35.5",,,,"1498",,,,"Scratch, Foul Play, Play Rough",,,"52;53;863","53"
"53","Persian (Shadow)","Meowth","TRUE",,"152",,,,"0/14/15",,,,"38.5",,,,"1498",,,,"Scratch, Night Slash*, Power Gem",,,"52;53;863","53"
"54","Psyduck","Psyduck","FALSE","203",,,,"0/12/15",,,,"18",,,,"500",,,,"Water Gun, Aqua Tail, Cross Chop",,,,"54;55","54;55"
"54","Psyduck (Shadow)","Psyduck","TRUE","188",,,,"0/12/15",,,,"18",,,,"500",,,,"Water Gun, Aqua Tail, Cross Chop",,,,"54;55","54;55"
"55","Golduck","Psyduck","FALSE",,"690","467",,,"0/15/15","0/13/13",,,"23","48.5",,,"1499","2500",,,"Confusion, Cross Chop, Liquidation","Confusion, Cross Chop, Liquidation",,"54;55","55"
"55","Golduck (Shadow)","Psyduck","TRUE",,"719","459",,,"0/15/15","0/13/13",,,"23","48.5",,,"1499","2500",,,"Confusion, Cross Chop, Liquidation","Confusion, Cross Chop, Liquidation",,"54;55","55"
"56","Mankey","Mankey","FALSE","120","841",,,"0/15/15","15/15/15",,,"16.5","50",,,"500","1317",,,"Karate Chop, Cross Chop, Brick Break","Karate Chop, Cross Chop, Brick Break",,,"56;57;979","56;57;979"
"56","Mankey (Shadow)","Mankey","TRUE","104","794",,,"0/15/15","15/15/15",,,"16.5","50",,,"500","1317",,,"Karate Chop, Cross Chop, Brick Break","Karate Chop, Cross Chop, Brick Break",,,"56;57;979","56;57;979"
"57","Primeape","Mankey","FALSE",,"395","264",,,"1/15/14","7/15/15",,,"24.5","50",,,"1498","2499",,,"Karate Chop*, Rage Fist*, Ice Punch","Karate Chop*, Rage Fist*, Close Combat",,"56;57;979","57;979"
"57","Primeape (Shadow)","Mankey","TRUE",,"275","251",,,"1/15/14","7/15/15",,,"24.5","50",,,"1498","2499",,,"Karate Chop*, Rage Fist*, Ice Punch","Karate Chop*, Rage Fist*, Ice Punch",,"56;57;979","57;979"
"58","Growlithe","Growlithe","FALSE","171","735",,,"1/15/14","15/15/15",,,"15.5","50",,,"497","1405",,,"Ember, Flame Wheel, Body Slam","Ember, Flame Wheel, Body Slam",,,"58;59","58;59"
"58","Growlithe (Hisuian)","Growlithe","FALSE","69","691",,,"1/15/15","15/15/14",,,"14.5","50",,,"499","1495",,,"Ember, Rock Slide, Flamethrower","Ember, Rock Slide, Flamethrower",,,"58;59","58;59"
"58","Growlithe (Shadow)","Growlithe","TRUE","151","704",,,"1/15/14","15/15/15",,,"15.5","50",,,"497","1405",,,"Ember, Flame Wheel, Body Slam","Ember, Flame Wheel, Body Slam",,,"58;59","58;59"
"59","Arcanine","Growlithe","FALSE",,"747","762","215",,"0/14/15","0/15/15","15/15/15",,"18.5","31.5","50",,"1496","2500","3425",,"Bite*, Wild Charge, Psychic Fangs","Snarl, Crunch, Flamethrower","Fire Fang, Wild Charge, Psychic Fangs","58;59","59"
"59","Arcanine (Hisuian)","Growlithe","FALSE",,"1040","816","383",,"0/14/10","0/10/15","15/15/15",,"18","30","50",,"1500","2500","3556",,"Snarl, Wild Charge, Rock Slide","Snarl, Rock Slide, Crunch","Snarl, Wild Charge, Rock Slide","58;59","59"
"59","Arcanine (Shadow)","Growlithe","TRUE",,"740","339","221",,"0/14/15","0/15/15","15/15/15",,"18.5","31.5","50",,"1496","2500","3425",,"Bite*, Wild Charge, Psychic Fangs","Fire Fang, Wild Charge, Psychic Fangs","Fire Fang, Wild Charge, Psychic Fangs","58;59","59"
"60","Poliwag","Poliwag","FALSE","432",,,,"1/15/15",,,,"24",,,,"498",,,,"Bubble, Body Slam, Mud Bomb",,,,"60;61;62","60;61;62"
"60","Poliwag (Shadow)","Poliwag","TRUE","421",,,,"1/15/15",,,,"24",,,,"498",,,,"Bubble, Body Slam, Mud Bomb",,,,"60;61;62","60;61;62"
"61","Poliwhirl","Poliwag","FALSE",,"817",,,,"6/15/15",,,,"49.5",,,,"1500",,,,"Bubble, Scald*, Mud Bomb",,,"60;61;62","61;62"
"61","Poliwhirl (Shadow)","Poliwag","TRUE",,"897",,,,"6/15/15",,,,"49.5",,,,"1500",,,,"Bubble, Scald*, Mud Bomb",,,"60;61;62","61;62"
"62","Poliwrath","Poliwag","FALSE",,"201","318","314",,"0/14/15","0/14/14","15/15/15",,"22","44","50",,"1500","2497","2923",,"Mud Shot, Icy Wind, Dynamic Punch","Counter*, Icy Wind, Scald","Counter[etm], Scald, Icy Wind","60;61;62","62"
"62","Poliwrath (Shadow)","Poliwag","TRUE",,"299","293","320",,"0/14/15","0/14/14","15/15/15",,"22","44","50",,"1500","2497","2923",,"Mud Shot, Icy Wind, Dynamic Punch","Counter*, Icy Wind, Scald","Counter[etm], Scald, Icy Wind","60;61;62","62"
"63","Abra","Abra","FALSE","522",,,,"1/15/14",,,,"14",,,,"498",,,,"Charge Beam, Psyshock, Shadow Ball",,,,"63;64;65","63;64;65"
"63","Abra (Shadow)","Abra","TRUE","523",,,,"1/15/14",,,,"14",,,,"498",,,,"Charge Beam, Psyshock, Shadow Ball",,,,"63;64;65","63;64;65"
"64","Kadabra","Abra","FALSE",,"1128",,,,"2/15/14",,,,"27",,,,"1500",,,,"Confusion, Shadow Ball, Dazzling Gleam",,,"63;64;65","64;65"
"64","Kadabra (Shadow)","Abra","TRUE",,"1101",,,,"2/15/14",,,,"27",,,,"1500",,,,"Confusion, Shadow Ball, Dazzling Gleam",,,"63;64;65","64;65"
"65","Alakazam","Abra","FALSE",,"927","682","318",,"1/15/15","0/14/15","15/15/15",,"18","30.5","50",,"1499","2500","3456",,"Psycho Cut, Fire Punch, Shadow Ball","Psycho Cut, Fire Punch, Shadow Ball","Psycho Cut, Fire Punch, Shadow Ball","63;64;65","65"
"65","Alakazam (Shadow)","Abra","TRUE",,"844","658","293",,"1/15/15","0/14/15","15/15/15",,"18","30.5","50",,"1499","2500","3456",,"Psycho Cut, Fire Punch, Shadow Ball","Psycho Cut, Fire Punch, Shadow Ball","Psycho Cut, Fire Punch, Shadow Ball","63;64;65","65"
"66","Machop","Machop","FALSE","70","514",,,"2/15/14","15/15/15",,,"15","50",,,"500","1445",,,"Karate Chop, Cross Chop, Brick Break","Karate Chop, Cross Chop, Brick Break",,,"66;67;68","66;67;68"
"66","Machop (Shadow)","Machop","TRUE","56","495",,,"2/15/14","15/15/15",,,"15","50",,,"500","1445",,,"Karate Chop, Cross Chop, Brick Break","Karate Chop, Cross Chop, Brick Break",,,"66;67;68","66;67;68"
"67","Machoke","Machop","FALSE",,"494","423",,,"0/15/14","15/15/15",,,"28","50",,,"1499","2296",,,"Karate Chop, Cross Chop*, Return<sup>†</sup>","Karate Chop, Cross Chop*, Dynamic Punch",,"66;67;68","67;68"
"67","Machoke (Shadow)","Machop","TRUE",,"236","357",,,"0/15/14","15/15/15",,,"28","50",,,"1499","2296",,,"Karate Chop, Cross Chop*, Dynamic Punch","Karate Chop, Cross Chop*, Dynamic Punch",,"66;67;68","67;68"
"68","Machamp","Machop","FALSE",,"246","249","173",,"0/15/9","0/15/14","15/15/15",,"18.5","31","50",,"1498","2498","3455",,"Karate Chop[etm], Cross Chop, Rock Slide","Karate Chop[etm], Cross Chop, Rock Slide","Karate Chop[etm], Cross Chop, Rock Slide","66;67;68","68"
"68","Machamp (Shadow)","Machop","TRUE",,"194","175","147",,"0/15/9","0/15/14","15/15/15",,"18.5","31","50",,"1498","2498","3455",,"Karate Chop[etm], Cross Chop, Stone Edge[etm]","Karate Chop[etm], Cross Chop, Stone Edge[etm]","Karate Chop[etm], Cross Chop, Stone Edge[etm]","66;67;68","68"
"69","Bellsprout","Bellsprout","FALSE","451",,,,"0/15/11",,,,"19",,,,"500",,,,"Acid, Power Whip, Wrap",,,,"69;70;71","69;70;71"
"69","Bellsprout (Shadow)","Bellsprout","TRUE","486",,,,"0/15/11",,,,"19",,,,"500",,,,"Acid, Power Whip, Wrap",,,,"69;70;71","69;70;71"
"70","Weepinbell","Bellsprout","FALSE",,"744",,,,"0/14/14",,,,"41.5",,,,"1500",,,,"Acid, Power Whip, Seed Bomb",,,"69;70;71","70;71"
"70","Weepinbell (Shadow)","Bellsprout","TRUE",,"986",,,,"0/14/14",,,,"41.5",,,,"1500",,,,"Acid, Power Whip, Sludge Bomb",,,"69;70;71","70;71"
"71","Victreebel","Bellsprout","FALSE",,"331","149",,,"1/15/15","0/15/12",,,"23","48.5",,,"1498","2492",,,"Magical Leaf[etm], Leaf Blade, Sludge Bomb","Magical Leaf[etm], Leaf Blade, Sludge Bomb",,"69;70;71","71"
"71","Victreebel (Shadow)","Bellsprout","TRUE",,"252","177",,,"1/15/15","0/15/12",,,"23","48.5",,,"1498","2492",,,"Magical Leaf[etm], Leaf Blade, Sludge Bomb","Magical Leaf[etm], Leaf Blade, Sludge Bomb",,"69;70;71","71"
"72","Tentacool","Tentacool","FALSE","65","885",,,"0/14/14","15/15/15",,,"19.5","50",,,"497","1176",,,"Poison Sting, Wrap, Water Pulse","Poison Sting, Wrap, Water Pulse",,,"72;73","72;73"
"72","Tentacool (Shadow)","Tentacool","TRUE","98","918",,,"0/14/14","15/15/15",,,"19.5","50",,,"500","1176",,,"Poison Sting, Wrap, Water Pulse","Poison Sting, Wrap, Water Pulse",,,"72;73","72;73"
"73","Tentacruel","Tentacool","FALSE",,"189","82","309",,"1/15/14","1/15/13","15/15/15",,"23.5","49.5","50",,"1495","2499","2738",,"Acid, Scald, Payback","Acid, Scald, Payback","Acid, Scald, Payback","72;73","73"
"73","Tentacruel (Shadow)","Tentacool","TRUE",,"313","86","335",,"1/15/14","1/15/13","15/15/15",,"23.5","49.5","50",,"1495","2499","2738",,"Acid, Scald, Payback","Acid, Scald, Payback","Poison Sting, Scald, Payback","72;73","73"
"74","Geodude","Geodude","FALSE","272","1046",,,"1/15/14","15/15/15",,,"15","50",,,"499","1462",,,"Rock Throw, Rock Tomb, Rock Slide","Rock Throw, Rock Tomb, Rock Slide",,,"74;75;76","74;75;76"
"74","Geodude (Alolan)","Geodude","FALSE","150","750",,,"1/15/14","15/15/15",,,"15","50",,,"499","1462",,,"Volt Switch, Rock Tomb, Rock Slide","Volt Switch, Rock Tomb, Rock Slide",,,"74;75;76","74;75;76"
"74","Geodude (Alolan) (Shadow)","Geodude","TRUE","202","742",,,"1/15/14","15/15/15",,,"15","50",,,"499","1462",,,"Volt Switch, Rock Tomb, Rock Slide","Volt Switch, Rock Tomb, Rock Slide",,,"74;75;76","74;75;76"
"74","Geodude (Shadow)","Geodude","TRUE","205","969",,,"1/15/14","15/15/15",,,"15","50",,,"499","1462",,,"Rock Throw, Rock Tomb, Rock Slide","Rock Throw, Rock Tomb, Rock Slide",,,"74;75;76","74;75;76"
"75","Graveler","Geodude","FALSE",,"929","832",,,"0/14/15","15/15/15",,,"30.5","50",,,"1499","2145",,,"Mud Slap, Rock Slide*, Dig","Mud Slap, Rock Slide*, Dig",,"74;75;76","75;76"
"75","Graveler (Alolan)","Geodude","FALSE",,"525","775",,,"0/14/15","15/15/15",,,"30.5","50",,,"1499","2145",,,"Volt Switch, Stone Edge, Rock Blast","Volt Switch, Stone Edge, Rock Blast",,"74;75;76","75;76"
"75","Graveler (Alolan) (Shadow)","Geodude","TRUE",,"599","758",,,"0/14/15","15/15/15",,,"30.5","50",,,"1500","2145",,,"Volt Switch, Stone Edge, Rock Blast","Volt Switch, Stone Edge, Rock Blast",,"74;75;76","75;76"
"75","Graveler (Shadow)","Geodude","TRUE",,"961","828",,,"0/14/15","15/15/15",,,"30.5","50",,,"1500","2145",,,"Mud Slap, Rock Slide*, Dig","Mud Slap, Rock Slide*, Dig",,"74;75;76","75;76"
"76","Golem","Geodude","FALSE",,"1084","803","387",,"1/14/15","0/15/15","15/15/15",,"19","33.5","50",,"1497","2499","3334",,"Mud Slap, Stone Edge, Earthquake","Mud Slap, Earthquake, Stone Edge","Mud Slap, Earthquake, Stone Edge","74;75;76","76"
"76","Golem (Alolan)","Geodude","FALSE",,"528","460","308",,"1/14/15","0/15/15","15/15/15",,"19","33.5","50",,"1497","2499","3334",,"Rollout[etm], Wild Charge, Stone Edge","Volt Switch, Rock Blast, Wild Charge","Rollout[etm], Wild Charge, Stone Edge","74;75;76","76"
"76","Golem (Alolan) (Shadow)","Geodude","TRUE",,"535","454","304",,"1/14/15","0/15/15","15/15/15",,"19","33.5","50",,"1497","2499","3334",,"Rollout[etm], Wild Charge, Stone Edge","Rollout[etm], Wild Charge, Stone Edge","Rollout[etm], Wild Charge, Stone Edge","74;75;76","76"
"76","Golem (Shadow)","Geodude","TRUE",,"1081","824","392",,"1/14/15","0/15/15","15/15/15",,"19","33.5","50",,"1497","2499","3334",,"Mud Slap, Stone Edge, Earthquake","Mud Slap, Earthquake, Stone Edge","Mud Slap, Earthquake, Stone Edge","74;75;76","76"
"77","Ponyta","Ponyta","FALSE","287","717",,,"3/15/15","0/15/14",,,"11","37.5",,,"499","1500",,,"Ember, Flame Wheel, Stomp","Ember, Flame Wheel, Stomp",,,"77;78","77;78"
"77","Ponyta (Galarian)","Ponyta","FALSE","429","955",,,"3/15/15","0/15/14",,,"11","37.5",,,"499","1500",,,"Low Kick, Swift, Play Rough","Psycho Cut, Swift, Play Rough",,,"77;78","77;78"
"77","Ponyta (Shadow)","Ponyta","TRUE","242","652",,,"3/15/15","0/15/14",,,"11","37.5",,,"499","1500",,,"Ember, Flame Wheel, Stomp","Ember, Flame Wheel, Stomp",,,"77;78","77;78"
"78","Rapidash","Ponyta","FALSE",,"206","130",,,"0/13/15","0/15/14",,,"23","47",,,"1499","2498",,,"Incinerate, Wild Charge[etm], Drill Run","Incinerate, Wild Charge[etm], Drill Run",,"77;78","78"
"78","Rapidash (Galarian)","Ponyta","FALSE",,"545","445",,,"0/13/15","0/15/14",,,"23","47",,,"1499","2498",,,"Fairy Wind, Wild Charge[etm], Body Slam","Fairy Wind, Wild Charge[etm], Body Slam",,"77;78","78"
"78","Rapidash (Shadow)","Ponyta","TRUE",,"211","118",,,"0/13/15","0/15/14",,,"23","47",,,"1499","2498",,,"Incinerate, Drill Run, Wild Charge*","Incinerate, Wild Charge*, Drill Run",,"77;78","78"
"79","Slowpoke","Slowpoke","FALSE","327","576",,,"0/15/7","15/15/15",,,"16.5","50",,,"500","1386",,,"Confusion, Psyshock, Water Pulse","Confusion, Psyshock, Water Pulse",,,"79;80;199","79;80;199"
"79","Slowpoke (Galarian)","Slowpoke","FALSE","358","697",,,"0/15/7","15/15/15",,,"16.5","50",,,"500","1386",,,"Confusion, Psyshock, Surf","Confusion, Psyshock, Surf",,,"79;80;199","79;80;199"
"79","Slowpoke (Shadow)","Slowpoke","TRUE","299","666",,,"0/15/7","15/15/15",,,"16.5","50",,,"500","1386",,,"Confusion, Psyshock, Water Pulse","Confusion, Psyshock, Water Pulse",,,"79;80;199","79;80;199"
"80","Slowbro","Slowpoke","FALSE",,"371","233","310",,"0/14/13","0/15/15","15/15/15",,"22.5","45","50",,"1500","2498","2877",,"Confusion, Surf[etm], Ice Beam","Confusion, Surf[etm], Ice Beam","Confusion, Surf[etm], Ice Beam","79;80","80"
"80","Slowbro (Galarian)","Slowpoke","FALSE",,"531","337",,,"0/14/11","0/15/13",,,"23.5","48.5",,,"1500","2495",,,"Confusion, Drain Punch, Sludge Bomb","Confusion, Drain Punch, Sludge Bomb",,"79;80","80"
"80","Slowbro (Shadow)","Slowpoke","TRUE",,"431","216","381",,"0/14/13","0/15/15","15/15/15",,"22.5","45","50",,"1500","2498","2877",,"Confusion, Surf[etm], Ice Beam","Confusion, Surf[etm], Ice Beam","Confusion, Surf[etm], Ice Beam","79;80","80"
"81","Magnemite","Magnemite","FALSE","114","462",,,"0/15/14","10/15/15",,,"14","50",,,"500","1496",,,"Volt Switch, Magnet Bomb, Discharge","Volt Switch, Magnet Bomb, Discharge",,,"81;82;462","81;82;462"
"81","Magnemite (Shadow)","Magnemite","TRUE","94","298",,,"0/15/14","10/15/15",,,"14","50",,,"500","1496",,,"Volt Switch, Magnet Bomb, Discharge","Volt Switch, Magnet Bomb, Discharge",,,"81;82;462","81;82;462"
"82","Magneton","Magnemite","FALSE",,"430","332",,,"0/15/15","0/15/15",,,"22.5","45.5",,,"1499","2496",,,"Volt Switch, Magnet Bomb, Discharge","Volt Switch, Magnet Bomb, Discharge",,"81;82;462","82;462"
"82","Magneton (Shadow)","Magnemite","TRUE",,"346","262",,,"0/15/15","0/15/15",,,"22.5","45.5",,,"1499","2496",,,"Thunder Shock, Discharge, Magnet Bomb","Volt Switch, Magnet Bomb, Discharge",,"81;82;462","82;462"
"83","Farfetch'd","Farfetchd","FALSE",,"471",,,,"15/15/15",,,,"50",,,,"1397",,,,"Fury Cutter, Leaf Blade, Aerial Ace",,,"83;865","83;865"
"83","Farfetch'd (Galarian)","Farfetchd","FALSE","160","424",,,"0/14/12","0/15/15",,,"11.5","38",,,"499","1499",,,"Fury Cutter, Leaf Blade, Brick Break","Fury Cutter, Leaf Blade, Brick Break",,,"83;865","83;865"
"84","Doduo","Doduo","FALSE","122",,,,"0/14/15",,,,"16",,,,"500",,,,"Peck, Drill Peck, Brave Bird",,,,"84;85","84;85"
"85","Dodrio","Doduo","FALSE",,"254","143",,,"2/15/15","0/15/14",,,"23.5","50",,,"1496","2499",,,"Peck, Drill Peck, Brave Bird","Peck, Drill Peck, Brave Bird",,"84;85","85"
"86","Seel","Seel","FALSE","26","946",,,"0/11/15","15/15/15",,,"21.5","50",,,"500","1098",,,"Lick, Aqua Tail, Icy Wind","Water Gun*, Aqua Tail, Icy Wind",,,"86;87","86;87"
"86","Seel (Shadow)","Seel","TRUE","72","997",,,"0/11/15","15/15/15",,,"21.5","50",,,"500","1098",,,"Lick, Aqua Tail, Icy Wind","Water Gun*, Aqua Tail, Icy Wind",,,"86;87","86;87"
"87","Dewgong","Seel","FALSE",,"70","356",,,"0/12/15","15/15/15",,,"29.5","50",,,"1498","2245",,,"Ice Shard[etm], Icy Wind[etm], Drill Run","Ice Shard[etm], Icy Wind[etm], Drill Run",,"86;87","87"
"87","Dewgong (Shadow)","Seel","TRUE",,"235","409",,,"0/12/15","15/15/15",,,"29.5","50",,,"1498","2245",,,"Ice Shard*, Icy Wind*, Drill Run","Ice Shard*, Icy Wind*, Drill Run",,"86;87","87"
"88","Grimer","Grimer","FALSE","123","451",,,"1/15/15","10/15/14",,,"14","50",,,"500","1491",,,"Acid<sup>†</sup>, Sludge, Mud Bomb","Poison Jab, Sludge, Mud Bomb",,,"88;89","88;89"
"88","Grimer (Alolan)","Grimer","FALSE","147","513",,,"1/15/15","10/15/14",,,"14","50",,,"499","1497",,,"Bite, Crunch, Sludge Bomb","Poison Jab, Crunch, Sludge Bomb",,,"88;89","88;89"
"88","Grimer (Alolan) (Shadow)","Grimer","TRUE","220","574",,,"1/15/15","10/15/14",,,"14","50",,,"499","1497",,,"Bite, Crunch, Sludge Bomb","Poison Jab, Crunch, Sludge Bomb",,,"88;89","88;89"
"88","Grimer (Shadow)","Grimer","TRUE","312","526",,,"1/15/15","10/15/14",,,"14","50",,,"499","1497",,,"Poison Jab, Sludge, Mud Bomb","Poison Jab, Sludge, Mud Bomb",,,"88;89","88;89"
"89","Muk","Grimer","FALSE",,"444","323","307",,"0/15/14","0/15/14","15/15/15",,"20.5","38.5","50",,"1491","2497","3117",,"Poison Jab, Thunder Punch, Dark Pulse","Poison Jab, Thunder Punch, Dark Pulse","Acid<sup>†</sup>, Dark Pulse, Thunder Punch","88;89","89"
"89","Muk (Alolan)","Grimer","FALSE",,"101","36","271",,"0/15/14","0/15/14","15/15/15",,"20.5","38.5","50",,"1491","2497","3117",,"Poison Jab, Brutal Swing, Ice Punch","Poison Jab, Brutal Swing, Ice Punch","Poison Jab, Brutal Swing, Ice Punch","88;89","89"
"89","Muk (Alolan) (Shadow)","Grimer","TRUE",,"113","69","251",,"0/15/14","0/15/14","15/15/15",,"20.5","38.5","50",,"1491","2497","3117",,"Poison Jab, Brutal Swing, Ice Punch","Poison Jab, Brutal Swing, Ice Punch","Poison Jab, Brutal Swing, Ice Punch","88;89","89"
"89","Muk (Shadow)","Grimer","TRUE",,"496","305","342",,"0/15/14","0/15/14","15/15/15",,"20.5","38.5","50",,"1491","2497","3117",,"Poison Jab, Dark Pulse, Thunder Punch","Poison Jab, Dark Pulse, Thunder Punch","Infestation, Dark Pulse, Thunder Punch","88;89","89"
"90","Shellder","Shellder","FALSE","470",,,,"0/14/13",,,,"18.5",,,,"500",,,,"Ice Shard, Icy Wind, Razor Shell",,,,"90;91","90;91"
"90","Shellder (Shadow)","Shellder","TRUE","465",,,,"0/14/13",,,,"18.5",,,,"500",,,,"Ice Shard, Icy Wind, Razor Shell",,,,"90;91","90;91"
"91","Cloyster","Shellder","FALSE",,"838","568",,,"0/12/13","0/14/14",,,"22.5","45",,,"1498","2498",,,"Ice Shard, Icy Wind, Liquidation","Ice Shard, Icy Wind, Hydro Pump",,"90;91","91"
"91","Cloyster (Shadow)","Shellder","TRUE",,"937","621",,,"0/12/13","0/14/14",,,"22.5","45",,,"1498","2498",,,"Ice Shard, Icy Wind, Liquidation","Ice Shard, Icy Wind, Hydro Pump",,"90;91","91"
"92","Gastly","Gastly","FALSE","426",,,,"0/14/14",,,,"15.5",,,,"498",,,,"Sucker Punch*, Night Shade, Dark Pulse",,,,"92;93;94","92;93;94"
"92","Gastly (Shadow)","Gastly","TRUE","354",,,,"0/14/14",,,,"15.5",,,,"498",,,,"Sucker Punch*, Night Shade, Dark Pulse",,,,"92;93;94","92;93;94"
"93","Haunter","Gastly","FALSE",,"529",,,,"1/15/14",,,,"28.5",,,,"1498",,,,"Shadow Claw, Shadow Punch, Ice Punch",,,"92;93;94","93;94"
"93","Haunter (Shadow)","Gastly","TRUE",,"632",,,,"1/15/14",,,,"28.5",,,,"1498",,,,"Shadow Claw, Ice Punch, Shadow Ball",,,"92;93;94","93;94"
"94","Gengar","Gastly","FALSE",,"602","479",,,"0/13/13","1/15/15",,,"19.5","34",,,"1495","2496",,,"Shadow Claw, Shadow Punch[etm], Sludge Bomb","Shadow Claw, Shadow Punch[etm], Sludge Bomb",,"92;93;94","94"
"94","Gengar (Shadow)","Gastly","TRUE",,"441","322",,,"0/13/13","1/15/15",,,"19.5","34",,,"1495","2496",,,"Shadow Claw, Shadow Punch[etm], Sludge Bomb","Shadow Claw, Shadow Punch[etm], Sludge Bomb",,"92;93;94","94"
"95","Onix","Onix","FALSE","132","912",,,"0/14/11","15/15/14",,,"19","50",,,"500","1245",,,"Rock Throw, Rock Slide*, Sand Tomb","Rock Throw, Rock Slide*, Sand Tomb",,,"95;208","95;208"
"95","Onix (Shadow)","Onix","TRUE","115","963",,,"0/14/11","15/15/14",,,"19","50",,,"500","1245",,,"Rock Throw, Rock Slide*, Sand Tomb","Rock Throw, Rock Slide*, Sand Tomb",,,"95;208","95;208"
"96","Drowzee","Drowzee","FALSE","227","959",,,"0/13/11","15/15/14",,,"20","50",,,"500","1176",,,"Confusion, Psyshock, Psychic","Confusion, Psyshock, Return<sup>†</sup>",,,"96;97","96;97"
"96","Drowzee (Shadow)","Drowzee","TRUE","267","1008",,,"0/13/11","15/15/14",,,"20","50",,,"500","1176",,,"Confusion, Psyshock, Psychic","Confusion, Psyshock, Psychic",,,"96;97","96;97"
"97","Hypno","Drowzee","FALSE",,"269","421",,,"1/15/15","15/15/14",,,"27.5","50",,,"1500","2363",,,"Confusion, Shadow Ball, Thunder Punch","Confusion, Thunder Punch, Shadow Ball",,"96;97","97"
"97","Hypno (Shadow)","Drowzee","TRUE",,"283","441",,,"1/15/15","15/15/14",,,"27.5","50",,,"1500","2363",,,"Confusion, Ice Punch, Psyshock[etm]","Confusion, Ice Punch, Psyshock[etm]",,"96;97","97"
"98","Krabby","Krabby","FALSE","483","1073",,,"2/15/15","0/15/15",,,"12","43",,,"499","1498",,,"Bubble, Vise Grip, Razor Shell","Bubble, Vise Grip, Razor Shell",,,"98;99","98;99"
"98","Krabby (Shadow)","Krabby","TRUE","490","1047",,,"2/15/15","0/15/15",,,"12","43",,,"499","1498",,,"Bubble, Vise Grip, Razor Shell","Bubble, Vise Grip, Razor Shell",,,"98;99","98;99"
"99","Kingler","Krabby","FALSE",,"1035","666",,,"0/9/15","0/15/15",,,"20","35.5",,,"1500","2498",,,"Bubble, Crabhammer, Vise Grip","Mud Shot*, Crabhammer, Vise Grip",,"98;99","99"
"99","Kingler (Shadow)","Krabby","TRUE",,"1009","638",,,"0/9/15","0/15/15",,,"20","35.5",,,"1500","2498",,,"Bubble, Crabhammer, Vise Grip","Mud Shot*, Crabhammer, Vise Grip",,"98;99","99"
"100","Voltorb","Voltorb","FALSE","378",,,,"0/12/14",,,,"20",,,,"499",,,,"Spark, Discharge, Gyro Ball",,,,"100;101","100;101"
"100","Voltorb (Hisuian)","Voltorb","FALSE","482",,,,"0/12/14",,,,"20",,,,"499",,,,"Charge Beam, Energy Ball, Swift",,,,"100;101","100;101"
"100","Voltorb (Shadow)","Voltorb","TRUE","434",,,,"0/12/14",,,,"20",,,,"499",,,,"Spark, Discharge, Gyro Ball",,,,"100;101","100;101"
"101","Electrode","Voltorb","FALSE",,"355","471",,,"1/15/15","15/15/14",,,"27","50",,,"1500","2373",,,"Volt Switch, Discharge, Foul Play","Volt Switch, Foul Play, Discharge",,"100;101","101"
"101","Electrode (Hisuian)","Voltorb","FALSE",,"35","165",,,"1/14/14","15/15/14",,,"26.5","50",,,"1500","2430",,,"Thunder Shock, Wild Charge, Energy Ball","Thunder Shock, Wild Charge, Energy Ball",,"100;101","101"
"101","Electrode (Shadow)","Voltorb","TRUE",,"369","405",,,"1/15/15","15/15/14",,,"27","50",,,"1500","2373",,,"Volt Switch, Discharge, Foul Play","Volt Switch, Foul Play, Discharge",,"100;101","101"
"102","Exeggcute","Exeggcute","FALSE","458","990",,,"0/15/14","15/15/14",,,"17","50",,,"500","1328",,,"Confusion, Seed Bomb, Ancient Power","Confusion, Seed Bomb, Ancient Power",,,"102;103","102;103"
"102","Exeggcute (Shadow)","Exeggcute","TRUE","452","993",,,"0/15/14","15/15/14",,,"17","50",,,"500","1328",,,"Confusion, Seed Bomb, Ancient Power","Confusion, Seed Bomb, Ancient Power",,,"102;103","102;103"
"103","Exeggutor","Exeggcute","FALSE",,"922","720","379",,"0/15/14","1/15/15","15/15/15",,"18.5","31.5","50",,"1499","2500","3408",,"Confusion, Seed Bomb, Psychic","Confusion, Seed Bomb, Psychic","Confusion, Seed Bomb, Psychic","102;103","103"
"103","Exeggutor (Alolan)","Exeggcute","FALSE",,"867","650","313",,"1/15/14","1/15/15","15/15/15",,"18.5","31.5","50",,"1498","2499","3407",,"Dragon Tail, Seed Bomb, Draco Meteor[etm]","Dragon Tail, Seed Bomb, Draco Meteor[etm]","Dragon Tail, Seed Bomb, Draco Meteor[etm]","102;103","103"
"103","Exeggutor (Alolan) (Shadow)","Exeggcute","TRUE",,"886","683","316",,"1/15/14","1/15/15","15/15/15",,"18.5","31.5","50",,"1498","2499","3407",,"Dragon Tail, Seed Bomb, Draco Meteor[etm]","Dragon Tail, Seed Bomb, Draco Meteor[etm]","Dragon Tail, Seed Bomb, Draco Meteor[etm]","102;103","103"
"103","Exeggutor (Shadow)","Exeggcute","TRUE",,"883","684","353",,"0/15/14","1/15/15","15/15/15",,"18.5","31.5","50",,"1499","2500","3408",,"Confusion, Seed Bomb, Psychic","Confusion, Seed Bomb, Psychic","Confusion, Seed Bomb, Psychic","102;103","103"
"104","Cubone","Cubone","FALSE","46","974",,,"0/15/14","15/15/15",,,"20","50",,,"500","1152",,,"Mud Slap, Bone Club, Bulldoze","Mud Slap, Bone Club, Return<sup>†</sup>",,,"104;105","104;105"
"104","Cubone (Shadow)","Cubone","TRUE","58","945",,,"0/15/14","15/15/15",,,"20","50",,,"500","1152",,,"Mud Slap, Bone Club, Bulldoze","Mud Slap, Bone Club, Bulldoze",,,"104;105","104;105"
"105","Marowak","Cubone","FALSE",,"20","640",,,"0/15/15","15/15/14",,,"33","50",,,"1496","2075",,,"Mud Slap, Bone Club, Rock Slide","Mud Slap, Bone Club, Rock Slide",,"104;105","105"
"105","Marowak (Alolan)","Cubone","FALSE",,"170","631",,,"0/15/15","15/15/14",,,"33","50",,,"1496","2075",,,"Fire Spin, Bone Club, Shadow Bone*","Hex, Shadow Bone*, Bone Club",,"104;105","105"
"105","Marowak (Alolan) (Shadow)","Cubone","TRUE",,"176","647",,,"0/15/15","15/15/14",,,"33","50",,,"1496","2075",,,"Fire Spin, Shadow Bone*, Bone Club","Hex, Shadow Bone*, Bone Club",,"104;105","105"
"105","Marowak (Shadow)","Cubone","TRUE",,"82","668",,,"0/15/15","15/15/14",,,"33","50",,,"1496","2075",,,"Mud Slap, Bone Club, Rock Slide","Mud Slap, Bone Club, Rock Slide",,"104;105","105"
"106","Hitmonlee","Hitmonlee","FALSE",,"474","354",,,"2/15/15","0/15/15",,,"21.5","42.5",,,"1500","2497",,,"Low Kick, Blaze Kick, Brick Break*","Low Kick, Close Combat, Blaze Kick",,"106;236","106;236"
"106","Hitmonlee (Shadow)","Hitmonlee","TRUE",,"408","290",,,"2/15/15","0/15/15",,,"21.5","42.5",,,"1500","2497",,,"Low Kick, Blaze Kick, Brick Break*","Low Kick, Close Combat, Blaze Kick",,"106;236","106;236"
"107","Hitmonchan","Hitmonchan","FALSE",,"810","624",,,"0/13/13","4/15/15",,,"24.5","50",,,"1497","2497",,,"Counter, Ice Punch, Thunder Punch","Counter, Ice Punch, Thunder Punch",,"107;236","107;236"
"107","Hitmonchan (Shadow)","Hitmonchan","TRUE",,"832","594",,,"0/13/13","4/15/15",,,"24.5","50",,,"1497","2497",,,"Counter, Ice Punch, Thunder Punch","Counter, Ice Punch, Thunder Punch",,"107;236","107;236"
"108","Lickitung","Lickitung","FALSE","99","175",,,"1/15/14","8/14/15",,,"14","50",,,"499","1491",,,"Lick, Body Slam*, Power Whip","Lick, Body Slam*, Power Whip",,,"108;463","108;463"
"109","Koffing","Koffing","FALSE","140","833",,,"0/12/13","15/15/15",,,"16.5","50",,,"500","1373",,,"Acid<sup>†</sup>, Sludge, Dark Pulse","Infestation, Sludge, Dark Pulse",,,"109;110","109;110"
"109","Koffing (Shadow)","Koffing","TRUE","250","895",,,"0/12/13","15/15/15",,,"16.5","50",,,"500","1373",,,"Infestation, Sludge, Dark Pulse","Infestation, Sludge, Dark Pulse",,,"109;110","109;110"
"110","Weezing","Koffing","FALSE",,"600","474",,,"0/15/13","8/15/15",,,"25","50",,,"1500","2495",,,"Rollout, Sludge Bomb, Dark Pulse","Rollout, Sludge Bomb, Shadow Ball",,"109;110","110"
"110","Weezing (Galarian)","Koffing","FALSE",,"218","120",,,"0/15/13","8/15/15",,,"25","50",,,"1499","2500",,,"Fairy Wind, Sludge, Brutal Swing","Fairy Wind, Brutal Swing, Sludge",,"109;110","110"
"110","Weezing (Galarian) (Shadow)","Koffing","TRUE",,"181","113",,,"0/15/13","8/15/15",,,"25","50",,,"1499","2500",,,"Fairy Wind, Sludge, Brutal Swing","Fairy Wind, Brutal Swing, Sludge",,"109;110","110"
"110","Weezing (Shadow)","Koffing","TRUE",,"718","539",,,"0/15/13","8/15/15",,,"25","50",,,"1499","2500",,,"Rollout, Sludge Bomb, Dark Pulse","Rollout, Sludge Bomb, Shadow Ball",,"109;110","110"
"111","Rhyhorn","Rhyhorn","FALSE","264","924",,,"0/11/11","1/15/14",,,"12","40",,,"499","1497",,,"Mud Slap, Bulldoze, Stomp","Mud Slap, Bulldoze, Stomp",,,"111;112;464","111;112;464"
"111","Rhyhorn (Shadow)","Rhyhorn","TRUE","191","906",,,"0/11/11","1/15/14",,,"12","40",,,"499","1497",,,"Mud Slap, Bulldoze, Stomp","Mud Slap, Bulldoze, Stomp",,,"111;112;464","111;112;464"
"112","Rhydon","Rhyhorn","FALSE",,"1091","813","361",,"2/15/14","0/14/14","15/15/15",,"17.5","29.5","50",,"1499","2500","3594",,"Mud Slap, Stone Edge, Earthquake","Mud Slap, Stone Edge, Earthquake","Mud Slap, Stone Edge, Earthquake","111;112;464","112;464"
"112","Rhydon (Shadow)","Rhyhorn","TRUE",,"1080","827","356",,"2/15/14","0/14/14","15/15/15",,"17.5","29.5","50",,"1499","2500","3594",,"Mud Slap, Stone Edge, Earthquake","Mud Slap, Stone Edge, Earthquake","Mud Slap, Stone Edge, Earthquake","111;112;464","112;464"
"113","Chansey","Chansey","FALSE",,"608","847",,,"15/15/15","15/15/15",,,"50","50",,,"1418","1418",,,"Zen Headbutt, Dazzling Gleam, Hyper Beam","Zen Headbutt, Dazzling Gleam, Psychic",,"113;242;440","113;242;440"
"114","Tangela","Tangela","FALSE","509","1059","746",,"1/15/13","0/13/15","12/15/15",,"8.5","25.5","50",,"500","1500","2497",,"Infestation, Grass Knot, Sludge Bomb","Infestation, Grass Knot, Sludge Bomb","Infestation, Grass Knot, Sludge Bomb",,"114;465","114;465"
"114","Tangela (Shadow)","Tangela","TRUE","510","1083","793",,"1/15/13","0/13/15","12/15/15",,"8.5","25.5","50",,"500","1500","2497",,"Infestation, Grass Knot, Sludge Bomb","Infestation, Grass Knot, Sludge Bomb","Infestation, Grass Knot, Sludge Bomb",,"114;465","114;465"
"115","Kangaskhan","Kangaskhan","FALSE",,"382","591","302",,"0/14/15","0/14/14","15/15/15",,"22","44","50",,"1495","2498","2924",,"Low Kick, Brick Break*, Crunch","Low Kick, Power-Up Punch, Outrage","Low Kick, Brick Break*, Crunch","115","115"
"116","Horsea","Horsea","FALSE","513",,,,"1/15/13",,,,"18.5",,,,"499",,,,"Bubble, Bubble Beam, Dragon Pulse",,,,"116;117;230","116;117;230"
"116","Horsea (Shadow)","Horsea","TRUE","505",,,,"1/15/13",,,,"18.5",,,,"499",,,,"Bubble, Bubble Beam, Dragon Pulse",,,,"116;117;230","116;117;230"
"117","Seadra","Horsea","FALSE",,"1079","823",,,"1/15/14","15/15/15",,,"27","50",,,"1494","2366",,,"Dragon Breath, Hydro Pump, Dragon Pulse","Dragon Breath, Hydro Pump, Dragon Pulse",,"116;117;230","117;230"
"117","Seadra (Shadow)","Horsea","TRUE",,"1113","840",,,"1/15/14","15/15/15",,,"27","50",,,"1494","2366",,,"Dragon Breath, Hydro Pump, Dragon Pulse","Dragon Breath, Dragon Pulse, Hydro Pump",,"116;117;230","117;230"
"118","Goldeen","Goldeen","FALSE","141","939",,,"1/14/14","15/15/15",,,"17","50",,,"498","1302",,,"Peck, Aqua Tail, Horn Attack","Peck, Aqua Tail, Horn Attack",,,"118;119","118;119"
"119","Seaking","Goldeen","FALSE",,"107","43",,,"0/14/14","15/15/15",,,"26.5","50",,,"1500","2444",,,"Peck, Drill Run*, Icy Wind*","Peck, Drill Run*, Icy Wind*",,"118;119","119"
"120","Staryu","Staryu","FALSE","395",,,,"2/15/15",,,,"16.5",,,,"499",,,,"Quick Attack<sup>†</sup>, Swift, Power Gem",,,,"120;121","120;121"
"120","Staryu (Shadow)","Staryu","TRUE","362",,,,"2/15/15",,,,"16.5",,,,"499",,,,"Water Gun, Swift, Power Gem",,,,"120;121","120;121"
"121","Starmie","Staryu","FALSE",,"266","219",,,"0/15/11","0/15/14",,,"22","43",,,"1500","2498",,,"Psywave, Aqua Jet, Power Gem","Psywave, Aqua Jet, Power Gem",,"120;121","121"
"121","Starmie (Shadow)","Staryu","TRUE",,"267","161",,,"0/15/11","0/15/14",,,"22","43",,,"1500","2498",,,"Psywave, Aqua Jet, Power Gem","Psywave, Aqua Jet, Power Gem",,"120;121","121"
"122","Mr. Mime","Mr-mime","FALSE",,"774","569",,,"0/13/15","13/15/15",,,"25.5","50",,,"1500","2498",,,"Psywave, Shadow Ball, Psychic","Psywave, Shadow Ball, Psychic",,"122;439;866","122;439;866"
"122","Mr. Mime (Galarian)","Mr-mime","FALSE",,"953","800",,,"0/14/15","15/15/15",,,"27.5","50",,,"1500","2338",,,"Confusion, Ice Punch, Triple Axel","Confusion, Ice Punch, Triple Axel",,"122;439;866","122;439;866"
"123","Scyther","Scyther","FALSE","119","728","538",,"2/15/15","0/14/11","0/15/15",,"7","21","39",,"500","1500","2498",,"Fury Cutter, X-Scissor, Night Slash","Fury Cutter, Night Slash, X-Scissor","Fury Cutter, Night Slash, X-Scissor",,"123;212","123;212"
"123","Scyther (Shadow)","Scyther","TRUE",,"594","449",,,"0/14/11","0/15/15",,,"21","39",,,"1500","2498",,,"Fury Cutter, Night Slash, X-Scissor","Fury Cutter, Night Slash, X-Scissor",,"123;212","123;212"
"124","Jynx","Jynx","FALSE",,"971","705",,,"0/15/13","1/15/15",,,"22","43",,,"1499","2499",,,"Confusion, Avalanche, Ice Punch[etm]","Confusion, Avalanche, Ice Punch[etm]",,"124;238","124;238"
"125","Electabuzz","Electabuzz","FALSE",,"566","492",,,"0/14/11","3/15/15",,,"24.5","50",,,"1498","2490",,,"Thunder Shock, Thunder Punch, Return[legacy]","Thunder Shock, Thunder Punch, Return[legacy]",,"125;239;466","125;239;466"
"125","Electabuzz (Shadow)","Electabuzz","TRUE",,"579","383",,,"0/14/11","3/15/15",,,"24.5","50",,,"1500","2494",,,"Thunder Shock, Thunder Punch, Thunderbolt","Thunder Shock, Thunder Punch, Thunderbolt",,"125;239;466","125;239;466"
"126","Magmar","Magmar","FALSE",,"570","404",,,"0/15/15","0/13/15",,,"23.5","49.5",,,"1497","2496",,,"Karate Chop, Fire Punch, Scorching Sands","Karate Chop, Fire Punch, Scorching Sands",,"126;240;467","126;240;467"
"126","Magmar (Shadow)","Magmar","TRUE",,"540","393",,,"0/15/15","0/13/15",,,"23.5","49.5",,,"1497","2496",,,"Ember, Fire Punch, Scorching Sands","Ember, Fire Punch, Scorching Sands",,"126;240;467","126;240;467"
"127","Pinsir","Pinsir","FALSE",,"732","540","284",,"0/13/14","0/14/15","15/15/15",,"19","33","50",,"1498","2500","3345",,"Fury Cutter, Close Combat, X-Scissor","Fury Cutter, Close Combat, X-Scissor","Fury Cutter, Close Combat, X-Scissor","127","127"
"127","Pinsir (Shadow)","Pinsir","TRUE",,"628","496","220",,"0/13/14","0/14/15","15/15/15",,"19","33","50",,"1498","2500","3345",,"Fury Cutter, Close Combat, X-Scissor","Fury Cutter, Close Combat, X-Scissor","Fury Cutter, Close Combat, X-Scissor","127","127"
"128","Tauros","Tauros","FALSE",,"899","651",,,"0/15/15","0/15/14",,,"21.5","42",,,"1499","2494",,,"Tackle, Trailblaze, Horn Attack","Tackle, Trailblaze, Horn Attack",,"128","128"
"128","Tauros (Aqua)","Tauros","FALSE",,"595","415","267",,"0/11/15","0/15/15","15/15/15",,"20","36","50",,"1500","2499","3207",,"Double Kick, Aqua Jet, Trailblaze","Double Kick, Aqua Jet, Trailblaze","Double Kick, Aqua Jet, Trailblaze","128","128"
"128","Tauros (Blaze)","Tauros","FALSE",,"746","520","294",,"0/11/15","0/15/15","15/15/15",,"20","36","50",,"1500","2499","3207",,"Double Kick, Flame Charge, Trailblaze","Double Kick, Flame Charge, Trailblaze","Double Kick, Flame Charge, Trailblaze","128","128"
"128","Tauros (Combat)","Tauros","FALSE",,"661","469","303",,"0/11/15","0/15/15","15/15/15",,"20","36","50",,"1500","2499","3207",,"Double Kick, Close Combat, Trailblaze","Double Kick, Close Combat, Trailblaze","Double Kick, Close Combat, Trailblaze","128","128"
"129","Magikarp","Magikarp","FALSE","527",,,,"15/15/15",,,,"50",,,,"310",,,,"Splash, Return<sup>†</sup>, Struggle",,,,"129;130","129;130"
"129","Magikarp (Shadow)","Magikarp","TRUE","528",,,,"15/15/15",,,,"50",,,,"310",,,,"Splash, Struggle, Frustration<sup>†</sup>",,,,"129;130","129;130"
"130","Gyarados","Magikarp","FALSE",,"271","75","58",,"0/14/15","0/14/14","15/15/15",,"16.5","27.5","50",,"1498","2500","3834",,"Dragon Breath, Aqua Tail[etm], Crunch","Dragon Breath, Aqua Tail[etm], Crunch","Dragon Breath, Aqua Tail[etm], Crunch","129;130","130"
"130","Gyarados (Shadow)","Magikarp","TRUE",,"261","67","32",,"0/14/15","0/14/14","15/15/15",,"16.5","27.5","50",,"1498","2500","3834",,"Dragon Breath, Aqua Tail[etm], Crunch","Dragon Breath, Aqua Tail[etm], Crunch","Dragon Breath, Aqua Tail[etm], Crunch","129;130","130"
"131","Lapras","Lapras","FALSE",,"39","22","213",,"0/10/14","0/15/15","15/15/15",,"22","42.5","50",,"1499","2495","2985",,"Psywave, Sparkling Aria, Ice Beam*","Psywave, Sparkling Aria, Ice Beam*","Psywave, Sparkling Aria, Ice Beam*","131","131"
"131","Lapras (Shadow)","Lapras","TRUE",,"63","23","247",,"0/10/14","0/15/15","15/15/15",,"22","42.5","50",,"1499","2495","2985",,"Psywave, Sparkling Aria, Ice Beam*","Psywave, Sparkling Aria, Ice Beam*","Psywave, Sparkling Aria, Ice Beam*","131","131"
"133","Eevee","Eevee","FALSE","117","1026",,,"0/13/12","15/15/15",,,"19","50",,,"500","1210",,,"Quick Attack, Swift, Dig","Quick Attack, Swift, Dig",,,"133;134;135;136;196;197;470;471;700","133;134;135;136;196;197;470;471;700"
"134","Vaporeon","Eevee","FALSE",,"522","399","224",,"0/15/15","0/15/12","15/15/15",,"18","30.5","50",,"1500","2494","3521",,"Water Gun, Aqua Tail, Last Resort[etm]","Water Gun, Aqua Tail, Last Resort[etm]","Water Gun, Aqua Tail, Last Resort[etm]","133;134","134"
"135","Jolteon","Eevee","FALSE",,"773","514","352",,"0/15/12","0/14/13","15/15/15",,"19.5","35","50",,"1498","2496","3265",,"Volt Switch, Discharge, Last Resort[etm]","Volt Switch, Discharge, Last Resort[etm]","Volt Switch, Discharge, Last Resort[etm]","133;135","135"
"136","Flareon","Eevee","FALSE",,"695","589","300",,"0/14/13","1/15/15","15/15/15",,"18.5","31","50",,"1498","2497","3424",,"Ember, Heat Wave*, Superpower*","Ember, Superpower*, Heat Wave*","Ember, Superpower*, Heat Wave*","133;136","136"
"137","Porygon","Porygon","FALSE","390","796",,,"0/13/7","0/15/15",,,"11.5","37",,,"500","1500",,,"Quick Attack<sup>†</sup>, Discharge*, Signal Beam*","Quick Attack<sup>†</sup>, Discharge*, Hyper Beam",,,"137;233;474","137;233;474"
"137","Porygon (Shadow)","Porygon","TRUE","475","1060",,,"0/13/7","0/15/15",,,"11.5","37",,,"500","1500",,,"Tackle*, Discharge*, Signal Beam*","Tackle*, Discharge*, Signal Beam*",,,"137;233;474","137;233;474"
"138","Omanyte","Omanyte","FALSE","336","829",,,"0/14/14","0/13/15",,,"12.5","45.5",,,"498","1500",,,"Mud Shot, Rock Tomb*, Rock Blast","Mud Shot, Rock Tomb*, Rock Blast",,,"138;139","138;139"
"138","Omanyte (Shadow)","Omanyte","TRUE","291","850",,,"0/14/14","0/13/15",,,"12.5","45.5",,,"498","1500",,,"Mud Shot, Rock Tomb*, Rock Blast","Mud Shot, Rock Tomb*, Rock Blast",,,"138;139","138;139"
"139","Omastar","Omanyte","FALSE",,"892","685","384",,"0/14/10","0/14/15","15/15/15",,"20.5","37.5","50",,"1500","2497","3150",,"Mud Shot, Rock Slide[etm], Rock Blast","Mud Shot, Rock Slide[etm], Rock Blast","Mud Shot, Rock Slide[etm], Rock Blast","138;139","139"
"139","Omastar (Shadow)","Omanyte","TRUE",,"896","655","363",,"0/14/10","0/14/15","15/15/15",,"20.5","37.5","50",,"1500","2497","3150",,"Mud Shot, Rock Slide[etm], Rock Blast","Mud Shot, Rock Slide[etm], Rock Blast","Mud Shot, Rock Slide[etm], Rock Blast","138;139","139"
"140","Kabuto","Kabuto","FALSE","161","560",,,"1/14/15","10/15/15",,,"14","49.5",,,"500","1499",,,"Scratch, Aqua Jet, Rock Tomb","Scratch, Aqua Jet, Rock Tomb",,,"140;141","140;141"
"140","Kabuto (Shadow)","Kabuto","TRUE","186","556",,,"1/14/15","10/15/15",,,"14","49.5",,,"500","1499",,,"Scratch, Aqua Jet, Rock Tomb","Scratch, Aqua Jet, Rock Tomb",,,"140;141","140;141"
"141","Kabutops","Kabuto","FALSE",,"530","431",,,"0/14/10","0/14/15",,,"21","39",,,"1498","2497",,,"Fury Cutter*, Aqua Jet, Stone Edge","Fury Cutter*, Aqua Jet, Stone Edge",,"140;141","141"
"141","Kabutops (Shadow)","Kabuto","TRUE",,"491","455",,,"0/14/10","0/14/15",,,"21","39",,,"1498","2497",,,"Fury Cutter*, Aqua Jet, Stone Edge","Fury Cutter*, Aqua Jet, Stone Edge",,"140;141","141"
"142","Aerodactyl","Aerodactyl","FALSE",,"475","420","286",,"1/15/15","0/13/15","15/15/15",,"20","37.5","50",,"1497","2495","3147",,"Dragon Breath, Rock Slide, Brutal Swing","Dragon Breath, Rock Slide, Brutal Swing","Dragon Breath, Rock Slide, Brutal Swing","142","142"
"142","Aerodactyl (Shadow)","Aerodactyl","TRUE",,"413","435","257",,"1/15/15","0/13/15","15/15/15",,"20","37.5","50",,"1497","2495","3147",,"Dragon Breath, Rock Slide, Brutal Swing","Dragon Breath, Rock Slide, Brutal Swing","Dragon Breath, Rock Slide, Brutal Swing","142","142"
"143","Snorlax","Snorlax","FALSE",,"28","11","92",,"1/15/12","0/12/15","15/15/15",,"17.5","29.5","50",,"1500","2495","3647",,"Psywave, Body Slam, Earthquake","Psywave, Body Slam, Earthquake","Psywave, Body Slam, Earthquake","143;446","143;446"
"143","Snorlax (Shadow)","Snorlax","TRUE",,"40","3","80",,"1/15/12","0/12/15","15/15/15",,"17.5","29.5","50",,"1500","2495","3647",,"Psywave, Body Slam, Superpower","Psywave, Body Slam, Earthquake","Psywave, Body Slam, Earthquake","143;446","143;446"
"144","Articuno","Articuno","FALSE",,"222","79","128",,"1/15/13","3/15/14","15/15/15",,"18.5","31","50",,"1496","2495","3450",,"Powder Snow, Icy Wind, Hurricane*","Powder Snow, Icy Wind, Hurricane*","Powder Snow, Icy Wind, Hurricane*","144","144"
"144","Articuno (Galarian)","Articuno","FALSE",,"658","448","256",,"0/15/14","0/15/12","15/15/15",,"15.5","26","50",,"1495","2487","4059",,"Psycho Cut, Fly, Brave Bird","Psycho Cut, Fly, Brave Bird","Psycho Cut, Ancient Power, Brave Bird","144","144"
"144","Articuno (Shadow)","Articuno","TRUE",,"519","111","151",,"0/15/15","0/13/15","15/15/15",,"18.5","32","50",,"1496","2488","3450",,"Powder Snow, Triple Axel, Hurricane*","Powder Snow, Icy Wind, Hurricane*","Powder Snow, Icy Wind, Hurricane*","144","144"
"145","Zapdos","Zapdos","FALSE",,"296","97","89",,"1/10/12","2/15/15","15/15/15",,"16","26","50",,"1493","2496","3987",,"Thunder Shock[etm], Drill Peck, Thunderbolt","Thunder Shock[etm], Drill Peck, Thunderbolt","Thunder Shock[etm], Drill Peck, Thunderbolt","145","145"
"145","Zapdos (Galarian)","Zapdos","FALSE",,"517","362","123",,"3/15/14","1/15/15","15/15/15",,"15.5","26","50",,"1498","2490","4012",,"Low Kick, Fly, Close Combat","Low Kick, Fly, Brave Bird","Low Kick, Fly, Brave Bird","145","145"
"145","Zapdos (Shadow)","Zapdos","TRUE",,"229","114","90",,"0/10/14","0/13/13","15/15/15",,"16","26.5","50",,"1489","2480","3987",,"Thunder Shock[etm], Drill Peck, Thunderbolt","Thunder Shock[etm], Drill Peck, Thunderbolt","Thunder Shock[etm], Drill Peck, Thunderbolt","145","145"
"146","Moltres","Moltres","FALSE",,"671","468","137",,"1/15/14","2/15/15","15/15/15",,"16","26.5","50",,"1499","2498","3917",,"Wing Attack, Sky Attack[etm], Overheat","Wing Attack, Sky Attack[etm], Overheat","Wing Attack, Sky Attack[etm], Overheat","146","146"
"146","Moltres (Galarian)","Moltres","FALSE",,"72","13","156",,"0/13/12","1/15/15","15/15/15",,"18","29.5","50",,"1488","2490","3580",,"Sucker Punch, Fly, Brave Bird","Sucker Punch, Fly, Brave Bird","Sucker Punch, Ancient Power, Payback","146","146"
"146","Moltres (Shadow)","Moltres","TRUE",,"685","495","152",,"1/15/14","0/14/12","15/15/15",,"16","27","50",,"1499","2475","3917",,"Wing Attack, Fly, Heat Wave","Wing Attack, Fly, Heat Wave","Wing Attack, Fly, Heat Wave","146","146"
"147","Dratini","Dratini","FALSE","38",,,,"0/15/15",,,,"19.5",,,,"499",,,,"Dragon Breath, Twister, Aqua Tail",,,,"147;148;149","147;148;149"
"147","Dratini (Shadow)","Dratini","TRUE","24",,,,"0/15/15",,,,"19.5",,,,"498",,,,"Dragon Breath, Twister, Aqua Tail",,,,"147;148;149","147;148;149"
"148","Dragonair","Dratini","FALSE",,"86",,,,"1/15/15",,,,"34",,,,"1499",,,,"Dragon Breath, Aqua Tail, Dragon Pulse",,,"147;148;149","148;149"
"148","Dragonair (Shadow)","Dratini","TRUE",,"67",,,,"1/15/15",,,,"34",,,,"1499",,,,"Dragon Breath, Wrap, Aqua Tail",,,"147;148;149","148;149"
"149","Dragonite","Dratini","FALSE",,"340","358","67",,"2/15/14","0/13/15","15/15/15",,"14.5","24.5","50",,"1498","2495","4287",,"Dragon Breath, Thunder Punch, Superpower","Dragon Breath, Thunder Punch, Superpower","Dragon Breath, Thunder Punch, Superpower","147;148;149","149"
"149","Dragonite (Shadow)","Dratini","TRUE",,"191","301","50",,"2/15/14","0/13/15","15/15/15",,"14.5","24.5","50",,"1498","2495","4287",,"Dragon Breath, Thunder Punch, Superpower","Dragon Breath, Thunder Punch, Superpower","Dragon Breath, Thunder Punch, Superpower","147;148;149","149"
"150","Mewtwo","Mewtwo","FALSE",,,"543","65",,,"1/15/13","15/15/15",,,"22","50",,,"2491","4724",,,"Psycho Cut, Psystrike[etm], Shadow Ball[etm]","Psycho Cut, Psystrike[etm], Shadow Ball[etm]","150","150"
"150","Mewtwo (Armored)","Mewtwo","FALSE",,,"129","113",,,"1/15/15","15/15/15",,,"29.5","50",,,"2492","3603",,,"Confusion, Psystrike[etm], Dynamic Punch","Confusion, Psystrike[etm], Dynamic Punch","150","150"
"150","Mewtwo (Shadow)","Mewtwo","TRUE",,"778","571","51",,"6/14/13","7/15/14","15/15/15",,"13","21.5","50",,"1480","2482","4724",,"Psycho Cut, Psystrike[etm], Shadow Ball[etm]","Psycho Cut, Psystrike[etm], Shadow Ball[etm]","Psycho Cut, Psystrike[etm], Shadow Ball[etm]","150","150"
"151","Mew","Mew","FALSE",,"365","204","135",,"10/15/13","10/13/15","15/15/15",,"16.5","27.5","50",,"1498","2493","3691",,"Shadow Claw, Wild Charge, Psyshock","Shadow Claw, Psyshock, Wild Charge","Shadow Claw, Psyshock, Wild Charge","151","151"
"152","Chikorita","Chikorita","FALSE","325",,,,"0/12/15",,,,"22",,,,"499",,,,"Vine Whip, Energy Ball, Body Slam",,,,"152;153;154","152;153;154"
"152","Chikorita (Shadow)","Chikorita","TRUE","323",,,,"0/12/15",,,,"22",,,,"499",,,,"Vine Whip, Energy Ball, Body Slam",,,,"152;153;154","152;153;154"
"153","Bayleef","Chikorita","FALSE",,"659",,,,"3/15/14",,,,"50",,,,"1499",,,,"Magical Leaf, Ancient Power, Energy Ball",,,"152;153;154","153;154"
"153","Bayleef (Shadow)","Chikorita","TRUE",,"755",,,,"3/15/14",,,,"50",,,,"1499",,,,"Magical Leaf, Ancient Power, Energy Ball",,,"152;153;154","153;154"
"154","Meganium","Chikorita","FALSE",,"402","220",,,"0/10/15","0/14/15",,,"24","50",,,"1497","2497",,,"Vine Whip, Frenzy Plant[etm], Earthquake","Vine Whip, Frenzy Plant[etm], Earthquake",,"152;153;154","154"
"154","Meganium (Shadow)","Chikorita","TRUE",,"603","208",,,"0/10/15","0/14/15",,,"24","50",,,"1497","2497",,,"Vine Whip, Frenzy Plant[etm], Earthquake","Vine Whip, Frenzy Plant[etm], Earthquake",,"152;153;154","154"
"155","Cyndaquil","Cyndaquil","FALSE","116",,,,"0/14/11",,,,"20.5",,,,"500",,,,"Ember, Swift, Flame Charge",,,,"155;156;157","155;156;157"
"155","Cyndaquil (Shadow)","Cyndaquil","TRUE","82",,,,"0/14/11",,,,"20.5",,,,"500",,,,"Ember, Swift, Flame Charge",,,,"155;156;157","155;156;157"
"156","Quilava","Cyndaquil","FALSE",,"769",,,,"0/13/15",,,,"40",,,,"1500",,,,"Ember, Flame Charge, Dig",,,"155;156;157","156;157"
"156","Quilava (Shadow)","Cyndaquil","TRUE",,"790",,,,"0/13/15",,,,"40",,,,"1500",,,,"Ember, Flame Charge, Dig",,,"155;156;157","156;157"
"157","Typhlosion","Cyndaquil","FALSE",,"342","205","241",,"0/14/13","0/15/15","15/15/15",,"19.5","34.5","50",,"1498","2500","3266",,"Incinerate, Blast Burn[etm], Thunder Punch","Incinerate, Blast Burn[etm], Thunder Punch","Incinerate, Blast Burn[etm], Thunder Punch","155;156;157","157"
"157","Typhlosion (Hisuian)","Cyndaquil","FALSE",,"585","465","200",,"1/15/15","1/15/14","15/15/15",,"18.5","32","50",,"1500","2495","3385",,"Ember, Shadow Ball, Wild Charge","Ember, Fire Punch, Wild Charge","Hex, Shadow Ball, Fire Punch","155;156;157","157"
"157","Typhlosion (Shadow)","Cyndaquil","TRUE",,"284","200","233",,"0/14/13","0/15/15","15/15/15",,"19.5","34.5","50",,"1498","2500","3266",,"Incinerate, Blast Burn[etm], Thunder Punch","Incinerate, Blast Burn[etm], Thunder Punch","Incinerate, Blast Burn[etm], Thunder Punch","155;156;157","157"
"158","Totodile","Totodile","FALSE","100","848",,,"0/15/14","15/15/15",,,"17.5","50",,,"500","1279",,,"Scratch, Aqua Jet, Crunch","Scratch, Aqua Jet, Crunch",,,"158;159;160","158;159;160"
"158","Totodile (Shadow)","Totodile","TRUE","101","857",,,"0/15/14","15/15/15",,,"17.5","50",,,"500","1279",,,"Scratch, Aqua Jet, Crunch","Scratch, Aqua Jet, Crunch",,,"158;159;160","158;159;160"
"159","Croconaw","Totodile","FALSE",,"223",,,,"0/15/15",,,,"37",,,,"1500",,,,"Scratch, Ice Punch, Water Pulse",,,"158;159;160","159;160"
"159","Croconaw (Shadow)","Totodile","TRUE",,"334",,,,"0/15/15",,,,"37",,,,"1500",,,,"Scratch, Ice Punch, Water Pulse",,,"158;159;160","159;160"
"160","Feraligatr","Totodile","FALSE",,"31","15","170",,"0/11/13","1/15/14","15/15/15",,"20","35.5","50",,"1500","2496","3230",,"Shadow Claw, Hydro Cannon[etm], Ice Beam","Shadow Claw, Hydro Cannon[etm], Ice Beam","Shadow Claw, Hydro Cannon[etm], Ice Beam","158;159;160","160"
"160","Feraligatr (Shadow)","Totodile","TRUE",,"60","14","167",,"0/11/13","1/15/14","15/15/15",,"20","35.5","50",,"1500","2496","3230",,"Shadow Claw, Hydro Cannon[etm], Ice Beam","Shadow Claw, Hydro Cannon[etm], Ice Beam","Shadow Claw, Hydro Cannon[etm], Ice Beam","158;159;160","160"
"161","Sentret","Sentret","FALSE","47",,,,"0/15/14",,,,"37.5",,,,"500",,,,"Scratch, Brick Break, Grass Knot",,,,"161;162","161;162"
"162","Furret","Sentret","FALSE",,"44","741",,,"0/14/15","15/15/14",,,"36","50",,,"1498","1987",,,"Sucker Punch, Swift, Trailblaze","Sucker Punch, Swift, Brick Break",,"161;162","162"
"163","Hoothoot","Hoothoot","FALSE","2",,,,"0/15/13",,,,"33.5",,,,"500",,,,"Peck, Sky Attack, Night Shade",,,,"163;164","163;164"
"163","Hoothoot (Shadow)","Hoothoot","TRUE","7",,,,"0/15/13",,,,"33.5",,,,"500",,,,"Peck, Sky Attack, Night Shade",,,,"163;164","163;164"
"164","Noctowl","Hoothoot","FALSE",,"215","370",,,"1/14/15","15/15/15",,,"28.5","50",,,"1500","2288",,,"Wing Attack, Shadow Ball, Return<sup>†</sup>","Wing Attack, Shadow Ball, Return<sup>†</sup>",,"163;164","164"
"164","Noctowl (Shadow)","Hoothoot","TRUE",,"437","551",,,"1/14/15","15/15/15",,,"28.5","50",,,"1500","2288",,,"Wing Attack, Sky Attack, Shadow Ball","Wing Attack, Sky Attack, Shadow Ball",,"163;164","164"
"165","Ledyba","Ledyba","FALSE","10",,,,"0/15/15",,,,"29",,,,"500",,,,"Bug Bite, Silver Wind, Swift",,,,"165;166","165;166"
"165","Ledyba (Shadow)","Ledyba","TRUE","22",,,,"0/15/15",,,,"29",,,,"499",,,,"Bug Bite, Silver Wind, Swift",,,,"165;166","165;166"
"166","Ledian","Ledyba","FALSE",,"150",,,,"13/15/15",,,,"50",,,,"1496",,,,"Rollout, Dynamic Punch, Acrobatics",,,"165;166","166"
"166","Ledian (Shadow)","Ledyba","TRUE",,"273",,,,"13/15/15",,,,"50",,,,"1496",,,,"Rollout, Dynamic Punch, Acrobatics",,,"165;166","166"
"167","Spinarak","Spinarak","FALSE","295",,,,"0/15/14",,,,"24.5",,,,"499",,,,"Poison Sting, Cross Poison, Night Slash",,,,"167;168","167;168"
"168","Ariados","Spinarak","FALSE",,"388",,,,"1/15/14",,,,"34.5",,,,"1497",,,,"Poison Sting, Lunge, Foul Play",,,"167;168","168"
"169","Crobat","Zubat","FALSE",,"393","235","358",,"0/15/12","0/15/14","15/15/15",,"21.5","41.5","50",,"1500","2497","2992",,"Gust, Air Cutter, Poison Fang","Gust, Poison Fang, Shadow Ball","Gust, Air Cutter, Cross Poison","41;42;169","169"
"169","Crobat (Shadow)","Zubat","TRUE",,"455","254","329",,"0/15/12","0/15/14","15/15/15",,"21.5","41.5","50",,"1500","2497","2992",,"Gust, Air Cutter, Poison Fang","Gust, Poison Fang, Shadow Ball","Gust, Air Cutter, Cross Poison","41;42;169","169"
"170","Chinchou","Chinchou","FALSE","412","1030",,,"0/13/15","15/15/15",,,"18","50",,,"500","1265",,,"Spark, Water Pulse, Thunderbolt","Bubble, Water Pulse, Thunderbolt",,,"170;171","170;171"
"171","Lanturn","Chinchou","FALSE",,"279","414",,,"0/12/15","15/15/15",,,"28","50",,,"1500","2357",,,"Spark, Surf, Thunderbolt","Spark, Surf, Thunderbolt",,"170;171","171"
"172","Pichu","Pikachu","FALSE","181",,,,"8/15/15",,,,"50",,,,"494",,,,"Thunder Shock, Thunder Punch, Disarming Voice",,,,"25;26;172","172"
"173","Cleffa","Clefairy","FALSE","515",,,,"0/15/15",,,,"32.5",,,,"500",,,,"Zen Headbutt, Swift, Psyshock",,,,"35;36;173","173"
"174","Igglybuff","Jigglypuff","FALSE","125",,,,"0/15/15",,,,"50",,,,"500",,,,"Feint Attack, Wild Charge, Swift",,,,"39;40;174","174"
"175","Togepi","Togepi","FALSE","4",,,,"0/13/15",,,,"35.5",,,,"500",,,,"Peck, Psyshock, Dazzling Gleam",,,,"175;176;468","175;176;468"
"176","Togetic","Togepi","FALSE",,"166","715",,,"0/15/15","15/15/15",,,"38","50",,,"1498","1931",,,"Fairy Wind, Heat Wave, Draining Kiss","Fairy Wind, Psyshock, Draining Kiss",,"175;176;468","176;468"
"177","Natu","Natu","FALSE","169",,,,"1/15/15",,,,"17.5",,,,"500",,,,"Peck, Drill Peck, Psyshock",,,,"177;178","177;178"
"177","Natu (Shadow)","Natu","TRUE","110",,,,"1/15/15",,,,"17.5",,,,"500",,,,"Peck, Drill Peck, Psyshock",,,,"177;178","177;178"
"178","Xatu","Natu","FALSE",,"549","377",,,"0/13/15","15/15/15",,,"26","50",,,"1500","2474",,,"Peck, Psyshock, Aerial Ace","Peck, Psyshock, Shadow Ball",,"177;178","178"
"178","Xatu (Shadow)","Natu","TRUE",,"478","353",,,"0/13/15","15/15/15",,,"26","50",,,"1500","2474",,,"Peck, Psyshock, Aerial Ace","Peck, Psyshock, Shadow Ball",,"177;178","178"
"179","Mareep","Mareep","FALSE","172",,,,"0/15/14",,,,"20",,,,"500",,,,"Thunder Shock, Discharge, Trailblaze",,,,"179;180;181","179;180;181"
"179","Mareep (Shadow)","Mareep","TRUE","157",,,,"0/15/14",,,,"20",,,,"500",,,,"Thunder Shock, Discharge, Trailblaze",,,,"179;180;181","179;180;181"
"180","Flaaffy","Mareep","FALSE",,"902",,,,"0/15/14",,,,"47",,,,"1499",,,,"Charge Beam, Discharge, Trailblaze",,,"179;180;181","180;181"
"180","Flaaffy (Shadow)","Mareep","TRUE",,"957",,,,"0/15/14",,,,"47",,,,"1499",,,,"Charge Beam, Discharge, Trailblaze",,,"179;180;181","180;181"
"181","Ampharos","Mareep","FALSE",,"220","51","273",,"0/13/11","0/13/15","15/15/15",,"20","36","50",,"1497","2499","3225",,"Volt Switch, Brutal Swing, Trailblaze","Volt Switch, Brutal Swing, Trailblaze","Volt Switch, Brutal Swing, Thunder Punch","179;180;181","181"
"181","Ampharos (Shadow)","Mareep","TRUE",,"221","55","272",,"0/13/11","0/13/15","15/15/15",,"20","36","50",,"1497","2499","3225",,"Volt Switch, Brutal Swing, Trailblaze","Volt Switch, Brutal Swing, Trailblaze","Volt Switch, Brutal Swing, Thunder Punch","179;180;181","181"
"182","Bellossom","Bellossom","FALSE",,"311","201",,,"1/14/14","9/15/15",,,"25","50",,,"1498","2499",,,"Acid, Leaf Blade, Dazzling Gleam","Acid, Leaf Blade, Dazzling Gleam",,"43;44;182","182"
"182","Bellossom (Shadow)","Bellossom","TRUE",,"354","202",,,"1/14/14","9/15/15",,,"25","50",,,"1498","2499",,,"Acid, Leaf Blade, Dazzling Gleam","Acid, Leaf Blade, Dazzling Gleam",,"43;44;182","182"
"184","Azumarill","Marill","FALSE",,"33","817",,,"0/15/15","15/15/15",,,"45.5","50",,,"1499","1795",,,"Bubble, Ice Beam, Play Rough","Bubble, Play Rough, Ice Beam",,"183;184;298","184;298"
"185","Sudowoodo","Sudowoodo","FALSE",,"882","731",,,"1/14/15","15/15/15",,,"26.5","50",,,"1500","2428",,,"Counter, Meteor Beam, Trailblaze","Counter, Meteor Beam, Rock Tomb",,"185;438","185;438"
"185","Sudowoodo (Shadow)","Sudowoodo","TRUE",,"1039","799",,,"1/14/15","15/15/15",,,"26.5","50",,,"1500","2428",,,"Counter, Meteor Beam, Trailblaze","Counter, Meteor Beam, Rock Tomb",,"185;438","185;438"
"186","Politoed","Politoed","FALSE",,"140","116",,,"0/12/14","0/15/14",,,"23.5","48.5",,,"1498","2499",,,"Bubble, Weather Ball (Water), Ice Beam[etm]","Bubble, Weather Ball (Water), Ice Beam[etm]",,"60;61;186","186"
"186","Politoed (Shadow)","Politoed","TRUE",,"127","88",,,"0/12/14","0/15/14",,,"23.5","48.5",,,"1498","2499",,,"Bubble, Weather Ball (Water), Ice Beam[etm]","Bubble, Weather Ball (Water), Ice Beam[etm]",,"60;61;186","186"
"187","Hoppip","Hoppip","FALSE","370",,,,"0/15/15",,,,"41.5",,,,"500",,,,"Bullet Seed, Grass Knot, Seed Bomb",,,,"187;188;189","187;188;189"
"187","Hoppip (Shadow)","Hoppip","TRUE","403",,,,"0/15/15",,,,"41.5",,,,"500",,,,"Bullet Seed, Grass Knot, Seed Bomb",,,,"187;188;189","187;188;189"
"189","Jumpluff","Hoppip","FALSE",,"56","700",,,"0/14/14","15/15/15",,,"43","50",,,"1499","1850",,,"Fairy Wind, Energy Ball, Acrobatics*","Fairy Wind, Energy Ball, Acrobatics*",,"187;188;189","189"
"189","Jumpluff (Shadow)","Hoppip","TRUE",,"81","713",,,"0/14/14","15/15/15",,,"43","50",,,"1499","1850",,,"Fairy Wind, Energy Ball, Acrobatics*","Fairy Wind, Energy Ball, Acrobatics*",,"187;188;189","189"
"190","Aipom","Aipom","FALSE","83","353",,,"0/14/14","12/15/15",,,"14.5","50",,,"500","1494",,,"Scratch, Swift, Aerial Ace","Scratch, Swift, Aerial Ace",,,"190;424","190;424"
"190","Aipom (Shadow)","Aipom","TRUE","39","315",,,"0/14/14","12/15/15",,,"14.5","50",,,"500","1494",,,"Scratch, Swift, Aerial Ace","Scratch, Swift, Aerial Ace",,,"190;424","190;424"
"191","Sunkern","Sunkern","FALSE","481",,,,"15/15/15",,,,"50",,,,"447",,,,"Razor Leaf, Energy Ball, Seed Bomb",,,,"191;192","191;192"
"192","Sunflora","Sunkern","FALSE",,"1067","814",,,"0/15/14","15/15/15",,,"26.5","50",,,"1499","2421",,,"Bullet Seed, Leaf Storm, Sludge Bomb","Bullet Seed, Leaf Storm, Sludge Bomb",,"191;192","192"
"193","Yanma","Yanma","FALSE","385","976",,,"1/15/14","0/14/15",,,"13","49.5",,,"500","1499",,,"Wing Attack, Silver Wind, Aerial Ace","Wing Attack, Silver Wind, Aerial Ace",,,"193;469","193;469"
"194","Wooper","Wooper","FALSE","146",,,,"0/15/14",,,,"35.5",,,,"500",,,,"Mud Shot, Mud Bomb, Body Slam",,,,"194;195","194;195"
"194","Wooper (Paldean)","Wooper","FALSE","167",,,,"0/15/14",,,,"35.5",,,,"500",,,,"Poison Jab, Body Slam, Dig",,,,"194;195","194;195"
"194","Wooper (Shadow)","Wooper","TRUE","144",,,,"0/15/14",,,,"35.5",,,,"500",,,,"Mud Shot, Mud Bomb, Body Slam",,,,"194;195","194;195"
"195","Quagsire","Wooper","FALSE",,"14","453",,,"0/15/14","15/15/15",,,"29","50",,,"1499","2252",,,"Mud Shot, Aqua Tail[etm], Mud Bomb","Mud Shot, Aqua Tail[etm], Mud Bomb",,"194;195","195"
"195","Quagsire (Shadow)","Wooper","TRUE",,"12","424",,,"0/15/14","15/15/15",,,"29","50",,,"1499","2252",,,"Mud Shot, Aqua Tail[etm], Mud Bomb","Mud Shot, Aqua Tail[etm], Mud Bomb",,"194;195","195"
"196","Espeon","Eevee","FALSE",,"861","649","296",,"0/15/15","1/15/15","15/15/15",,"17.5","29","50",,"1500","2499","3583",,"Confusion, Psychic Fangs, Shadow Ball[etm]","Confusion, Psychic Fangs, Shadow Ball[etm]","Confusion, Psychic Fangs, Shadow Ball[etm]","133;196","196"
"197","Umbreon","Eevee","FALSE",,"29","123","382",,"0/15/14","15/15/15","15/15/15",,"27.5","50","50",,"1500","2416","2416",,"Snarl, Foul Play, Last Resort[etm]","Snarl, Foul Play, Last Resort[etm]","Snarl, Foul Play, Last Resort[etm]","133;197","197"
"198","Murkrow","Murkrow","FALSE","40","260",,,"2/15/14","0/15/14",,,"12","43.5",,,"500","1499",,,"Peck, Drill Peck, Foul Play","Peck, Drill Peck, Foul Play",,,"198;430","198;430"
"198","Murkrow (Shadow)","Murkrow","TRUE","43","126",,,"2/15/14","0/15/14",,,"12","43.5",,,"500","1499",,,"Peck, Drill Peck, Foul Play","Peck, Drill Peck, Foul Play",,,"198;430","198;430"
"199","Slowking","Slowpoke","FALSE",,"737","446","372",,"0/14/13","0/15/15","15/15/15",,"22.5","45","50",,"1500","2498","2877",,"Confusion, Surf[etm], Scald","Confusion, Surf[etm], Scald","Confusion, Surf[etm], Scald","79;199","199"
"199","Slowking (Galarian)","Slowpoke","FALSE",,"425","457","355",,"0/12/15","0/15/14","15/15/15",,"21","39.5","50",,"1499","2500","3072",,"Confusion, Surf[etm], Shadow Ball","Confusion, Surf[etm], Shadow Ball","Confusion, Surf[etm], Shadow Ball","79;199","199"
"199","Slowking (Shadow)","Slowpoke","TRUE",,"819","510","386",,"0/14/13","0/15/15","15/15/15",,"22.5","45","50",,"1500","2498","2877",,"Confusion, Surf[etm], Psychic","Confusion, Surf[etm], Psychic","Confusion, Surf[etm], Psychic","79;199","199"
"200","Misdreavus","Misdreavus","FALSE","346","664","740",,"0/15/11","1/15/15","15/15/14",,"10","29.5","50",,"500","1495","2178",,"Astonish, Dark Pulse, Shadow Sneak","Psywave, Dark Pulse, Shadow Sneak","Astonish, Dark Pulse, Shadow Sneak",,"200;429","200;429"
"200","Misdreavus (Shadow)","Misdreavus","TRUE","281","657","764",,"0/15/11","1/15/15","15/15/14",,"10","29.5","50",,"500","1495","2178",,"Astonish, Dark Pulse, Shadow Sneak","Astonish, Dark Pulse, Shadow Sneak","Astonish, Dark Pulse, Shadow Sneak",,"200;429","200;429"
"201","Unown","Unown","FALSE",,"1150",,,,"15/15/15",,,,"50",,,,"1339",,,,"Hidden Power (Psychic), Struggle, NA",,,"201","201"
"202","Wobbuffet","Wobbuffet","FALSE",,"219",,,,"15/15/15",,,,"50",,,,"1160",,,,"Counter, Mirror Coat, Return<sup>†</sup>",,,"202;360","202;360"
"202","Wobbuffet (Shadow)","Wobbuffet","TRUE",,"417",,,,"15/15/15",,,,"50",,,,"1160",,,,"Counter, Mirror Coat, Frustration<sup>†</sup>",,,"202;360","202;360"
"203","Girafarig","Girafarig","FALSE","371","442","550",,"0/13/8","1/15/15","15/15/15",,"9.5","27.5","50",,"499","1499","2314",,"Confusion, Psychic Fangs, Trailblaze","Confusion, Psychic Fangs, Trailblaze","Confusion, Psychic Fangs, Mirror Coat",,"203;981","203;981"
"203","Girafarig (Shadow)","Girafarig","TRUE","321","448","531",,"0/13/8","1/15/15","15/15/15",,"9.5","27.5","50",,"499","1499","2314",,"Confusion, Psychic Fangs, Trailblaze","Confusion, Psychic Fangs, Trailblaze","Confusion, Psychic Fangs, Mirror Coat",,"203;981","203;981"
"204","Pineco","Pineco","FALSE","126","985",,,"0/14/15","15/15/15",,,"18","50",,,"500","1253",,,"Bug Bite, Rock Tomb, Sand Tomb","Bug Bite, Rock Tomb, Sand Tomb",,,"204;205","204;205"
"204","Pineco (Shadow)","Pineco","TRUE","198","1028",,,"0/14/15","15/15/15",,,"18","50",,,"499","1253",,,"Bug Bite, Rock Tomb, Sand Tomb","Bug Bite, Rock Tomb, Sand Tomb",,,"204;205","204;205"
"205","Forretress","Pineco","FALSE",,"54","31",,,"1/15/14","9/15/15",,,"25","50",,,"1499","2500",,,"Volt Switch, Sand Tomb, Rock Tomb","Volt Switch, Rock Tomb, Sand Tomb",,"204;205","205"
"205","Forretress (Shadow)","Pineco","TRUE",,"50","39",,,"1/15/14","9/15/15",,,"25","50",,,"1499","2500",,,"Volt Switch, Sand Tomb, Rock Tomb","Volt Switch, Rock Tomb, Sand Tomb",,"204;205","205"
"206","Dunsparce","Dunsparce","FALSE","105","83","783",,"1/14/14","0/15/13","15/15/15",,"11.5","39.5","50",,"500","1499","1909",,"Bite, Drill Run, Rock Slide","Bite, Drill Run, Rock Slide","Rollout, Drill Run, Rock Slide",,"206;982","206;982"
"207","Gligar","Gligar","FALSE","108","133","722",,"0/11/15","0/15/14","15/15/15",,"10.5","32.5","50",,"499","1498","2099",,"Wing Attack, Night Slash, Aerial Ace","Wing Attack, Night Slash, Dig","Wing Attack, Night Slash, Aerial Ace",,"207;472","207;472"
"207","Gligar (Shadow)","Gligar","TRUE","44","108","725",,"0/11/15","0/15/14","15/15/15",,"10.5","32.5","50",,"499","1498","2099",,"Fury Cutter, Night Slash, Aerial Ace","Wing Attack, Night Slash, Dig","Wing Attack, Night Slash, Aerial Ace",,"207;472","207;472"
"208","Steelix","Onix","FALSE",,"136","44","328",,"0/13/15","2/15/15","15/15/15",,"24","49.5","50",,"1497","2495","2729",,"Thunder Fang, Psychic Fangs, Crunch","Thunder Fang, Psychic Fangs, Earthquake","Dragon Tail, Psychic Fangs, Earthquake","95;208","208"
"208","Steelix (Shadow)","Onix","TRUE",,"89","48","295",,"0/13/15","2/15/15","15/15/15",,"24","49.5","50",,"1497","2495","2729",,"Thunder Fang, Psychic Fangs, Crunch","Thunder Fang, Psychic Fangs, Crunch","Dragon Tail, Psychic Fangs, Earthquake","95;208","208"
"209","Snubbull","Snubbull","FALSE","270","952",,,"0/14/10","15/15/14",,,"16","50",,,"500","1399",,,"Bite, Brick Break, Crunch","Bite, Brick Break, Crunch",,,"209;210","209;210"
"209","Snubbull (Shadow)","Snubbull","TRUE","244","933",,,"0/14/10","15/15/14",,,"16","50",,,"500","1399",,,"Bite, Brick Break, Crunch","Bite, Brick Break, Crunch",,,"209;210","209;210"
"210","Granbull","Snubbull","FALSE",,"1013","646",,,"0/15/15","0/15/11",,,"22","44.5",,,"1500","2497",,,"Charm, Close Combat, Crunch","Charm, Close Combat, Crunch",,"209;210","210"
"210","Granbull (Shadow)","Snubbull","TRUE",,"932","719",,,"0/15/15","0/15/11",,,"22","44.5",,,"1500","2497",,,"Charm, Close Combat, Crunch","Charm, Close Combat, Crunch",,"209;210","210"
"211","Qwilfish","Qwilfish","FALSE",,"329","472",,,"0/12/14","15/15/15",,,"28","50",,,"1497","2318",,,"Poison Sting, Aqua Tail, Shadow Ball","Poison Sting, Aqua Tail, Shadow Ball",,"211;904","211;904"
"211","Qwilfish (Hisuian)","Qwilfish","FALSE","74","171","341",,"0/11/15","0/15/15","15/15/15",,"9","26.5","50",,"500","1494","2415",,"Poison Sting, Dark Pulse, Aqua Tail","Poison Sting, Aqua Tail, Dark Pulse","Poison Jab, Aqua Tail, Dark Pulse",,"211;904","211;904"
"211","Qwilfish (Shadow)","Qwilfish","TRUE",,"172","394",,,"0/12/14","15/15/15",,,"28","50",,,"1497","2318",,,"Poison Sting, Aqua Tail, Shadow Ball","Poison Sting, Aqua Tail, Shadow Ball",,"211;904","211;904"
"212","Scizor","Scyther","FALSE",,"293","184","227",,"1/15/15","0/15/15","15/15/15",,"18.5","32","50",,"1500","2494","3393",,"Fury Cutter, Night Slash, Trailblaze","Fury Cutter, Night Slash, Trailblaze","Bullet Punch, Night Slash, Trailblaze","123;212","212"
"212","Scizor (Shadow)","Scyther","TRUE",,"277","158","199",,"1/15/15","0/15/15","15/15/15",,"18.5","32","50",,"1500","2494","3393",,"Fury Cutter, Night Slash, Trailblaze","Fury Cutter, Night Slash, Trailblaze","Bullet Punch, Night Slash, Trailblaze","123;212","212"
"214","Heracross","Heracross","FALSE",,"449","261","179",,"0/15/15","0/15/14","15/15/15",,"18","30","50",,"1500","2492","3506",,"Fury Cutter, Upper Hand, Rock Tomb","Fury Cutter, Upper Hand, Rock Tomb","Fury Cutter, Upper Hand, Rock Tomb","214","214"
"215","Sneasel","Sneasel","FALSE","450","916","769",,"0/6/15","1/15/14","15/15/15",,"9.5","27.5","50",,"499","1497","2319",,"Ice Shard, Foul Play, Avalanche","Ice Shard, Avalanche, Foul Play","Ice Shard, Avalanche, Foul Play",,"215;461","215;461"
"215","Sneasel (Hisuian)","Sneasel","FALSE","416","766","681",,"0/6/15","1/15/14","15/15/15",,"9.5","27.5","50",,"499","1497","2319",,"Poison Jab, Close Combat, X-Scissor","Poison Jab, Close Combat, X-Scissor","Poison Jab, Close Combat, X-Scissor",,"215;461","215;461"
"215","Sneasel (Hisuian) (Shadow)","Sneasel","TRUE","400","783","689",,"0/6/15","1/15/14","15/15/15",,"9.5","27.5","50",,"499","1497","2319",,"Poison Jab, Close Combat, X-Scissor","Poison Jab, Close Combat, X-Scissor","Poison Jab, Close Combat, X-Scissor",,"215;461","215;461"
"215","Sneasel (Shadow)","Sneasel","TRUE","411","836","760",,"0/6/15","1/15/14","15/15/15",,"9.5","27.5","50",,"499","1497","2319",,"Ice Shard, Foul Play, Avalanche","Ice Shard, Avalanche, Foul Play","Ice Shard, Avalanche, Foul Play",,"215;461","215;461"
"216","Teddiursa","Teddiursa","FALSE","57","358",,,"0/15/15","15/15/14",,,"14.5","50",,,"499","1493",,,"Scratch, Swift, Crunch","Scratch, Swift, Cross Chop",,,"216;217;901","216;217;901"
"216","Teddiursa (Shadow)","Teddiursa","TRUE","30","294",,,"0/15/15","15/15/14",,,"14.5","50",,,"499","1493",,,"Scratch, Swift, Crunch","Scratch, Swift, Cross Chop",,,"216;217;901","216;217;901"
"217","Ursaring","Teddiursa","FALSE",,"412","385","283",,"0/14/15","0/14/14","15/15/15",,"19","33.5","50",,"1500","2499","3329",,"Shadow Claw, Close Combat, Swift","Shadow Claw, Swift, Close Combat","Shadow Claw, Close Combat, Swift","216;217;901","217;901"
"217","Ursaring (Shadow)","Teddiursa","TRUE",,"367","284","230",,"0/14/15","0/14/14","15/15/15",,"19","33.5","50",,"1500","2499","3329",,"Shadow Claw, Close Combat, Swift","Shadow Claw, Swift, Close Combat","Shadow Claw, Close Combat, Swift","216;217;901","217;901"
"218","Slugma","Slugma","FALSE","174",,,,"0/15/15",,,,"22",,,,"500",,,,"Ember, Rock Slide, Flame Charge",,,,"218;219","218;219"
"219","Magcargo","Slugma","FALSE",,"214","784",,,"0/15/14","15/15/15",,,"38.5","50",,,"1500","1924",,,"Ember, Rock Tomb, Overheat","Incinerate, Rock Tomb, Heat Wave",,"218;219","219"
"220","Swinub","Swinub","FALSE","222",,,,"0/15/15",,,,"27.5",,,,"498",,,,"Powder Snow, Icy Wind, Rock Slide",,,,"220;221;473","220;221;473"
"220","Swinub (Shadow)","Swinub","TRUE","284",,,,"0/15/15",,,,"27.5",,,,"498",,,,"Powder Snow, Icy Wind, Rock Slide",,,,"220;221;473","220;221;473"
"221","Piloswine","Swinub","FALSE",,"130","93",,,"0/14/11","4/15/14",,,"24.5","50",,,"1500","2500",,,"Powder Snow, Icicle Spear, High Horsepower","Powder Snow, Icicle Spear, High Horsepower",,"220;221;473","221;473"
"221","Piloswine (Shadow)","Swinub","TRUE",,"224","84",,,"0/14/11","4/15/14",,,"24.5","50",,,"1500","2500",,,"Powder Snow, Icicle Spear, High Horsepower","Powder Snow, Icicle Spear, High Horsepower",,"220;221;473","221;473"
"222","Corsola","Corsola","FALSE",,"715",,,,"10/15/15",,,,"50",,,,"1500",,,,"Bubble, Power Gem, Rock Blast",,,"222","222"
"222","Corsola (Galarian)","Corsola","FALSE",,"8",,,,"0/15/14",,,,"50",,,,"1500",,,,"Astonish, Night Shade, Power Gem",,,"222","222"
"223","Remoraid","Remoraid","FALSE","418",,,,"0/14/15",,,,"21.5",,,,"498",,,,"Mud Shot, Water Pulse, Rock Blast",,,,"223;224","223;224"
"224","Octillery","Remoraid","FALSE",,"1074","603",,,"0/15/13","5/15/15",,,"24.5","50",,,"1495","2500",,,"Lock On, Octazooka, Gunk Shot","Lock On, Water Pulse, Aurora Beam",,"223;224","224"
"226","Mantine","Mantine","FALSE",,"27","133",,,"0/15/13","15/15/15",,,"27.5","50",,,"1500","2383",,,"Wing Attack, Twister, Water Pulse","Wing Attack, Twister, Water Pulse",,"226;458","226;458"
"227","Skarmory","Skarmory","FALSE",,"185","180",,,"0/15/13","15/15/15",,,"27.5","50",,,"1500","2383",,,"Air Slash, Brave Bird, Drill Run","Air Slash, Brave Bird, Drill Run",,"227","227"
"227","Skarmory (Shadow)","Skarmory","TRUE",,"251","185",,,"0/15/13","15/15/15",,,"27.5","50",,,"1500","2383",,,"Air Slash, Brave Bird, Drill Run","Air Slash, Brave Bird, Drill Run",,"227","227"
"228","Houndour","Houndour","FALSE","209","803",,,"0/15/15","15/15/15",,,"15.5","50",,,"500","1395",,,"Ember, Dark Pulse, Flamethrower","Ember, Dark Pulse, Flamethrower",,,"228;229","228;229"
"228","Houndour (Shadow)","Houndour","TRUE","187","627",,,"0/15/15","15/15/15",,,"15.5","50",,,"500","1395",,,"Ember, Dark Pulse, Flamethrower","Ember, Dark Pulse, Flamethrower",,,"228;229","228;229"
"229","Houndoom","Houndour","FALSE",,"308","248",,,"0/13/13","0/15/14",,,"21.5","41",,,"1500","2495",,,"Incinerate, Foul Play, Trailblaze","Incinerate, Foul Play, Trailblaze",,"228;229","229"
"229","Houndoom (Shadow)","Houndour","TRUE",,"146","179",,,"0/13/13","0/15/14",,,"21.5","41",,,"1500","2495",,,"Incinerate, Foul Play, Trailblaze","Incinerate, Foul Play, Trailblaze",,"228;229","229"
"230","Kingdra","Horsea","FALSE",,"57","68","246",,"0/15/13","0/15/15","15/15/15",,"21.5","41.5","50",,"1497","2499","2986",,"Dragon Breath, Surf, Swift","Dragon Breath, Surf, Swift","Dragon Breath, Surf, Swift","116;117;230","230"
"230","Kingdra (Shadow)","Horsea","TRUE",,"62","76","222",,"0/15/13","0/15/15","15/15/15",,"21.5","41.5","50",,"1497","2499","2986",,"Dragon Breath, Surf, Swift","Dragon Breath, Surf, Swift","Dragon Breath, Surf, Swift","116;117;230","230"
"231","Phanpy","Phanpy","FALSE","469","1011",,,"0/15/15","15/15/15",,,"16.5","50",,,"500","1364",,,"Tackle, Bulldoze, Rock Slide","Tackle, Bulldoze, Rock Slide",,,"231;232","231;232"
"231","Phanpy (Shadow)","Phanpy","TRUE","487","1093",,,"0/15/15","15/15/15",,,"16.5","50",,,"500","1364",,,"Tackle, Bulldoze, Rock Slide","Tackle, Bulldoze, Rock Slide",,,"231;232","231;232"
"232","Donphan","Phanpy","FALSE",,"852","513","258",,"1/15/15","0/15/15","15/15/15",,"18.5","32","50",,"1498","2494","3407",,"Mud Slap, Trailblaze, Earthquake","Mud Slap, Earthquake, Trailblaze","Mud Slap, Earthquake, Trailblaze","231;232","232"
"232","Donphan (Shadow)","Phanpy","TRUE",,"854","581","289",,"1/15/15","0/15/15","15/15/15",,"18.5","32","50",,"1498","2494","3407",,"Mud Slap, Trailblaze, Earthquake","Mud Slap, Earthquake, Trailblaze","Mud Slap, Earthquake, Trailblaze","231;232","232"
"233","Porygon2","Porygon","FALSE",,"915","626","399",,"0/13/13","1/15/15","15/15/15",,"21","39","50",,"1498","2497","3065",,"Lock On, Tri Attack, Return[legacy]","Lock On, Tri Attack, Return[legacy]","Lock On, Tri Attack, Return[legacy]","137;233;474","233;474"
"233","Porygon2 (Shadow)","Porygon","TRUE",,"1015","697","398",,"0/13/13","1/15/15","15/15/15",,"21","39","50",,"1498","2497","3065",,"Lock On, Tri Attack, Zap Cannon","Lock On, Tri Attack, Zap Cannon","Lock On, Tri Attack, Zap Cannon","137;233;474","233;474"
"234","Stantler","Stantler","FALSE","496","1076","826",,"0/14/6","0/11/15","15/15/15",,"9","26.5","50",,"499","1499","2447",,"Tackle, Wild Charge, Stomp","Tackle, Wild Charge, Stomp","Tackle, Wild Charge, Stomp",,"234;899","234;899"
"234","Stantler (Shadow)","Stantler","TRUE","473","1089","831",,"0/14/6","0/11/15","15/15/15",,"9","26.5","50",,"499","1500","2447",,"Tackle, Wild Charge, Stomp","Tackle, Wild Charge, Stomp","Tackle, Wild Charge, Stomp",,"234;899","234;899"
"236","Tyrogue","Hitmonlee","FALSE","320",,,,"7/15/14",,,,"50",,,,"498",,,,"Tackle, Brick Break, Rock Slide",,,,"106;236","236"
"237","Hitmontop","Hitmonlee","FALSE",,"582","452",,,"0/14/15","15/15/15",,,"26.5","50",,,"1500","2438",,,"Counter, Close Combat, Triple Axel","Counter, Close Combat, Triple Axel",,"106;236","237"
"237","Hitmontop (Shadow)","Hitmonlee","TRUE",,"701","518",,,"0/14/15","15/15/15",,,"26.5","50",,,"1500","2438",,,"Counter, Close Combat, Triple Axel","Counter, Close Combat, Triple Axel",,"106;236","237"
"238","Smoochum","Jynx","FALSE","335","733",,,"0/15/12","15/15/15",,,"15","50",,,"498","1460",,,"Powder Snow, Psyshock, Ice Punch","Powder Snow, Psyshock, Ice Punch",,,"124;238","238"
"239","Elekid","Electabuzz","FALSE","139","693",,,"0/15/15","15/15/15",,,"16","50",,,"500","1364",,,"Thunder Shock, Thunder Punch, Brick Break","Thunder Shock, Thunder Punch, Brick Break",,,"125;239;466","239"
"240","Magby","Magmar","FALSE","134","670",,,"0/15/14","15/15/15",,,"14.5","50",,,"500","1496",,,"Karate Chop, Fire Punch, Brick Break","Karate Chop, Fire Punch, Brick Break",,,"126;240;467","240"
"241","Miltank","Miltank","FALSE",,"111","60","393",,"0/14/14","4/15/15","15/15/15",,"24.5","50","50",,"1500","2495","2662",,"Rollout, Body Slam, High Horsepower","Rollout, Body Slam, High Horsepower","Rollout, Body Slam, High Horsepower","241","241"
"242","Blissey","Chansey","FALSE",,"934","639","400",,"0/15/3","0/15/14","15/15/15",,"21.5","41","50",,"1500","2498","3117",,"Zen Headbutt, Wild Charge[etm], Dazzling Gleam","Zen Headbutt, Wild Charge[etm], Dazzling Gleam","Zen Headbutt, Wild Charge[etm], Dazzling Gleam","113;242;440","242;440"
"243","Raikou","Raikou","FALSE",,"160","117","87",,"2/15/14","1/12/15","15/15/15",,"16","27","50",,"1498","2488","3902",,"Thunder Shock, Wild Charge, Aura Sphere","Thunder Shock, Wild Charge, Aura Sphere","Thunder Shock, Aura Sphere, Wild Charge","243","243"
"243","Raikou (Shadow)","Raikou","TRUE",,"216","94","74",,"2/15/14","0/13/15","15/15/15",,"16","27","50",,"1489","2487","3902",,"Thunder Shock, Wild Charge, Aura Sphere","Thunder Shock, Wild Charge, Aura Sphere","Thunder Shock, Wild Charge, Aura Sphere","243","243"
"244","Entei","Entei","FALSE",,"863","560","165",,"1/15/15","3/15/14","15/15/15",,"16","26.5","50",,"1500","2500","3926",,"Fire Fang, Flame Charge, Scorching Sands","Fire Spin, Scorching Sands, Flame Charge","Fire Spin, Flame Charge, Scorching Sands","244","244"
"244","Entei (Shadow)","Entei","TRUE",,"875","663","188",,"1/15/15","0/13/13","15/15/15",,"16","27","50",,"1484","2498","3926",,"Fire Fang, Flame Charge, Scorching Sands","Fire Spin, Scorching Sands, Flame Charge","Fire Spin, Flame Charge, Scorching Sands","244","244"
"245","Suicune","Suicune","FALSE",,"521","352","196",,"1/14/14","1/14/13","15/15/15",,"19","33.5","50",,"1489","2491","3372",,"Ice Fang, Bubble Beam, Scald","Ice Fang, Ice Beam, Scald","Ice Fang, Scald, Ice Beam","245","245"
"245","Suicune (Shadow)","Suicune","TRUE",,"588","498","232",,"1/14/14","0/15/15","15/15/15",,"19","33.5","50",,"1478","2493","3372",,"Ice Fang, Bubble Beam, Scald","Ice Fang, Scald, Ice Beam","Ice Fang, Scald, Ice Beam","245","245"
"246","Larvitar","Larvitar","FALSE","340",,,,"0/15/15",,,,"19",,,,"500",,,,"Bite, Ancient Power, Crunch",,,,"246;247;248","246;247;248"
"246","Larvitar (Shadow)","Larvitar","TRUE","355",,,,"0/15/15",,,,"19",,,,"500",,,,"Bite, Ancient Power, Crunch",,,,"246;247;248","246;247;248"
"247","Pupitar","Larvitar","FALSE",,"972",,,,"0/14/14",,,,"35.5",,,,"1498",,,,"Bite, Ancient Power, Dig",,,"246;247;248","247;248"
"247","Pupitar (Shadow)","Larvitar","TRUE",,"1016",,,,"0/14/14",,,,"35.5",,,,"1498",,,,"Bite, Ancient Power, Dig",,,"246;247;248","247;248"
"248","Tyranitar","Larvitar","FALSE",,"552","438","85",,"0/15/15","0/10/14","15/15/15",,"14.5","24.5","50",,"1500","2498","4335",,"Smack Down[etm], Brutal Swing, Stone Edge","Smack Down[etm], Brutal Swing, Stone Edge","Smack Down[etm], Brutal Swing, Stone Edge","246;247;248","248"
"248","Tyranitar (Shadow)","Larvitar","TRUE",,"563","466","64",,"0/15/15","0/10/14","15/15/15",,"14.5","24.5","50",,"1500","2498","4335",,"Smack Down[etm], Brutal Swing, Stone Edge","Smack Down[etm], Brutal Swing, Stone Edge","Smack Down[etm], Brutal Swing, Stone Edge","246;247;248","248"
"249","Lugia","Lugia","FALSE",,"583","146","14",,"3/15/15","1/13/13","15/15/15",,"15","25.5","50",,"1497","2495","4186",,"Dragon Tail, Sky Attack, Aeroblast[etm]","Dragon Tail, Sky Attack, Aeroblast[etm]","Dragon Tail, Sky Attack, Aeroblast[etm]","249","249"
"249","Lugia (Shadow)","Lugia","TRUE",,"500","231","23",,"6/12/11","7/15/15","15/15/15",,"15","24.5","50",,"1492","2489","4186",,"Dragon Tail, Aeroblast[etm], Sky Attack","Dragon Tail, Aeroblast[etm], Sky Attack","Dragon Tail, Aeroblast[etm], Sky Attack","249","249"
"250","Ho-Oh","Ho-oh","FALSE",,"756","324","25",,"1/15/11","1/15/14","15/15/15",,"14.5","24","50",,"1491","2481","4367",,"Incinerate, Brave Bird, Sacred Fire[etm]","Incinerate, Brave Bird, Sacred Fire[etm]","Incinerate, Brave Bird, Sacred Fire[etm]","250","250"
"250","Ho-Oh (Shadow)","Ho-oh","TRUE",,"864","504","56",,"7/15/15","6/14/15","15/15/15",,"14","23.5","50",,"1482","2491","4367",,"Incinerate, Brave Bird, Sacred Fire[etm]","Incinerate, Brave Bird, Sacred Fire[etm]","Incinerate, Brave Bird, Sacred Fire[etm]","250","250"
"251","Celebi","Celebi","FALSE",,"668","512","163",,"10/15/13","10/13/15","15/15/15",,"16.5","27.5","50",,"1498","2493","3691",,"Confusion, Aura Sphere, Leaf Storm","Confusion, Seed Bomb, Aura Sphere","Confusion, Aura Sphere, Leaf Storm","251","251"
"252","Treecko","Treecko","FALSE","493",,,,"0/11/14",,,,"19",,,,"500",,,,"Bullet Seed, Energy Ball, Aerial Ace",,,,"252;253;254","252;253;254"
"252","Treecko (Shadow)","Treecko","TRUE","498",,,,"0/11/14",,,,"19",,,,"500",,,,"Bullet Seed, Energy Ball, Aerial Ace",,,,"252;253;254","252;253;254"
"253","Grovyle","Treecko","FALSE",,"776",,,,"0/12/15",,,,"39",,,,"1498",,,,"Quick Attack, Leaf Blade, Aerial Ace",,,"252;253;254","253;254"
"253","Grovyle (Shadow)","Treecko","TRUE",,"825",,,,"0/12/15",,,,"39",,,,"1498",,,,"Bullet Seed, Leaf Blade, Aerial Ace",,,"252;253;254","253;254"
"254","Sceptile","Treecko","FALSE",,"584","407",,,"0/11/15","0/15/13",,,"20.5","38",,,"1498","2496",,,"Fury Cutter, Leaf Blade, Breaking Swipe","Fury Cutter, Leaf Blade, Breaking Swipe",,"252;253;254","254"
"254","Sceptile (Shadow)","Treecko","TRUE",,"468","417",,,"0/11/15","0/15/13",,,"20.5","38",,,"1498","2496",,,"Fury Cutter, Leaf Blade, Breaking Swipe","Fury Cutter, Leaf Blade, Breaking Swipe",,"252;253;254","254"
"255","Torchic","Torchic","FALSE","297",,,,"0/13/15",,,,"18",,,,"500",,,,"Ember, Rock Tomb, Flame Charge",,,,"255;256;257","255;256;257"
"255","Torchic (Shadow)","Torchic","TRUE","369",,,,"0/13/15",,,,"18",,,,"500",,,,"Ember, Rock Tomb, Flame Charge",,,,"255;256;257","255;256;257"
"256","Combusken","Torchic","FALSE",,"642",,,,"0/15/14",,,,"39.5",,,,"1499",,,,"Ember, Rock Slide, Flame Charge",,,"255;256;257","256;257"
"256","Combusken (Shadow)","Torchic","TRUE",,"619",,,,"0/15/14",,,,"39.5",,,,"1499",,,,"Ember, Rock Slide, Flame Charge",,,"255;256;257","256;257"
"257","Blaziken","Torchic","FALSE",,"285","170",,,"1/15/14","1/15/15",,,"19.5","35",,,"1497","2495",,,"Ember, Aura Sphere, Blast Burn*","Ember, Aura Sphere, Blast Burn*",,"255;256;257","257"
"257","Blaziken (Shadow)","Torchic","TRUE",,"239","174",,,"1/15/14","1/15/15",,,"19.5","35",,,"1497","2495",,,"Fire Spin, Blast Burn[etm], Blaze Kick","Ember, Aura Sphere, Blast Burn*",,"255;256;257","257"
"258","Mudkip","Mudkip","FALSE","430",,,,"0/15/12",,,,"17.5",,,,"500",,,,"Water Gun, Sludge, Dig",,,,"258;259;260","258;259;260"
"258","Mudkip (Shadow)","Mudkip","TRUE","382",,,,"0/15/12",,,,"17.5",,,,"500",,,,"Water Gun, Sludge, Dig",,,,"258;259;260","258;259;260"
"259","Marshtomp","Mudkip","FALSE",,"418","786",,,"1/15/14","15/15/15",,,"34.5","50",,,"1499","2008",,,"Mud Shot, Surf, Sludge","Mud Shot, Surf, Mud Bomb",,"258;259;260","259;260"
"259","Marshtomp (Shadow)","Mudkip","TRUE",,"411","787",,,"1/15/14","15/15/15",,,"34.5","50",,,"1500","2008",,,"Mud Shot, Surf, Sludge","Mud Shot, Surf, Mud Bomb",,"258;259;260","259;260"
"260","Swampert","Mudkip","FALSE",,"78","54","108",,"0/14/14","0/14/13","15/15/15",,"19","33.5","50",,"1499","2499","3362",,"Mud Shot, Hydro Cannon[etm], Earthquake","Mud Shot, Hydro Cannon[etm], Earthquake","Mud Shot, Hydro Cannon[etm], Earthquake","258;259;260","260"
"260","Swampert (Shadow)","Mudkip","TRUE",,"79","89","120",,"0/14/14","0/14/13","15/15/15",,"19","33.5","50",,"1499","2499","3362",,"Mud Shot, Hydro Cannon[etm], Earthquake","Mud Shot, Hydro Cannon[etm], Earthquake","Mud Shot, Hydro Cannon[etm], Earthquake","258;259;260","260"
"261","Poochyena","Poochyena","FALSE","427",,,,"0/14/15",,,,"30",,,,"500",,,,"Snarl, Crunch, Poison Fang",,,,"261;262","261;262"
"261","Poochyena (Shadow)","Poochyena","TRUE","459",,,,"0/14/15",,,,"30",,,,"500",,,,"Snarl, Crunch, Poison Fang",,,,"261;262","261;262"
"262","Mightyena","Poochyena","FALSE",,"303","604",,,"0/12/14","15/15/15",,,"30","50",,,"1497","2177",,,"Sucker Punch, Crunch, Poison Fang","Sucker Punch, Crunch, Poison Fang",,"261;262","262"
"262","Mightyena (Shadow)","Poochyena","TRUE",,"274","595",,,"0/12/14","15/15/15",,,"30","50",,,"1497","2177",,,"Sucker Punch, Crunch, Poison Fang","Sucker Punch, Crunch, Poison Fang",,"261;262","262"
"263","Zigzagoon","Zigzagoon","FALSE","138",,,,"5/15/15",,,,"50",,,,"500",,,,"Sand Attack, Grass Knot, Thunderbolt",,,,"263;264;862","263;264;862"
"263","Zigzagoon (Galarian)","Zigzagoon","FALSE","12",,,,"5/15/15",,,,"50",,,,"500",,,,"Take Down, Swift, Dig",,,,"263;264;862","263;264;862"
"263","Zigzagoon (Galarian) (Shadow)","Zigzagoon","TRUE","15",,,,"5/15/15",,,,"50",,,,"500",,,,"Take Down, Swift, Dig",,,,"263;264;862","263;264;862"
"264","Linoone","Zigzagoon","FALSE",,"205",,,,"0/15/14",,,,"40",,,,"1497",,,,"Shadow Claw, Swift, Grass Knot",,,"263;264;862","264;862"
"264","Linoone (Galarian)","Zigzagoon","FALSE",,"849",,,,"0/15/14",,,,"40",,,,"1497",,,,"Snarl, Body Slam, Dig",,,"263;264;862","264;862"
"264","Linoone (Galarian) (Shadow)","Zigzagoon","TRUE",,"845",,,,"0/15/14",,,,"40",,,,"1497",,,,"Snarl, Body Slam, Dig",,,"263;264;862","264;862"
"265","Wurmple","Wurmple","FALSE","419",,,,"0/15/14",,,,"43",,,,"500",,,,"Bug Bite, Struggle, NA",,,,"265;266;267","265;266;267"
"267","Beautifly","Wurmple","FALSE",,"868",,,,"0/15/15",,,,"34",,,,"1497",,,,"Infestation, Air Cutter, Silver Wind",,,"265;266;267","267"
"269","Dustox","Cascoon","FALSE",,"870",,,,"15/15/14",,,,"50",,,,"1384",,,,"Confusion, Silver Wind, Sludge Bomb",,,"265;268;269","269"
"270","Lotad","Lotad","FALSE","318",,,,"0/15/13",,,,"41.5",,,,"499",,,,"Water Gun, Energy Ball, Scald",,,,"270;271;272","270;271;272"
"271","Lombre","Lotad","FALSE",,"1054",,,,"15/15/14",,,,"50",,,,"1353",,,,"Bubble, Scald, Grass Knot",,,"270;271;272","271;272"
"272","Ludicolo","Lotad","FALSE",,"178","115",,,"0/15/15","6/14/15",,,"24.5","50",,,"1500","2496",,,"Astonish, Weather Ball (Water), Energy Ball","Astonish, Weather Ball (Water), Energy Ball",,"270;271;272","272"
"273","Seedot","Seedot","FALSE","422",,,,"0/15/13",,,,"41.5",,,,"499",,,,"Bullet Seed, Energy Ball, Foul Play",,,,"273;274;275","273;274;275"
"273","Seedot (Shadow)","Seedot","TRUE","276",,,,"0/15/13",,,,"41.5",,,,"499",,,,"Quick Attack, Energy Ball, Foul Play",,,,"273;274;275","273;274;275"
"274","Nuzleaf","Seedot","FALSE",,"962",,,,"15/15/15",,,,"50",,,,"1387",,,,"Feint Attack, Leaf Blade, Foul Play",,,"273;274;275","274;275"
"274","Nuzleaf (Shadow)","Seedot","TRUE",,"936",,,,"15/15/15",,,,"50",,,,"1387",,,,"Feint Attack, Leaf Blade, Foul Play",,,"273;274;275","274;275"
"275","Shiftry","Seedot","FALSE",,"689","565",,,"0/12/14","3/15/15",,,"24.5","50",,,"1497","2497",,,"Snarl, Leaf Blade, Foul Play","Snarl, Leaf Blade, Foul Play",,"273;274;275","275"
"275","Shiftry (Shadow)","Seedot","TRUE",,"614","566",,,"0/12/14","3/15/15",,,"24.5","50",,,"1497","2497",,,"Snarl, Leaf Blade, Foul Play","Snarl, Leaf Blade, Foul Play",,"273;274;275","275"
"276","Taillow","Taillow","FALSE","347",,,,"0/13/14",,,,"26.5",,,,"500",,,,"Peck, Aerial Ace, Return<sup>†</sup>",,,,"276;277","276;277"
"276","Taillow (Shadow)","Taillow","TRUE","296",,,,"0/13/14",,,,"26.5",,,,"497",,,,"Peck, Aerial Ace, Frustration<sup>†</sup>",,,,"276;277","276;277"
"277","Swellow","Taillow","FALSE",,"761",,,,"0/15/15",,,,"29.5",,,,"1499",,,,"Wing Attack, Brave Bird, Aerial Ace",,,"276;277","277"
"277","Swellow (Shadow)","Taillow","TRUE",,"947",,,,"0/15/15",,,,"29.5",,,,"1499",,,,"Wing Attack, Brave Bird, Sky Attack",,,"276;277","277"
"278","Wingull","Wingull","FALSE","261",,,,"0/13/14",,,,"26.5",,,,"497",,,,"Quick Attack, Air Cutter, Water Pulse",,,,"278;279","278;279"
"279","Pelipper","Wingull","FALSE",,"120","139",,,"0/12/15","15/15/14",,,"27","50",,,"1500","2404",,,"Wing Attack, Weather Ball (Water), Hurricane","Wing Attack, Weather Ball (Water), Hurricane",,"278;279","279"
"280","Ralts","Ralts","FALSE","353",,,,"0/15/13",,,,"48.5",,,,"499",,,,"Confusion, Psyshock, Disarming Voice",,,,"280;281;282","280;281;282"
"280","Ralts (Shadow)","Ralts","TRUE","326",,,,"0/15/13",,,,"48.5",,,,"499",,,,"Confusion, Psyshock, Disarming Voice",,,,"280;281;282","280;281;282"
"282","Gardevoir","Ralts","FALSE",,"991","654","291",,"0/15/15","0/12/15","15/15/15",,"18","30.5","50",,"1499","2498","3497",,"Confusion, Triple Axel, Shadow Ball","Confusion, Triple Axel, Shadow Ball","Charm, Triple Axel, Shadow Ball","280;281;282","282"
"282","Gardevoir (Shadow)","Ralts","TRUE",,"1012","664","262",,"0/15/15","0/12/15","15/15/15",,"18","30.5","50",,"1499","2498","3497",,"Confusion, Triple Axel, Shadow Ball","Confusion, Triple Axel, Shadow Ball","Charm, Triple Axel, Shadow Ball","280;281;282","282"
"283","Surskit","Surskit","FALSE","149",,,,"1/14/15",,,,"25.5",,,,"500",,,,"Bug Bite, Aqua Jet, Signal Beam",,,,"283;284","283;284"
"284","Masquerain","Surskit","FALSE",,"787","530",,,"0/14/14","9/15/15",,,"25","50",,,"1497","2492",,,"Infestation, Air Cutter, Lunge","Infestation, Air Cutter, Lunge",,"283;284","284"
"285","Shroomish","Shroomish","FALSE","337",,,,"0/15/14",,,,"26",,,,"500",,,,"Bullet Seed, Energy Ball, Seed Bomb",,,,"285;286","285;286"
"286","Breloom","Shroomish","FALSE",,"928","707",,,"2/15/15","0/14/15",,,"21","41",,,"1500","2499",,,"Force Palm, Dynamic Punch, Grass Knot[etm]","Force Palm, Dynamic Punch, Grass Knot[etm]",,"285;286","286"
"287","Slakoth","Slakoth","FALSE","525",,,,"0/14/15",,,,"20",,,,"500",,,,"Yawn, Body Slam, Night Slash",,,,"287;288;289","287;288;289"
"287","Slakoth (Shadow)","Slakoth","TRUE","526",,,,"0/14/15",,,,"20",,,,"500",,,,"Yawn, Body Slam, Night Slash",,,,"287;288;289","287;288;289"
"288","Vigoroth","Slakoth","FALSE",,"22","554",,,"1/15/15","15/15/15",,,"29","50",,,"1497","2225",,,"Scratch, Body Slam, Bulldoze","Scratch, Body Slam, Rock Slide",,"287;288;289","288;289"
"288","Vigoroth (Shadow)","Slakoth","TRUE",,"41","555",,,"1/15/15","15/15/15",,,"29","50",,,"1497","2225",,,"Scratch, Brick Break, Rock Slide","Scratch, Body Slam, Rock Slide",,"287;288;289","288;289"
"289","Slaking","Slakoth","FALSE",,"1151","848","407",,"0/13/15","4/15/14","15/15/15",,"12.5","20.5","50",,"1499","2499","5010",,"Yawn, Body Slam[etm], Earthquake","Yawn, Body Slam[etm], Earthquake","Yawn, Body Slam[etm], Earthquake","287;288;289","289"
"289","Slaking (Shadow)","Slakoth","TRUE",,"1152","849","408",,"0/13/15","4/15/14","15/15/15",,"12.5","20.5","50",,"1499","2499","5010",,"Yawn, Body Slam*, Earthquake","Yawn, Body Slam*, Earthquake","Yawn, Body Slam*, Earthquake","287;288;289","289"
"290","Nincada","Nincada","FALSE","71",,,,"0/15/15",,,,"27",,,,"499",,,,"Scratch, Night Slash, Bug Buzz",,,,"290;291","290;291"
"291","Ninjask","Nincada","FALSE",,"880",,,,"0/12/15",,,,"29",,,,"1499",,,,"Fury Cutter, Shadow Ball, Aerial Ace",,,"290;291","291"
"293","Whismur","Whismur","FALSE","341",,,,"0/15/15",,,,"30.5",,,,"500",,,,"Astonish, Stomp, Disarming Voice",,,,"293;294;295","293;294;295"
"293","Whismur (Shadow)","Whismur","TRUE","315",,,,"0/15/15",,,,"30.5",,,,"500",,,,"Astonish, Stomp, Disarming Voice",,,,"293;294;295","293;294;295"
"294","Loudred","Whismur","FALSE",,"808",,,,"15/15/14",,,,"50",,,,"1500",,,,"Bite, Disarming Voice, Stomp",,,"293;294;295","294;295"
"294","Loudred (Shadow)","Whismur","TRUE",,"930",,,,"15/15/14",,,,"50",,,,"1500",,,,"Bite, Stomp, Disarming Voice",,,"293;294;295","294;295"
"295","Exploud","Whismur","FALSE",,"799","562",,,"0/15/9","4/15/14",,,"24.5","50",,,"1500","2497",,,"Astonish, Crunch, Disarming Voice","Astonish, Crunch, Disarming Voice",,"293;294;295","295"
"295","Exploud (Shadow)","Whismur","TRUE",,"860","597",,,"0/15/9","4/15/14",,,"24.5","50",,,"1500","2497",,,"Astonish, Crunch, Disarming Voice","Astonish, Crunch, Disarming Voice",,"293;294;295","295"
"296","Makuhita","Makuhita","FALSE","360",,,,"0/15/15",,,,"24.5",,,,"499",,,,"Tackle, Upper Hand, Cross Chop",,,,"296;297","296;297"
"296","Makuhita (Shadow)","Makuhita","TRUE","423",,,,"0/15/15",,,,"24.5",,,,"499",,,,"Tackle, Upper Hand, Cross Chop",,,,"296;297","296;297"
"297","Hariyama","Makuhita","FALSE",,"486","334","250",,"0/14/13","0/14/15","15/15/15",,"20","36.5","50",,"1496","2500","3198",,"Force Palm, Upper Hand, Heavy Slam","Force Palm, Upper Hand, Heavy Slam","Force Palm, Upper Hand, Heavy Slam","296;297","297"
"297","Hariyama (Shadow)","Makuhita","TRUE",,"443","349","211",,"0/14/13","0/14/15","15/15/15",,"20","36.5","50",,"1496","2500","3198",,"Force Palm, Upper Hand, Heavy Slam","Force Palm, Upper Hand, Heavy Slam","Force Palm, Upper Hand, Heavy Slam","296;297","297"
"298","Azurill","Marill","FALSE","263",,,,"15/15/15",,,,"50",,,,"411",,,,"Bubble, Body Slam, Ice Beam",,,,"183;184;298","298"
"299","Nosepass","Nosepass","FALSE","89","1072",,,"0/13/14","15/15/15",,,"21","50",,,"499","1123",,,"Rock Throw, Rock Slide, Rock Blast","Rock Throw, Rock Slide, Rock Blast",,,"299;476","299;476"
"299","Nosepass (Shadow)","Nosepass","TRUE","158","1077",,,"0/13/14","15/15/15",,,"21","50",,,"499","1123",,,"Rock Throw, Rock Slide, Rock Blast","Rock Throw, Rock Slide, Rock Blast",,,"299;476","299;476"
"300","Skitty","Skitty","FALSE","402",,,,"0/15/13",,,,"28",,,,"499",,,,"Tackle, Wild Charge, Disarming Voice",,,,"300;301","300;301"
"301","Delcatty","Skitty","FALSE",,"824",,,,"0/15/14",,,,"49",,,,"1496",,,,"Charm, Wild Charge, Disarming Voice",,,"300;301","301"
"302","Sableye","Sableye","FALSE",,"37",,,,"0/15/15",,,,"49.5",,,,"1496",,,,"Shadow Claw, Foul Play, Power Gem",,,"302","302"
"302","Sableye (Shadow)","Sableye","TRUE",,"19",,,,"0/15/15",,,,"49.5",,,,"1496",,,,"Shadow Claw, Foul Play, Drain Punch",,,"302","302"
"303","Mawile","Mawile","FALSE",,"151",,,,"0/14/14",,,,"41",,,,"1497",,,,"Fairy Wind, Vise Grip, Iron Head",,,"303","303"
"303","Mawile (Shadow)","Mawile","TRUE",,"225",,,,"0/14/14",,,,"41",,,,"1497",,,,"Fairy Wind, Vise Grip, Iron Head",,,"303","303"
"304","Aron","Aron","FALSE","168","625",,,"1/14/14","15/15/15",,,"15","50",,,"498","1478",,,"Metal Sound, Rock Tomb, Iron Head","Metal Sound, Rock Tomb, Iron Head",,,"304;305;306","304;305;306"
"304","Aron (Shadow)","Aron","TRUE","246","785",,,"1/14/14","15/15/15",,,"15","50",,,"498","1478",,,"Metal Sound, Rock Tomb, Iron Head","Metal Sound, Rock Tomb, Iron Head",,,"304;305;306","304;305;306"
"305","Lairon","Aron","FALSE",,"509","616",,,"0/14/15","15/15/14",,,"28","50",,,"1500","2324",,,"Metal Sound, Rock Tomb, Body Slam","Metal Sound, Rock Tomb, Rock Slide",,"304;305;306","305;306"
"305","Lairon (Shadow)","Aron","TRUE",,"620","673",,,"0/14/15","15/15/14",,,"28","50",,,"1500","2324",,,"Metal Sound, Rock Tomb, Body Slam","Metal Sound, Rock Tomb, Rock Slide",,"304;305;306","305;306"
"306","Aggron","Aron","FALSE",,"492","289","159",,"0/14/12","0/14/14","15/15/15",,"19","33","50",,"1500","2498","3391",,"Metal Sound, Meteor Beam, Brick Break","Metal Sound, Brick Break, Meteor Beam","Metal Sound, Meteor Beam, Brick Break","304;305;306","306"
"306","Aggron (Shadow)","Aron","TRUE",,"542","379","161",,"0/14/12","0/14/14","15/15/15",,"19","33","50",,"1500","2498","3391",,"Metal Sound, Meteor Beam, Brick Break","Metal Sound, Brick Break, Meteor Beam","Metal Sound, Meteor Beam, Brick Break","304;305;306","306"
"307","Meditite","Meditite","FALSE","260",,,,"0/14/14",,,,"30.5",,,,"500",,,,"Confusion, Psyshock, Ice Punch",,,,"307;308","307;308"
"308","Medicham","Meditite","FALSE",,"55",,,,"5/15/14",,,,"50",,,,"1500",,,,"Psycho Cut, Ice Punch, Dynamic Punch",,,"307;308","308"
"309","Electrike","Electrike","FALSE","392",,,,"0/14/14",,,,"20.5",,,,"498",,,,"Quick Attack, Discharge, Swift",,,,"309;310","309;310"
"309","Electrike (Shadow)","Electrike","TRUE","342",,,,"0/14/14",,,,"20.5",,,,"500",,,,"Quick Attack, Discharge, Swift",,,,"309;310","309;310"
"310","Manectric","Electrike","FALSE",,"613","667",,,"1/15/13","2/15/15",,,"24","50",,,"1498","2500",,,"Thunder Fang, Psychic Fangs, Wild Charge","Snarl, Wild Charge, Psychic Fangs",,"309;310","310"
"310","Manectric (Shadow)","Electrike","TRUE",,"996","696",,,"1/15/13","2/15/15",,,"24","50",,,"1498","2500",,,"Snarl, Wild Charge, Psychic Fangs","Snarl, Wild Charge, Psychic Fangs",,"309;310","310"
"311","Plusle","Plusle","FALSE",,"1033",,,,"0/15/14",,,,"34.5",,,,"1498",,,,"Quick Attack, Thunderbolt, Grass Knot",,,"311","311"
"312","Minun","Minun","FALSE",,"827",,,,"0/14/14",,,,"38.5",,,,"1496",,,,"Quick Attack, Thunderbolt, Grass Knot",,,"312","312"
"313","Volbeat","Volbeat","FALSE",,"280","692",,,"0/14/13","15/15/15",,,"36","50",,,"1500","2002",,,"Infestation, Lunge, Thunderbolt","Infestation, Lunge, Thunderbolt",,"313","313"
"314","Illumise","Illumise","FALSE",,"482","795",,,"0/14/13","15/15/15",,,"36","50",,,"1500","2002",,,"Infestation, Silver Wind, Shadow Ball","Infestation, Silver Wind, Shadow Ball",,"314","314"
"315","Roselia","Roselia","FALSE",,"1099",,,,"0/13/15",,,,"31",,,,"1497",,,,"Poison Jab, Sludge Bomb, Dazzling Gleam",,,"315;406;407","315;406;407"
"316","Gulpin","Gulpin","FALSE","457",,,,"0/15/13",,,,"24",,,,"499",,,,"Rock Smash, Sludge, Ice Beam",,,,"316;317","316;317"
"317","Swalot","Gulpin","FALSE",,"153","480",,,"0/15/13","15/15/15",,,"29.5","50",,,"1498","2236",,,"Infestation, Sludge, Ice Beam","Infestation, Sludge, Ice Beam",,"316;317","317"
"318","Carvanha","Carvanha","FALSE","436",,,,"1/15/15",,,,"18.5",,,,"499",,,,"Bite, Aqua Jet, Crunch",,,,"318;319","318;319"
"318","Carvanha (Shadow)","Carvanha","TRUE","437",,,,"1/15/15",,,,"18.5",,,,"499",,,,"Bite, Aqua Jet, Crunch",,,,"318;319","318;319"
"319","Sharpedo","Carvanha","FALSE",,"843","712",,,"0/15/15","15/15/15",,,"25.5","50",,,"1498","2466",,,"Bite, Crunch, Poison Fang","Bite, Crunch, Poison Fang",,"318;319","319"
"319","Sharpedo (Shadow)","Carvanha","TRUE",,"782","657",,,"0/15/15","15/15/15",,,"25.5","50",,,"1498","2466",,,"Bite, Crunch, Poison Fang","Bite, Crunch, Poison Fang",,"318;319","319"
"320","Wailmer","Wailmer","FALSE","223","338",,,"0/15/3","0/15/15",,,"13.5","50",,,"500","1499",,,"Rollout, Scald, Body Slam","Rollout, Scald, Body Slam",,,"320;321","320;321"
"320","Wailmer (Shadow)","Wailmer","TRUE","314","470",,,"0/15/3","0/15/15",,,"13.5","50",,,"500","1499",,,"Rollout, Scald, Body Slam","Rollout, Scald, Body Slam",,,"320;321","320;321"
"321","Wailord","Wailmer","FALSE",,"396","239",,,"0/15/14","9/15/15",,,"25","50",,,"1497","2492",,,"Rollout, Surf, Return<sup>†</sup>","Rollout, Surf, Blizzard",,"320;321","321"
"321","Wailord (Shadow)","Wailmer","TRUE",,"629","378",,,"0/15/14","9/15/15",,,"25","50",,,"1497","2492",,,"Rollout, Surf, Hyper Beam","Rollout, Scald, Blizzard",,"320;321","321"
"322","Numel","Numel","FALSE","179",,,,"1/15/14",,,,"18.5",,,,"500",,,,"Ember, Heat Wave, Bulldoze",,,,"322;323","322;323"
"322","Numel (Shadow)","Numel","TRUE","175",,,,"1/15/14",,,,"18.5",,,,"500",,,,"Ember, Heat Wave, Bulldoze",,,,"322;323","322;323"
"323","Camerupt","Numel","FALSE",,"397","229",,,"0/14/13","15/15/15",,,"26","50",,,"1499","2479",,,"Incinerate, Earth Power, Rock Tomb","Incinerate, Earth Power, Rock Tomb",,"322;323","323"
"323","Camerupt (Shadow)","Numel","TRUE",,"476","314",,,"0/14/13","15/15/15",,,"26","50",,,"1499","2479",,,"Incinerate, Earth Power, Rock Tomb","Incinerate, Earth Power, Rock Tomb",,"322;323","323"
"324","Torkoal","Torkoal","FALSE",,"125","296",,,"0/15/15","15/15/15",,,"27.5","50",,,"1499","2366",,,"Ember, Flame Wheel, Overheat","Ember, Flame Wheel, Overheat",,"324","324"
"325","Spoink","Spoink","FALSE","521","1148",,,"2/14/15","15/15/15",,,"14.5","49.5",,,"500","1499",,,"Zen Headbutt, Mirror Coat, Shadow Ball","Zen Headbutt, Mirror Coat, Shadow Ball",,,"325;326","325;326"
"325","Spoink (Shadow)","Spoink","TRUE","519","1147",,,"2/14/15","15/15/15",,,"14.5","49.5",,,"500","1499",,,"Zen Headbutt, Mirror Coat, Shadow Ball","Zen Headbutt, Mirror Coat, Shadow Ball",,,"325;326","325;326"
"326","Grumpig","Spoink","FALSE",,"92","109",,,"1/14/15","2/15/15",,,"24","50",,,"1497","2498",,,"Psywave, Dynamic Punch, Shadow Ball","Psywave, Dynamic Punch, Shadow Ball",,"325;326","326"
"326","Grumpig (Shadow)","Spoink","TRUE",,"202","110",,,"1/14/15","2/15/15",,,"24","50",,,"1497","2498",,,"Psywave, Dynamic Punch, Mirror Coat","Psywave, Dynamic Punch, Shadow Ball",,"325;326","326"
"327","Spinda","Spinda","FALSE",,"366",,,,"15/15/14",,,,"50",,,,"1380",,,,"Sucker Punch, Rock Tomb, Icy Wind",,,"327","327"
"328","Trapinch","Trapinch","FALSE","471","980",,,"0/15/14","15/15/15",,,"15","50",,,"500","1441",,,"Sand Attack, Sand Tomb, Crunch","Sand Attack, Sand Tomb, Crunch",,,"328;329;330","328;329;330"
"328","Trapinch (Shadow)","Trapinch","TRUE","464","999",,,"0/15/14","15/15/15",,,"15","50",,,"500","1441",,,"Sand Attack, Sand Tomb, Crunch","Sand Attack, Sand Tomb, Crunch",,,"328;329;330","328;329;330"
"329","Vibrava","Trapinch","FALSE",,"646",,,,"15/15/15",,,,"50",,,,"1384",,,,"Dragon Breath, Sand Tomb, Bulldoze",,,"328;329;330","329;330"
"329","Vibrava (Shadow)","Trapinch","TRUE",,"679",,,,"15/15/15",,,,"50",,,,"1384",,,,"Dragon Breath, Sand Tomb, Bulldoze",,,"328;329;330","329;330"
"330","Flygon","Trapinch","FALSE",,"446","225",,,"0/12/12","0/13/15",,,"21.5","41",,,"1500","2500",,,"Dragon Tail, Sand Tomb, Twister","Dragon Tail, Twister, Sand Tomb",,"328;329;330","330"
"330","Flygon (Shadow)","Trapinch","TRUE",,"447","321",,,"0/12/12","0/13/15",,,"21.5","41",,,"1500","2500",,,"Dragon Tail, Sand Tomb, Twister","Dragon Tail, Twister, Sand Tomb",,"328;329;330","330"
"331","Cacnea","Cacnea","FALSE","413",,,,"0/14/14",,,,"15.5",,,,"499",,,,"Sucker Punch, Trailblaze, Brick Break",,,,"331;332","331;332"
"331","Cacnea (Shadow)","Cacnea","TRUE","442",,,,"0/14/14",,,,"15.5",,,,"499",,,,"Sucker Punch, Trailblaze, Brick Break",,,,"331;332","331;332"
"332","Cacturne","Cacnea","FALSE",,"662","477",,,"0/15/13","6/15/15",,,"24.5","50",,,"1498","2499",,,"Sucker Punch, Trailblaze, Dark Pulse","Sucker Punch, Dark Pulse, Trailblaze",,"331;332","332"
"332","Cacturne (Shadow)","Cacnea","TRUE",,"617","487",,,"0/15/13","6/15/15",,,"24.5","50",,,"1498","2499",,,"Sucker Punch, Trailblaze, Dark Pulse","Sucker Punch, Dark Pulse, Trailblaze",,"331;332","332"
"333","Swablu","Swablu","FALSE","13",,,,"0/14/15",,,,"25.5",,,,"500",,,,"Peck, Aerial Ace, Disarming Voice",,,,"333;334","333;334"
"333","Swablu (Shadow)","Swablu","TRUE","36",,,,"0/14/15",,,,"25.5",,,,"500",,,,"Peck, Aerial Ace, Disarming Voice",,,,"333;334","333;334"
"334","Altaria","Swablu","FALSE",,"2","270",,,"0/14/15","15/15/15",,,"29","50",,,"1499","2266",,,"Dragon Breath, Sky Attack, Moonblast[etm]","Dragon Breath, Sky Attack, Moonblast[etm]",,"333;334","334"
"334","Altaria (Shadow)","Swablu","TRUE",,"9","309",,,"0/14/15","15/15/15",,,"29","50",,,"1499","2266",,,"Dragon Breath, Moonblast*, Flamethrower","Dragon Breath, Moonblast*, Flamethrower",,"333;334","334"
"335","Zangoose","Zangoose","FALSE",,"623","524",,,"1/15/15","0/14/14",,,"23","48.5",,,"1500","2493",,,"Shadow Claw, Close Combat, Night Slash","Shadow Claw, Close Combat, Night Slash",,"335","335"
"336","Seviper","Seviper","FALSE",,"720","676",,,"0/15/12","15/15/15",,,"27","50",,,"1496","2380",,,"Poison Jab, Poison Fang, Wrap","Poison Jab, Poison Fang, Crunch",,"336","336"
"337","Lunatone","Lunatone","FALSE",,"256","298",,,"0/15/14","5/15/15",,,"24.5","50",,,"1496","2497",,,"Psywave, Weather Ball (Ice), Rock Slide","Psywave, Weather Ball (Ice), Rock Slide",,"337","337"
"338","Solrock","Solrock","FALSE",,"244","311",,,"0/15/14","5/15/15",,,"24.5","50",,,"1496","2497",,,"Psywave, Weather Ball (Fire), Rock Slide","Psywave, Weather Ball (Fire), Rock Slide",,"338","338"
"339","Barboach","Barboach","FALSE","84",,,,"1/15/15",,,,"24.5",,,,"500",,,,"Mud Shot, Aqua Tail, Mud Bomb",,,,"339;340","339;340"
"339","Barboach (Shadow)","Barboach","TRUE","50",,,,"1/15/15",,,,"24.5",,,,"500",,,,"Mud Shot, Aqua Tail, Mud Bomb",,,,"339;340","339;340"
"340","Whiscash","Barboach","FALSE",,"380","390",,,"0/15/10","15/15/14",,,"28","50",,,"1495","2346",,,"Mud Shot, Mud Bomb, Scald","Mud Shot, Mud Bomb, Scald",,"339;340","340"
"340","Whiscash (Shadow)","Barboach","TRUE",,"423","427",,,"0/15/10","15/15/14",,,"28","50",,,"1495","2346",,,"Mud Shot, Mud Bomb, Scald","Mud Shot, Mud Bomb, Scald",,"339;340","340"
"341","Corphish","Corphish","FALSE","425","1062",,,"0/15/10","15/15/15",,,"16","50",,,"500","1391",,,"Bubble, Aqua Jet, Vise Grip","Bubble, Aqua Jet, Vise Grip",,,"341;342","341;342"
"341","Corphish (Shadow)","Corphish","TRUE","447","1032",,,"0/15/10","15/15/15",,,"16","50",,,"500","1391",,,"Bubble, Aqua Jet, Vise Grip","Bubble, Aqua Jet, Vise Grip",,,"341;342","341;342"
"342","Crawdaunt","Corphish","FALSE",,"677","547",,,"2/15/14","0/15/15",,,"22.5","46",,,"1498","2497",,,"Waterfall, Night Slash, Scald","Waterfall, Night Slash, Crabhammer",,"341;342","342"
"342","Crawdaunt (Shadow)","Corphish","TRUE",,"523","475",,,"2/15/14","0/15/15",,,"22.5","46",,,"1498","2497",,,"Waterfall, Night Slash, Scald","Waterfall, Night Slash, Scald",,"341;342","342"
"343","Baltoy","Baltoy","FALSE","456",,,,"0/11/14",,,,"27",,,,"499",,,,"Confusion, Dig, Gyro Ball",,,,"343;344","343;344"
"343","Baltoy (Shadow)","Baltoy","TRUE","462",,,,"0/11/14",,,,"27",,,,"499",,,,"Confusion, Dig, Gyro Ball",,,,"343;344","343;344"
"344","Claydol","Baltoy","FALSE",,"305","488",,,"0/14/15","15/15/14",,,"29.5","50",,,"1500","2229",,,"Mud Slap, Rock Tomb, Shadow Ball","Mud Slap, Ice Beam, Rock Tomb",,"343;344","344"
"344","Claydol (Shadow)","Baltoy","TRUE",,"398","542",,,"0/14/15","15/15/14",,,"29.5","50",,,"1500","2229",,,"Mud Slap, Rock Tomb, Shadow Ball","Mud Slap, Rock Tomb, Ice Beam",,"343;344","344"
"345","Lileep","Lileep","FALSE","162","341",,,"0/15/14","15/15/15",,,"15.5","50",,,"499","1460",,,"Acid, Ancient Power, Grass Knot","Acid, Grass Knot, Ancient Power",,,"345;346","345;346"
"345","Lileep (Shadow)","Lileep","TRUE","245","429",,,"0/15/14","15/15/15",,,"15.5","50",,,"499","1460",,,"Acid, Grass Knot, Ancient Power","Acid, Grass Knot, Ancient Power",,,"345;346","345;346"
"346","Cradily","Lileep","FALSE",,"66","80",,,"0/15/15","15/15/15",,,"26","50",,,"1497","2499",,,"Acid, Rock Tomb, Grass Knot","Acid, Rock Tomb, Grass Knot",,"345;346","346"
"346","Cradily (Shadow)","Lileep","TRUE",,"234","52",,,"0/15/15","15/15/15",,,"26","50",,,"1497","2499",,,"Acid, Rock Tomb, Grass Knot","Acid, Rock Tomb, Grass Knot",,"345;346","346"
"347","Anorith","Anorith","FALSE","266","858",,,"0/14/14","1/15/15",,,"12.5","44.5",,,"500","1499",,,"Scratch, Aqua Jet, Ancient Power","Scratch, Aqua Jet, Ancient Power",,,"347;348","347;348"
"347","Anorith (Shadow)","Anorith","TRUE","211","729",,,"0/14/14","1/15/15",,,"12.5","44.5",,,"500","1499",,,"Scratch, Aqua Jet, Ancient Power","Scratch, Aqua Jet, Ancient Power",,,"347;348","347;348"
"348","Armaldo","Anorith","FALSE",,"748","602","377",,"2/15/14","0/15/12","15/15/15",,"19.5","36","50",,"1500","2499","3220",,"Fury Cutter, Rock Blast, Liquidation","Fury Cutter, Rock Blast, Liquidation","Fury Cutter, Rock Blast, Cross Poison","347;348","348"
"348","Armaldo (Shadow)","Anorith","TRUE",,"621","596","349",,"2/15/14","0/15/12","15/15/15",,"19.5","36","50",,"1500","2499","3220",,"Fury Cutter, Rock Blast, Liquidation","Fury Cutter, Rock Blast, Liquidation","Fury Cutter, Rock Blast, Cross Poison","347;348","348"
"349","Feebas","Feebas","FALSE","518",,,,"15/15/15",,,,"50",,,,"310",,,,"Tackle, Mirror Coat, Return<sup>†</sup>",,,,"349;350","349;350"
"349","Feebas (Shadow)","Feebas","TRUE","520",,,,"15/15/15",,,,"50",,,,"310",,,,"Tackle, Mirror Coat, Frustration<sup>†</sup>",,,,"349;350","349;350"
"350","Milotic","Feebas","FALSE",,"128","73","145",,"0/14/11","0/13/15","15/15/15",,"19","33","50",,"1498","2495","3398",,"Waterfall, Aqua Tail, Wrap","Waterfall, Aqua Tail, Wrap","Waterfall, Aqua Tail, Wrap","349;350","350"
"350","Milotic (Shadow)","Feebas","TRUE",,"147","53","160",,"0/14/11","0/13/15","15/15/15",,"19","33","50",,"1498","2495","3398",,"Waterfall, Aqua Tail, Wrap","Waterfall, Aqua Tail, Wrap","Waterfall, Aqua Tail, Wrap","349;350","350"
"352","Kecleon","Kecleon","FALSE",,"200","484",,,"0/15/15","15/15/14",,,"28","50",,,"1499","2314",,,"Sucker Punch, Thunder Punch, Dynamic Punch","Sucker Punch, Dynamic Punch, Foul Play",,"352","352"
"353","Shuppet","Shuppet","FALSE","396",,,,"0/15/14",,,,"19",,,,"497",,,,"Astonish, Night Shade, Shadow Sneak",,,,"353;354","353;354"
"353","Shuppet (Shadow)","Shuppet","TRUE","294",,,,"0/15/14",,,,"19",,,,"497",,,,"Astonish, Night Shade, Shadow Sneak",,,,"353;354","353;354"
"354","Banette","Shuppet","FALSE",,"910","630",,,"1/15/12","6/15/15",,,"24.5","50",,,"1497","2494",,,"Shadow Claw, Shadow Ball, Dazzling Gleam","Shadow Claw, Shadow Ball, Dazzling Gleam",,"353;354","354"
"354","Banette (Shadow)","Shuppet","TRUE",,"958","642",,,"1/15/12","6/15/15",,,"24.5","50",,,"1499","2500",,,"Shadow Claw, Shadow Ball, Dazzling Gleam","Shadow Claw, Shadow Ball, Dazzling Gleam",,"353;354","354"
"355","Duskull","Duskull","FALSE","34",,,,"0/15/15",,,,"30",,,,"499",,,,"Astonish, Night Shade, Return<sup>†</sup>",,,,"355;356;477","355;356;477"
"355","Duskull (Shadow)","Duskull","TRUE","49",,,,"0/15/15",,,,"30",,,,"499",,,,"Astonish, Night Shade, Shadow Sneak",,,,"355;356;477","355;356;477"
"356","Dusclops","Duskull","FALSE",,"77",,,,"0/11/15",,,,"45",,,,"1497",,,,"Hex, Ice Punch, Shadow Punch",,,"355;356;477","356;477"
"356","Dusclops (Shadow)","Duskull","TRUE",,"71",,,,"0/11/15",,,,"45",,,,"1497",,,,"Hex, Ice Punch, Shadow Punch",,,"355;356;477","356;477"
"357","Tropius","Tropius","FALSE",,"421","675",,,"0/15/15","15/15/14",,,"30","50",,,"1498","2194",,,"Air Slash, Leaf Blade, Brutal Swing","Air Slash, Leaf Blade, Brutal Swing",,"357","357"
"358","Chimecho","Chimecho","FALSE",,"626","439",,,"0/11/15","12/15/15",,,"25.5","49.5",,,"1500","2500",,,"Astonish, Psyshock, Energy Ball","Astonish, Psyshock, Energy Ball",,"358;433","358;433"
"359","Absol","Absol","FALSE",,"763","614",,,"0/15/15","0/15/14",,,"22","44",,,"1498","2497",,,"Psycho Cut, Brutal Swing*, Megahorn","Psycho Cut, Brutal Swing*, Megahorn",,"359","359"
"359","Absol (Shadow)","Absol","TRUE",,"675","558",,,"0/15/15","0/15/14",,,"22","44",,,"1498","2497",,,"Psycho Cut, Brutal Swing*, Megahorn","Psycho Cut, Brutal Swing*, Megahorn",,"359","359"
"360","Wynaut","Wobbuffet","FALSE","1",,,,"5/15/15",,,,"50",,,,"500",,,,"Counter, Mirror Coat, NA",,,,"202;360","360"
"361","Snorunt","Snorunt","FALSE","204",,,,"0/13/15",,,,"23",,,,"500",,,,"Powder Snow, Avalanche, Shadow Ball",,,,"361;362","361;362"
"361","Snorunt (Shadow)","Snorunt","TRUE","194",,,,"0/13/15",,,,"23",,,,"500",,,,"Powder Snow, Avalanche, Shadow Ball",,,,"361;362","361;362"
"362","Glalie","Snorunt","FALSE",,"435","363",,,"0/13/13","15/15/15",,,"27.5","50",,,"1499","2380",,,"Rollout, Avalanche, Shadow Ball","Powder Snow, Avalanche, Shadow Ball",,"361;362","362"
"362","Glalie (Shadow)","Snorunt","TRUE",,"615","437",,,"0/13/13","15/15/15",,,"27.5","50",,,"1499","2380",,,"Rollout, Avalanche, Shadow Ball","Powder Snow, Avalanche, Shadow Ball",,"361;362","362"
"363","Spheal","Spheal","FALSE","277",,,,"0/15/15",,,,"21",,,,"500",,,,"Water Gun, Water Pulse, Body Slam",,,,"363;364;365","363;364;365"
"363","Spheal (Shadow)","Spheal","TRUE","300",,,,"0/15/15",,,,"21",,,,"500",,,,"Water Gun, Water Pulse, Body Slam",,,,"363;364;365","363;364;365"
"364","Sealeo","Spheal","FALSE",,"99","771",,,"0/15/14","15/15/15",,,"38","50",,,"1500","1938",,,"Powder Snow, Surf, Body Slam","Powder Snow, Surf, Body Slam",,"363;364;365","364;365"
"364","Sealeo (Shadow)","Spheal","TRUE",,"156","768",,,"0/15/14","15/15/15",,,"38","50",,,"1500","1938",,,"Powder Snow, Surf, Body Slam","Powder Snow, Surf, Body Slam",,"363;364;365","364;365"
"365","Walrein","Spheal","FALSE",,"121","45","176",,"0/12/15","0/12/15","15/15/15",,"21","40","50",,"1500","2500","3081",,"Powder Snow[etm], Icicle Spear[etm], Earthquake","Powder Snow[etm], Icicle Spear[etm], Earthquake","Powder Snow[etm], Icicle Spear[etm], Earthquake","363;364;365","365"
"365","Walrein (Shadow)","Spheal","TRUE",,"143","41","191",,"0/12/15","0/12/15","15/15/15",,"21","40","50",,"1500","2500","3081",,"Powder Snow[etm], Icicle Spear[etm], Earthquake","Powder Snow[etm], Icicle Spear[etm], Earthquake","Powder Snow[etm], Icicle Spear[etm], Earthquake","363;364;365","365"
"366","Clamperl","Clamperl","FALSE","438","1019",,,"0/11/15","15/15/14",,,"15.5","50",,,"500","1436",,,"Water Gun, Water Pulse, Body Slam","Water Gun, Water Pulse, Body Slam",,,"366;367","366;367"
"367","Huntail","Clamperl","FALSE",,"705","563",,,"1/15/15","3/15/15",,,"24","50",,,"1497","2497",,,"Bite, Aqua Tail, Crunch","Bite, Aqua Tail, Crunch",,"366;367","367"
"368","Gorebyss","Gorebyss","FALSE",,"1095","774",,,"0/15/15","0/13/15",,,"22.5","46",,,"1499","2494",,,"Confusion, Water Pulse, Draining Kiss","Confusion, Water Pulse, Draining Kiss",,"366;368","368"
"369","Relicanth","Relicanth","FALSE",,"473","372","376",,"1/15/15","0/13/15","15/15/15",,"22.5","46.5","50",,"1499","2497","2858",,"Water Gun, Aqua Tail, Ancient Power","Water Gun, Aqua Tail, Ancient Power","Water Gun, Aqua Tail, Ancient Power","369","369"
"371","Bagon","Bagon","FALSE","226",,,,"0/15/12",,,,"17",,,,"500",,,,"Ember, Twister, Crunch",,,,"371;372;373","371;372;373"
"371","Bagon (Shadow)","Bagon","TRUE","196",,,,"0/15/12",,,,"17",,,,"500",,,,"Ember, Twister, Crunch",,,,"371;372;373","371;372;373"
"372","Shelgon","Bagon","FALSE",,"116","355",,,"1/15/14","15/15/15",,,"28","50",,,"1498","2296",,,"Dragon Breath, Twister, Flamethrower","Dragon Breath, Twister, Flamethrower",,"371;372;373","372;373"
"372","Shelgon (Shadow)","Bagon","TRUE",,"93","345",,,"1/15/14","15/15/15",,,"28","50",,,"1498","2296",,,"Dragon Breath, Twister, Flamethrower","Dragon Breath, Twister, Flamethrower",,"371;372;373","372;373"
"373","Salamence","Bagon","FALSE",,"457","364","114",,"5/15/14","1/15/14","15/15/15",,"14.5","24.5","50",,"1497","2500","4239",,"Dragon Tail, Fly, Outrage[etm]","Dragon Tail, Fly, Outrage[etm]","Dragon Tail, Fly, Outrage[etm]","371;372;373","373"
"373","Salamence (Shadow)","Bagon","TRUE",,"335","319","76",,"5/15/14","1/15/14","15/15/15",,"14.5","24.5","50",,"1497","2500","4239",,"Dragon Tail, Fly, Outrage[etm]","Dragon Tail, Fly, Outrage[etm]","Dragon Tail, Fly, Outrage[etm]","371;372;373","373"
"374","Beldum","Beldum","FALSE","431",,,,"0/12/14",,,,"21",,,,"500",,,,"Take Down, Iron Head, NA",,,,"374;375;376","374;375;376"
"374","Beldum (Shadow)","Beldum","TRUE","406",,,,"0/12/14",,,,"21",,,,"499",,,,"Take Down, Iron Head, Frustration<sup>†</sup>",,,,"374;375;376","374;375;376"
"375","Metang","Beldum","FALSE",,"165","701",,,"0/11/14","15/15/14",,,"38.5","50",,,"1498","1946",,,"Fury Cutter, Psyshock, Gyro Ball","Fury Cutter, Psyshock, Gyro Ball",,"374;375;376","375;376"
"375","Metang (Shadow)","Beldum","TRUE",,"159","695",,,"0/11/14","15/15/14",,,"38.5","50",,,"1498","1946",,,"Fury Cutter, Psyshock, Gyro Ball","Fury Cutter, Psyshock, Gyro Ball",,"374;375;376","375;376"
"376","Metagross","Beldum","FALSE",,"684","320","4",,"2/15/15","0/15/13","15/15/15",,"14.5","24.5","50",,"1498","2499","4286",,"Shadow Claw[etm], Meteor Mash[etm], Earthquake","Shadow Claw[etm], Meteor Mash[etm], Earthquake","Shadow Claw[etm], Meteor Mash[etm], Earthquake","374;375;376","376"
"376","Metagross (Shadow)","Beldum","TRUE",,"759","397","27",,"2/15/15","0/15/13","15/15/15",,"14.5","24.5","50",,"1498","2499","4286",,"Shadow Claw[etm], Meteor Mash[etm], Earthquake","Shadow Claw[etm], Meteor Mash[etm], Earthquake","Shadow Claw[etm], Meteor Mash[etm], Earthquake","374;375;376","376"
"377","Regirock","Regirock","FALSE",,"276","215","187",,"2/15/15","1/13/12","15/15/15",,"18","31","50",,"1500","2488","3530",,"Lock On, Stone Edge, Focus Blast","Lock On, Stone Edge, Focus Blast","Lock On, Stone Edge, Focus Blast","377","377"
"377","Regirock (Shadow)","Regirock","TRUE",,"541","344","193",,"8/14/14","6/13/14","15/15/15",,"17.5","29.5","50",,"1493","2483","3530",,"Lock On, Stone Edge, Focus Blast","Lock On, Stone Edge, Focus Blast","Lock On, Stone Edge, Focus Blast","377","377"
"378","Regice","Regice","FALSE",,"575","190","223",,"2/15/15","1/13/12","15/15/15",,"18","31","50",,"1500","2488","3530",,"Lock On, Thunder[etm], Earthquake","Lock On, Thunder[etm], Earthquake","Lock On, Thunder[etm], Earthquake","378","378"
"378","Regice (Shadow)","Regice","TRUE",,"812","371","264",,"8/14/14","6/13/14","15/15/15",,"17.5","29.5","50",,"1493","2483","3530",,"Lock On, Thunder[etm], Earthquake","Lock On, Thunder[etm], Earthquake","Lock On, Thunder[etm], Earthquake","378","378"
"379","Registeel","Registeel","FALSE",,"88","28","281",,"2/13/14","1/15/13","15/15/15",,"23.5","49.5","50",,"1499","2498","2766",,"Lock On, Flash Cannon, Focus Blast","Lock On, Flash Cannon, Focus Blast","Lock On, Flash Cannon, Focus Blast","379","379"
"379","Registeel (Shadow)","Registeel","TRUE",,"319","255","317",,"6/11/13","6/11/15","15/15/15",,"23","47","50",,"1481","2488","2766",,"Lock On, Flash Cannon, Focus Blast","Lock On, Focus Blast, Zap Cannon*","Lock On, Flash Cannon, Focus Blast","379","379"
"380","Latias","Latias","FALSE",,"184","127","62",,"1/11/14","1/15/14","15/15/15",,"16","26.5","50",,"1498","2495","3968",,"Dragon Breath, Mist Ball[etm], Outrage","Dragon Breath, Mist Ball[etm], Outrage","Dragon Breath, Mist Ball[etm], Outrage","380","380"
"380","Latias (Shadow)","Latias","TRUE",,"262","160","57",,"0/14/14","1/15/14","15/15/15",,"16","26.5","50",,"1500","2499","3968",,"Dragon Breath, Mist Ball[etm], Outrage","Dragon Breath, Mist Ball[etm], Outrage","Dragon Breath, Mist Ball[etm], Outrage","380","380"
"381","Latios","Latios","FALSE",,"428","316","49",,"1/14/15","2/15/15","15/15/15",,"14.5","24","50",,"1497","2488","4310",,"Dragon Breath, Dragon Claw, Luster Purge[etm]","Dragon Breath, Dragon Claw, Luster Purge[etm]","Dragon Breath, Dragon Claw, Luster Purge[etm]","381","381"
"381","Latios (Shadow)","Latios","TRUE",,"414","291","35",,"0/15/15","2/15/15","15/15/15",,"14.5","24","50",,"1488","2485","4310",,"Dragon Breath, Dragon Claw, Luster Purge[etm]","Dragon Breath, Dragon Claw, Luster Purge[etm]","Dragon Breath, Dragon Claw, Luster Purge[etm]","381","381"
"382","Kyogre","Kyogre","FALSE",,,"442","8",,,"1/14/13","15/15/15",,,"22.5","50",,,"2494","4652",,,"Waterfall, Surf, Origin Pulse[etm]","Waterfall, Surf, Origin Pulse[etm]","382","382"
"382","Kyogre (Shadow)","Kyogre","TRUE",,"951","644","33",,"6/12/7","6/15/14","15/15/15",,"13.5","22","50",,"1478","2481","4652",,"Waterfall, Surf, Origin Pulse[etm]","Waterfall, Surf, Origin Pulse[etm]","Waterfall, Surf, Origin Pulse[etm]","382","382"
"383","Groudon","Groudon","FALSE",,,"593","28",,,"1/14/13","15/15/15",,,"22.5","50",,,"2494","4652",,,"Mud Shot, Fire Punch[etm], Precipice Blades[etm]","Dragon Tail, Fire Punch*, Precipice Blades*","383","383"
"383","Groudon (Shadow)","Groudon","TRUE",,"989","679","53",,"6/12/7","6/15/14","15/15/15",,"13.5","22","50",,"1478","2481","4652",,"Mud Shot, Precipice Blades[etm], Fire Punch[etm]","Mud Shot, Precipice Blades[etm], Fire Punch[etm]","Dragon Tail, Fire Punch*, Precipice Blades*","383","383"
"384","Rayquaza","Rayquaza","FALSE",,"547","401","106",,"1/12/14","2/15/12","15/15/15",,"14.5","24","50",,"1500","2480","4336",,"Dragon Tail, Breaking Swipe[etm], Dragon Ascent[etm]","Dragon Tail, Breaking Swipe[etm], Dragon Ascent[etm]","Dragon Tail, Breaking Swipe[etm], Dragon Ascent[etm]","384","384"
"385","Jirachi","Jirachi","FALSE",,"272","171","61",,"10/15/13","10/13/15","15/15/15",,"16.5","27.5","50",,"1498","2493","3691",,"Confusion, Doom Desire, Aura Sphere","Confusion, Doom Desire, Aura Sphere","Confusion, Doom Desire, Aura Sphere","385","385"
"386","Deoxys (Defense)","Deoxys","FALSE",,"34","42","389",,"0/14/15","11/13/15","15/15/15",,"25.5","50","50",,"1491","2490","2570",,"Low Kick, Psycho Boost, Thunderbolt","Low Kick, Psycho Boost, Thunderbolt","Low Kick, Psycho Boost, Rock Slide","386","386"
"386","Deoxys (Speed)","Deoxys","FALSE",,"1115","835","406",,"0/14/14","1/14/15","15/15/15",,"19.5","34.5","50",,"1499","2492","3255",,"Charge Beam, Psycho Boost, Swift","Charge Beam, Psycho Boost, Swift","Charge Beam, Psycho Boost, Swift","386","386"
"387","Turtwig","Turtwig","FALSE","502","1122",,,"1/14/15","15/15/15",,,"16.5","50",,,"498","1342",,,"Tackle, Energy Ball, Body Slam","Tackle, Energy Ball, Body Slam",,,"387;388;389","387;388;389"
"387","Turtwig (Shadow)","Turtwig","TRUE","506","1129",,,"1/14/15","15/15/15",,,"16.5","50",,,"498","1342",,,"Tackle, Energy Ball, Body Slam","Tackle, Energy Ball, Body Slam",,,"387;388;389","387;388;389"
"388","Grotle","Turtwig","FALSE",,"710","798",,,"0/14/15","15/15/15",,,"31","50",,,"1500","2137",,,"Bite, Body Slam, Energy Ball","Bite, Energy Ball, Body Slam",,"387;388;389","388;389"
"388","Grotle (Shadow)","Turtwig","TRUE",,"765","809",,,"0/14/15","15/15/15",,,"31","50",,,"1500","2137",,,"Bite, Energy Ball, Body Slam","Bite, Energy Ball, Body Slam",,"387;388;389","388;389"
"389","Torterra","Turtwig","FALSE",,"558","277","174",,"0/15/8","0/15/15","15/15/15",,"19.5","34","50",,"1498","2500","3318",,"Mud Slap, Frenzy Plant*, Sand Tomb","Mud Slap, Frenzy Plant*, Sand Tomb","Mud Slap, Frenzy Plant*, Sand Tomb","387;388;389","389"
"389","Torterra (Shadow)","Turtwig","TRUE",,"708","338","177",,"0/15/8","0/15/15","15/15/15",,"19.5","34","50",,"1498","2500","3318",,"Mud Slap, Frenzy Plant*, Sand Tomb","Mud Slap, Frenzy Plant*, Sand Tomb","Mud Slap, Frenzy Plant*, Sand Tomb","387;388;389","389"
"390","Chimchar","Chimchar","FALSE","214",,,,"0/14/12",,,,"21",,,,"498",,,,"Ember, Flame Wheel, Flame Charge",,,,"390;391;392","390;391;392"
"390","Chimchar (Shadow)","Chimchar","TRUE","156",,,,"0/14/12",,,,"21",,,,"498",,,,"Ember, Flame Wheel, Flame Charge",,,,"390;391;392","390;391;392"
"391","Monferno","Chimchar","FALSE",,"640",,,,"0/15/14",,,,"43.5",,,,"1499",,,,"Ember, Flame Wheel, Low Sweep",,,"390;391;392","391;392"
"391","Monferno (Shadow)","Chimchar","TRUE",,"586",,,,"0/15/14",,,,"43.5",,,,"1499",,,,"Ember, Flame Wheel, Low Sweep",,,"390;391;392","391;392"
"392","Infernape","Chimchar","FALSE",,"964","634",,,"0/13/15","0/13/15",,,"21","40",,,"1495","2496",,,"Fire Spin, Close Combat, Blast Burn[etm]","Fire Spin, Close Combat, Blast Burn[etm]",,"390;391;392","392"
"392","Infernape (Shadow)","Chimchar","TRUE",,"977","710",,,"0/13/15","0/13/15",,,"21","40",,,"1495","2496",,,"Fire Spin, Close Combat, Blast Burn[etm]","Fire Spin, Close Combat, Blast Burn[etm]",,"390;391;392","392"
"393","Piplup","Piplup","FALSE","235","1082",,,"0/14/15","15/15/14",,,"18.5","50",,,"500","1215",,,"Bubble, Drill Peck, Icy Wind","Bubble, Drill Peck, Icy Wind",,,"393;394;395","393;394;395"
"393","Piplup (Shadow)","Piplup","TRUE","283","1111",,,"0/14/15","15/15/14",,,"18.5","50",,,"500","1215",,,"Bubble, Drill Peck, Icy Wind","Bubble, Drill Peck, Icy Wind",,,"393;394;395","393;394;395"
"394","Prinplup","Piplup","FALSE",,"818",,,,"0/15/14",,,,"38",,,,"1498",,,,"Bubble, Icy Wind, Bubble Beam",,,"393;394;395","394;395"
"394","Prinplup (Shadow)","Piplup","TRUE",,"926",,,,"0/15/14",,,,"38",,,,"1498",,,,"Bubble, Icy Wind, Bubble Beam",,,"393;394;395","394;395"
"395","Empoleon","Piplup","FALSE",,"24","7","190",,"0/12/15","2/15/15","15/15/15",,"19.5","34","50",,"1497","2500","3279",,"Metal Sound, Hydro Cannon[etm], Drill Peck","Metal Sound, Hydro Cannon[etm], Drill Peck","Metal Sound, Hydro Cannon[etm], Drill Peck","393;394;395","395"
"395","Empoleon (Shadow)","Piplup","TRUE",,"25","9","192",,"0/12/15","2/15/15","15/15/15",,"19.5","34","50",,"1497","2500","3279",,"Metal Claw, Hydro Cannon[etm], Drill Peck","Metal Claw, Hydro Cannon[etm], Drill Peck","Metal Claw, Hydro Cannon[etm], Drill Peck","393;394;395","395"
"396","Starly","Starly","FALSE","305",,,,"0/15/13",,,,"28",,,,"500",,,,"Quick Attack, Brave Bird, Fly",,,,"396;397;398","396;397;398"
"396","Starly (Shadow)","Starly","TRUE","372",,,,"0/15/13",,,,"28",,,,"500",,,,"Quick Attack, Brave Bird, Fly",,,,"396;397;398","396;397;398"
"397","Staravia","Starly","FALSE",,"644",,,,"15/15/15",,,,"50",,,,"1468",,,,"Wing Attack, Brave Bird, Fly",,,"396;397;398","397;398"
"397","Staravia (Shadow)","Starly","TRUE",,"752",,,,"15/15/15",,,,"50",,,,"1468",,,,"Wing Attack, Brave Bird, Fly",,,"396;397;398","397;398"
"398","Staraptor","Starly","FALSE",,"713","505",,,"0/15/10","0/12/15",,,"20","36.5",,,"1496","2499",,,"Wing Attack, Fly, Close Combat","Wing Attack, Fly, Close Combat",,"396;397;398","398"
"398","Staraptor (Shadow)","Starly","TRUE",,"757","464",,,"0/15/10","0/12/15",,,"20","36.5",,,"1496","2499",,,"Wing Attack, Fly, Close Combat","Wing Attack, Fly, Close Combat",,"396;397;398","398"
"399","Bidoof","Bidoof","FALSE","96",,,,"0/14/14",,,,"29",,,,"499",,,,"Take Down, Superpower*, Crunch",,,,"399;400","399;400"
"399","Bidoof (Shadow)","Bidoof","TRUE","111",,,,"0/14/14",,,,"29",,,,"499",,,,"Take Down, Superpower*, Crunch",,,,"399;400","399;400"
"400","Bibarel","Bidoof","FALSE",,"630","802",,,"0/15/14","15/15/15",,,"33","50",,,"1498","2061",,,"Take Down, Surf, Hyper Fang","Rollout, Surf, Hyper Fang",,"399;400","400"
"400","Bibarel (Shadow)","Bidoof","TRUE",,"698","807",,,"0/15/14","15/15/15",,,"33","50",,,"1498","2061",,,"Take Down, Surf, Hyper Fang","Rollout, Surf, Hyper Fang",,"399;400","400"
"401","Kricketot","Kricketot","FALSE","414",,,,"15/15/15",,,,"50",,,,"453",,,,"Bug Bite, Struggle, NA",,,,"401;402","401;402"
"402","Kricketune","Kricketot","FALSE",,"702",,,,"1/15/15",,,,"39",,,,"1497",,,,"Fury Cutter, X-Scissor, Aerial Ace",,,"401;402","402"
"403","Shinx","Shinx","FALSE","348",,,,"0/15/15",,,,"22.5",,,,"500",,,,"Spark, Discharge, Swift",,,,"403;404;405","403;404;405"
"403","Shinx (Shadow)","Shinx","TRUE","310",,,,"0/15/15",,,,"22.5",,,,"497",,,,"Spark, Discharge, Swift",,,,"403;404;405","403;404;405"
"404","Luxio","Shinx","FALSE",,"905",,,,"0/15/15",,,,"48",,,,"1499",,,,"Bite, Wild Charge, Crunch",,,"403;404;405","404;405"
"404","Luxio (Shadow)","Shinx","TRUE",,"935",,,,"0/15/15",,,,"48",,,,"1499",,,,"Bite, Wild Charge, Crunch",,,"403;404;405","404;405"
"405","Luxray","Shinx","FALSE",,"707","588","373",,"0/13/14","0/15/15","15/15/15",,"19.5","34.5","50",,"1500","2497","3265",,"Spark, Wild Charge, Psychic Fangs*","Snarl, Wild Charge, Psychic Fangs*","Snarl, Wild Charge, Psychic Fangs*","403;404;405","405"
"405","Luxray (Shadow)","Shinx","TRUE",,"771","648","345",,"0/13/14","0/15/15","15/15/15",,"19.5","34.5","50",,"1500","2497","3265",,"Spark, Wild Charge, Psychic Fangs*","Snarl, Wild Charge, Psychic Fangs*","Snarl, Wild Charge, Psychic Fangs*","403;404;405","405"
"406","Budew","Roselia","FALSE","417",,,,"0/14/13",,,,"24",,,,"500",,,,"Razor Leaf, Energy Ball, Grass Knot",,,,"315;406;407","406"
"407","Roserade","Roselia","FALSE",,"502","278","238",,"0/11/14","0/12/15","15/15/15",,"19","33","50",,"1499","2497","3359",,"Poison Jab, Weather Ball (Fire)[etm], Leaf Storm","Poison Jab, Weather Ball (Fire)[etm], Leaf Storm","Poison Jab, Weather Ball (Fire)[etm], Leaf Storm","315;406;407","406;407"
"408","Cranidos","Cranidos","FALSE","489","1135",,,"0/13/11","1/15/14",,,"10.5","31.5",,,"500","1500",,,"Take Down, Rock Tomb, Ancient Power","Take Down, Rock Tomb, Ancient Power",,,"408;409","408;409"
"408","Cranidos (Shadow)","Cranidos","TRUE","455","1120",,,"0/13/11","1/15/14",,,"10.5","31.5",,,"500","1500",,,"Take Down, Rock Tomb, Ancient Power","Take Down, Rock Tomb, Ancient Power",,,"408;409","408;409"
"409","Rampardos","Cranidos","FALSE",,"1103","843","404",,"0/15/7","0/15/12","15/15/15",,"17","28","50",,"1496","2494","3728",,"Smack Down, Rock Slide, Flamethrower","Smack Down, Rock Slide, Flamethrower","Smack Down, Rock Slide, Flamethrower","408;409","409"
"409","Rampardos (Shadow)","Cranidos","TRUE",,"1036","839","390",,"0/15/7","0/15/12","15/15/15",,"17","28","50",,"1496","2494","3728",,"Smack Down, Rock Slide, Flamethrower","Smack Down, Rock Slide, Flamethrower","Smack Down, Rock Slide, Outrage","408;409","409"
"410","Shieldon","Shieldon","FALSE","75",,,,"0/15/14",,,,"23.5",,,,"500",,,,"Tackle, Rock Tomb, Heavy Slam",,,,"410;411","410;411"
"410","Shieldon (Shadow)","Shieldon","TRUE","159",,,,"0/15/14",,,,"23.5",,,,"500",,,,"Tackle, Rock Tomb, Heavy Slam",,,,"410;411","410;411"
"411","Bastiodon","Shieldon","FALSE",,"168","838",,,"0/15/14","15/15/14",,,"50","50",,,"1496","1741",,,"Smack Down, Stone Edge, Flamethrower","Smack Down, Stone Edge, Flamethrower",,"410;411","411"
"411","Bastiodon (Shadow)","Shieldon","TRUE",,"323","841",,,"0/15/14","15/15/14",,,"50","50",,,"1496","1741",,,"Smack Down, Stone Edge, Flamethrower","Smack Down, Stone Edge, Flamethrower",,"410;411","411"
"412","Burmy (Plant)","Burmy","FALSE","231",,,,"9/15/14",,,,"49.5",,,,"500",,,,"Bug Bite, Struggle, NA",,,,"412;413","412;413"
"412","Burmy (Sandy)","Burmy","FALSE","232",,,,"9/15/14",,,,"49.5",,,,"500",,,,"Bug Bite, Struggle, NA",,,,"412;413","412;413"
"412","Burmy (Trash)","Burmy","FALSE","233",,,,"9/15/14",,,,"49.5",,,,"500",,,,"Bug Bite, Struggle, NA",,,,"412;413","412;413"
"413","Wormadam (Plant)","Burmy","FALSE",,"578","789",,,"0/15/14","15/15/14",,,"35.5","50",,,"1499","2005",,,"Sucker Punch, Energy Ball, Bug Buzz","Sucker Punch, Energy Ball, Bug Buzz",,"412;413","413"
"413","Wormadam (Sandy)","Burmy","FALSE",,"572","765",,,"0/15/14","15/15/14",,,"35.5","50",,,"1499","2005",,,"Sucker Punch, Bulldoze, Bug Buzz","Sucker Punch, Bulldoze, Bug Buzz",,"412;413","413"
"413","Wormadam (Trash)","Burmy","FALSE",,"179",,,,"0/15/14",,,,"35.5",,,,"1500",,,,"Sucker Punch, Bug Buzz, Iron Head",,,"412;413","413"
"414","Mothim","Mothim","FALSE",,"1063",,,,"0/15/15",,,,"32.5",,,,"1500",,,,"Bug Bite, Aerial Ace, Bug Buzz",,,"412;414","414"
"415","Combee","Combee","FALSE","212",,,,"7/15/15",,,,"50",,,,"500",,,,"Bug Bite, Bug Buzz, NA",,,,"415;416","415;416"
"416","Vespiquen","Combee","FALSE",,"321","450",,,"0/14/13","15/15/15",,,"29","50",,,"1499","2267",,,"Fury Cutter, X-Scissor, Power Gem","Fury Cutter, X-Scissor, Power Gem",,"415;416","416"
"417","Pachirisu","Pachirisu","FALSE",,"65",,,,"15/15/14",,,,"50",,,,"1372",,,,"Volt Switch, Thunderbolt, Thunder Punch",,,"417","417"
"418","Buizel","Buizel","FALSE","293",,,,"0/15/13",,,,"18.5",,,,"498",,,,"Quick Attack, Aqua Jet, Swift",,,,"418;419","418;419"
"419","Floatzel","Buizel","FALSE",,"683","541",,,"0/15/13","0/13/14",,,"23","48",,,"1500","2494",,,"Waterfall, Aqua Jet, Swift","Waterfall, Aqua Jet, Swift",,"418;419","419"
"420","Cherubi","Cherubi","FALSE","499",,,,"0/14/15",,,,"21",,,,"499",,,,"Bullet Seed, Seed Bomb, Dazzling Gleam",,,,"420;421","420;421"
"421","Cherrim (Overcast)","Cherubi","FALSE",,"1118","836",,,"0/13/15","15/15/15",,,"28","50",,,"1500","2315",,,"Bullet Seed, Dazzling Gleam, Solar Beam","Bullet Seed, Dazzling Gleam, Solar Beam",,"420;421","421"
"421","Cherrim (Sunshine)","Cherubi","FALSE",,"847","704",,,"0/13/15","15/15/15",,,"28","50",,,"1500","2315",,,"Bullet Seed, Weather Ball (Fire), Solar Beam","Bullet Seed, Weather Ball (Fire), Solar Beam",,"420;421","421"
"422","Shellos","Shellos","FALSE","112","856",,,"1/15/14","15/15/15",,,"17.5","50",,,"500","1284",,,"Mud Slap, Body Slam, Water Pulse","Mud Slap, Water Pulse, Body Slam",,,"422;423","422;423"
"423","Gastrodon","Shellos","FALSE",,"230","98",,,"0/15/15","6/15/15",,,"24.5","50",,,"1495","2499",,,"Mud Slap, Body Slam, Earth Power","Mud Slap, Body Slam, Earth Power",,"422;423","423"
"424","Ambipom","Aipom","FALSE",,"998","669",,,"0/13/14","0/15/14",,,"23.5","48.5",,,"1500","2498",,,"Astonish, Aerial Ace, Return[legacy]","Astonish, Aerial Ace, Return[legacy]",,"190;424","424"
"424","Ambipom (Shadow)","Aipom","TRUE",,"801","629",,,"0/13/14","0/15/14",,,"23.5","48.5",,,"1500","2498",,,"Scratch, Aerial Ace, Low Sweep","Scratch, Aerial Ace, Low Sweep",,"190;424","424"
"425","Drifloon","Drifloon","FALSE","42","699",,,"0/15/13","15/15/15",,,"16.5","50",,,"499","1353",,,"Hex, Shadow Ball, Icy Wind","Hex, Shadow Ball, Icy Wind",,,"425;426","425;426"
"425","Drifloon (Shadow)","Drifloon","TRUE","77","637",,,"0/15/13","15/15/15",,,"16.5","50",,,"499","1353",,,"Hex, Shadow Ball, Icy Wind","Hex, Shadow Ball, Icy Wind",,,"425;426","425;426"
"426","Drifblim","Drifloon","FALSE",,"363","137",,,"0/14/14","1/15/15",,,"24","50",,,"1500","2496",,,"Hex, Icy Wind, Shadow Ball","Hex, Icy Wind, Shadow Ball",,"425;426","426"
"426","Drifblim (Shadow)","Drifloon","TRUE",,"289","236",,,"0/14/14","1/15/15",,,"24","50",,,"1500","2496",,,"Astonish, Icy Wind, Shadow Ball","Hex, Shadow Ball, Icy Wind",,"425;426","426"
"427","Buneary","Buneary","FALSE","219","781",,,"0/15/14","15/15/15",,,"15.5","50",,,"500","1423",,,"Quick Attack, Swift, Fire Punch","Quick Attack, Swift, Fire Punch",,,"427;428","427;428"
"428","Lopunny","Buneary","FALSE",,"197","635",,,"0/15/14","15/15/15",,,"28","50",,,"1499","2328",,,"Low Kick, Thunder Punch, Triple Axel","Double Kick, Thunder Punch, Shadow Ball",,"427;428","428"
"429","Mismagius","Misdreavus","FALSE",,"467","388",,,"1/15/13","0/14/15",,,"21.5","42",,,"1493","2500",,,"Psywave, Shadow Ball, Mystical Fire","Hex, Shadow Ball, Mystical Fire",,"200;429","429"
"429","Mismagius (Shadow)","Misdreavus","TRUE",,"543","391",,,"1/15/13","0/14/15",,,"21.5","42",,,"1493","2500",,,"Psywave, Shadow Ball, Mystical Fire","Hex, Shadow Ball, Mystical Fire",,"200;429","429"
"430","Honchkrow","Murkrow","FALSE",,"555","335",,,"0/15/15","0/15/15",,,"20.5","38.5",,,"1500","2500",,,"Peck, Brave Bird, Dark Pulse","Peck, Brave Bird, Dark Pulse",,"198;430","430"
"430","Honchkrow (Shadow)","Murkrow","TRUE",,"592","304",,,"0/15/15","0/15/15",,,"20.5","38.5",,,"1500","2500",,,"Peck, Brave Bird, Dark Pulse","Peck, Brave Bird, Dark Pulse",,"198;430","430"
"431","Glameow","Glameow","FALSE","259",,,,"0/15/12",,,,"21.5",,,,"498",,,,"Scratch, Thunderbolt, Aerial Ace",,,,"431;432","431;432"
"431","Glameow (Shadow)","Glameow","TRUE","290",,,,"0/15/12",,,,"21.5",,,,"498",,,,"Scratch, Thunderbolt, Aerial Ace",,,,"431;432","431;432"
"432","Purugly","Glameow","FALSE",,"672","776",,,"0/12/15","15/15/15",,,"29.5","50",,,"1493","2208",,,"Scratch, Aerial Ace, Thunder","Scratch, Aerial Ace, Thunder",,"431;432","432"
"432","Purugly (Shadow)","Glameow","TRUE",,"788","782",,,"0/12/15","15/15/15",,,"29.5","50",,,"1493","2208",,,"Scratch, Aerial Ace, Thunder","Scratch, Aerial Ace, Thunder",,"431;432","432"
"433","Chingling","Chimecho","FALSE","388",,,,"1/15/15",,,,"19.5",,,,"500",,,,"Astonish, Psyshock, Wrap",,,,"358;433","433"
"434","Stunky","Stunky","FALSE","193","784",,,"0/15/15","15/15/15",,,"17","50",,,"498","1301",,,"Bite, Crunch, Trailblaze","Scratch, Crunch, Trailblaze",,,"434;435","434;435"
"434","Stunky (Shadow)","Stunky","TRUE","271","830",,,"0/15/15","15/15/15",,,"17","50",,,"498","1301",,,"Bite, Crunch, Trailblaze","Scratch, Crunch, Trailblaze",,,"434;435","434;435"
"435","Skuntank","Stunky","FALSE",,"344","209",,,"0/15/15","3/15/13",,,"24","50",,,"1493","2500",,,"Poison Jab, Crunch, Trailblaze","Poison Jab, Crunch, Trailblaze",,"434;435","435"
"435","Skuntank (Shadow)","Stunky","TRUE",,"469","294",,,"0/15/15","3/15/13",,,"24","50",,,"1493","2500",,,"Poison Jab, Crunch, Trailblaze","Poison Jab, Crunch, Trailblaze",,"434;435","435"
"436","Bronzor","Bronzor","FALSE","3",,,,"0/13/15",,,,"49.5",,,,"499",,,,"Tackle, Gyro Ball, Payback",,,,"436;437","436;437"
"437","Bronzong","Bronzor","FALSE",,"190","142",,,"1/15/14","13/15/14",,,"25.5","50",,,"1500","2499",,,"Confusion, Psyshock, Bulldoze","Confusion, Weather Ball (Water), Bulldoze",,"436;437","437"
"438","Bonsly","Sudowoodo","FALSE","373","911",,,"1/14/14","15/15/15",,,"15","50",,,"498","1472",,,"Counter, Rock Tomb, Rock Slide","Rock Throw, Rock Tomb, Rock Slide",,,"185;438","438"
"439","Mime (Jr)","Mr-mime","FALSE","394",,,,"0/14/14",,,,"18",,,,"500",,,,"Confusion, Psyshock, Psychic",,,,"122;439;866","439"
"440","Happiny","Chansey","FALSE","511",,,,"15/15/15",,,,"50",,,,"419",,,,"Pound, Psychic, NA",,,,"113;242;440","440"
"441","Chatot","Chatot","FALSE",,"641",,,,"0/15/14",,,,"33.5",,,,"1499",,,,"Peck, Heat Wave, Sky Attack",,,"441","441"
"442","Spiritomb","Spiritomb","FALSE",,"141","153",,,"0/15/15","15/15/15",,,"27.5","50",,,"1498","2343",,,"Sucker Punch, Rock Tomb, Shadow Ball","Sucker Punch, Shadow Ball, Rock Tomb",,"442","442"
"443","Gible","Gible","FALSE","309",,,,"1/15/14",,,,"17.5",,,,"500",,,,"Mud Shot, Twister, Body Slam",,,,"443;444;445","443;444;445"
"443","Gible (Shadow)","Gible","TRUE","236",,,,"1/15/14",,,,"17.5",,,,"500",,,,"Mud Shot, Twister, Dig",,,,"443;444;445","443;444;445"
"444","Gabite","Gible","FALSE",,"559","763",,,"0/15/14","15/15/15",,,"31","50",,,"1499","2119",,,"Mud Shot, Twister, Dig","Mud Shot, Twister, Dig",,"443;444;445","444;445"
"444","Gabite (Shadow)","Gible","TRUE",,"567","733",,,"0/15/14","15/15/15",,,"31","50",,,"1499","2119",,,"Mud Shot, Twister, Dig","Mud Shot, Twister, Dig",,"443;444;445","444;445"
"445","Garchomp","Gible","FALSE",,"485","325","31",,"0/15/14","0/14/13","15/15/15",,"14","23.5","50",,"1500","2495","4479",,"Dragon Tail, Twister, Sand Tomb","Dragon Tail, Sand Tomb, Twister","Dragon Tail, Twister, Earth Power*","443;444;445","445"
"445","Garchomp (Shadow)","Gible","TRUE",,"493","351","26",,"0/15/14","0/14/13","15/15/15",,"14","23.5","50",,"1500","2495","4479",,"Dragon Tail, Twister, Sand Tomb","Dragon Tail, Sand Tomb, Twister","Dragon Tail, Twister, Earth Power*","443;444;445","445"
"446","Munchlax","Snorlax","FALSE","282","290","688",,"0/11/10","0/15/14","15/15/14",,"10.5","31.5","50",,"500","1499","2139",,"Tackle, Body Slam, Bulldoze","Tackle, Body Slam, Bulldoze","Tackle, Body Slam, Bulldoze",,"143;446","446"
"447","Riolu","Riolu","FALSE","130",,,,"1/15/14",,,,"19.5",,,,"500",,,,"Counter, Cross Chop, Blaze Kick",,,,"447;448","447;448"
"448","Lucario","Riolu","FALSE",,"488","292",,,"1/15/15","1/15/15",,,"20.5","38.5",,,"1500","2492",,,"Force Palm*, Aura Sphere, Shadow Ball","Force Palm*, Aura Sphere, Shadow Ball",,"447;448","448"
"449","Hippopotas","Hippopotas","FALSE","344","306",,,"0/14/14","12/15/15",,,"14.5","49.5",,,"500","1500",,,"Sand Attack, Rock Tomb, Dig","Sand Attack, Rock Tomb, Dig",,,"449;450","449;450"
"449","Hippopotas (Shadow)","Hippopotas","TRUE","384","410",,,"0/14/14","12/15/15",,,"14.5","49.5",,,"500","1500",,,"Sand Attack, Rock Tomb, Dig","Sand Attack, Rock Tomb, Dig",,,"449;450","449;450"
"450","Hippowdon","Hippopotas","FALSE",,"51","99","107",,"0/14/10","0/14/15","15/15/15",,"18.5","31","50",,"1500","2500","3488",,"Sand Attack, Weather Ball (Rock), Earth Power","Sand Attack, Weather Ball (Rock), Earth Power","Sand Attack, Weather Ball (Rock), Earth Power","449;450","450"
"450","Hippowdon (Shadow)","Hippopotas","TRUE",,"61","92","91",,"0/14/10","0/14/15","15/15/15",,"18.5","31","50",,"1500","2500","3488",,"Sand Attack, Weather Ball (Rock), Earth Power","Sand Attack, Weather Ball (Rock), Earth Power","Sand Attack, Weather Ball (Rock), Earth Power","449;450","450"
"451","Skorupi","Skorupi","FALSE","37","984",,,"0/10/14","15/15/15",,,"20.5","50",,,"500","1141",,,"Infestation, Cross Poison, Aqua Tail","Infestation, Aqua Tail, Cross Poison",,,"451;452","451;452"
"451","Skorupi (Shadow)","Skorupi","TRUE","20","943",,,"0/10/14","15/15/15",,,"20.5","50",,,"500","1141",,,"Infestation, Cross Poison, Aqua Tail","Infestation, Cross Poison, Aqua Tail",,,"451;452","451;452"
"452","Drapion","Skorupi","FALSE",,"118","90",,,"0/9/15","0/15/15",,,"23.5","48",,,"1500","2494",,,"Poison Sting, Crunch, Aqua Tail","Poison Sting, Crunch, Aqua Tail",,"451;452","452"
"452","Drapion (Shadow)","Skorupi","TRUE",,"100","140",,,"0/9/15","0/15/15",,,"23.5","48",,,"1500","2494",,,"Poison Sting, Crunch, Aqua Tail","Poison Sting, Aqua Tail, Crunch",,"451;452","452"
"453","Croagunk","Croagunk","FALSE","166",,,,"1/15/15",,,,"20.5",,,,"500",,,,"Poison Sting, Brick Break, Sludge Bomb",,,,"453;454","453;454"
"453","Croagunk (Shadow)","Croagunk","TRUE","163",,,,"1/15/15",,,,"20.5",,,,"500",,,,"Poison Sting, Brick Break, Sludge Bomb",,,,"453;454","453;454"
"454","Toxicroak","Croagunk","FALSE",,"497","300",,,"0/15/15","0/15/14",,,"22.5","46",,,"1499","2498",,,"Poison Sting, Dynamic Punch, Shadow Ball","Poison Sting, Dynamic Punch, Shadow Ball",,"453;454","454"
"454","Toxicroak (Shadow)","Croagunk","TRUE",,"489","275",,,"0/15/15","0/15/14",,,"22.5","46",,,"1499","2498",,,"Poison Sting, Dynamic Punch, Shadow Ball","Poison Sting, Dynamic Punch, Shadow Ball",,"453;454","454"
"455","Carnivine","Carnivine","FALSE",,"944","724",,,"0/12/15","15/15/15",,,"26.5","50",,,"1499","2441",,,"Vine Whip, Energy Ball, Crunch","Vine Whip, Energy Ball, Crunch",,"455","455"
"456","Finneon","Finneon","FALSE","256",,,,"0/13/14",,,,"21",,,,"498",,,,"Water Gun, Water Pulse, Silver Wind",,,,"456;457","456;457"
"457","Lumineon","Finneon","FALSE",,"188","711",,,"0/15/12","15/15/15",,,"34.5","50",,,"1498","2050",,,"Gust, Aqua Tail, Silver Wind","Gust, Aqua Tail, Silver Wind",,"456;457","457"
"458","Mantyke","Mantine","FALSE","262","753",,,"0/15/15","15/15/15",,,"16","50",,,"499","1411",,,"Bubble, Water Pulse, Aerial Ace","Bubble, Water Pulse, Aerial Ace",,,"226;458","458"
"459","Snover","Snover","FALSE","349","898",,,"1/14/14","15/15/14",,,"17","50",,,"498","1311",,,"Powder Snow, Energy Ball, Ice Beam","Powder Snow, Energy Ball, Ice Beam",,,"459;460","459;460"
"459","Snover (Shadow)","Snover","TRUE","361","917",,,"1/14/14","15/15/14",,,"17","50",,,"498","1311",,,"Powder Snow, Energy Ball, Ice Beam","Powder Snow, Energy Ball, Ice Beam",,,"459;460","459;460"
"460","Abomasnow","Snover","FALSE",,"207","145",,,"0/15/15","3/15/14",,,"24","50",,,"1495","2495",,,"Powder Snow, Weather Ball (Ice), Energy Ball","Powder Snow, Weather Ball (Ice), Energy Ball",,"459;460","460"
"460","Abomasnow (Shadow)","Snover","TRUE",,"196","134",,,"0/15/15","3/15/14",,,"24","50",,,"1495","2495",,,"Powder Snow, Weather Ball (Ice), Energy Ball","Powder Snow, Weather Ball (Ice), Energy Ball",,"459;460","460"
"461","Weavile","Sneasel","FALSE",,"949","656","323",,"0/15/15","0/13/15","15/15/15",,"18.5","32","50",,"1500","2500","3397",,"Snarl, Avalanche, Foul Play","Snarl, Avalanche, Foul Play","Snarl, Avalanche, Focus Blast","215;461","461"
"461","Weavile (Shadow)","Sneasel","TRUE",,"941","660","288",,"0/15/15","0/13/15","15/15/15",,"18.5","32","50",,"1500","2500","3397",,"Snarl, Avalanche, Foul Play","Snarl, Avalanche, Foul Play","Snarl, Avalanche, Focus Blast","215;461","461"
"462","Magnezone","Magnemite","FALSE",,"364","317","214",,"0/15/13","0/15/15","15/15/15",,"17.5","29","50",,"1497","2500","3623",,"Volt Switch, Wild Charge, Mirror Shot","Volt Switch, Wild Charge, Mirror Shot","Volt Switch, Wild Charge, Mirror Shot","81;82;462","462"
"462","Magnezone (Shadow)","Magnemite","TRUE",,"401","286","181",,"0/15/13","0/15/15","15/15/15",,"17.5","29","50",,"1497","2500","3623",,"Volt Switch, Wild Charge, Mirror Shot","Volt Switch, Wild Charge, Mirror Shot","Volt Switch, Wild Charge, Mirror Shot","81;82;462","462"
"463","Lickilicky","Lickitung","FALSE",,"129","102","351",,"0/11/15","0/14/15","15/15/15",,"23.5","48.5","50",,"1499","2499","2789",,"Rollout, Body Slam[etm], Shadow Ball","Rollout, Body Slam[etm], Shadow Ball","Rollout, Body Slam[etm], Shadow Ball","108;463","463"
"464","Rhyperior","Rhyhorn","FALSE",,"688","485","69",,"0/15/12","0/14/14","15/15/15",,"15","25","50",,"1500","2500","4221",,"Mud Slap, Breaking Swipe, Rock Wrecker[etm]","Mud Slap, Breaking Swipe, Rock Wrecker[etm]","Mud Slap, Breaking Swipe, Rock Wrecker[etm]","111;112;464","464"
"464","Rhyperior (Shadow)","Rhyhorn","TRUE",,"633","497","68",,"0/15/12","0/14/14","15/15/15",,"15","25","50",,"1500","2500","4221",,"Mud Slap, Rock Wrecker[etm], Breaking Swipe","Mud Slap, Rock Wrecker[etm], Breaking Swipe","Mud Slap, Rock Wrecker[etm], Breaking Swipe","111;112;464","464"
"465","Tangrowth","Tangela","FALSE",,"758","473","312",,"1/15/14","0/14/15","15/15/15",,"18.5","32","50",,"1495","2498","3425",,"Vine Whip, Power Whip, Rock Slide","Vine Whip, Power Whip, Rock Slide","Infestation, Power Whip, Rock Slide","114;465","465"
"465","Tangrowth (Shadow)","Tangela","TRUE",,"798","523","277",,"1/15/14","0/14/15","15/15/15",,"18.5","32","50",,"1495","2498","3425",,"Vine Whip, Power Whip, Rock Slide","Infestation, Power Whip, Rock Slide","Infestation, Power Whip, Rock Slide","114;465","465"
"466","Electivire","Electabuzz","FALSE",,"373","183","249",,"1/15/15","0/13/15","15/15/15",,"18","30.5","50",,"1498","2500","3481",,"Thunder Shock, Ice Punch, Wild Charge","Thunder Shock, Wild Charge, Ice Punch","Thunder Shock, Wild Charge, Ice Punch","125;239;466","239;466"
"466","Electivire (Shadow)","Electabuzz","TRUE",,"263","198","195",,"1/15/15","0/13/15","15/15/15",,"18","30.5","50",,"1498","2500","3481",,"Thunder Shock, Ice Punch, Wild Charge","Thunder Shock, Wild Charge, Ice Punch","Thunder Shock, Wild Charge, Ice Punch","125;239;466","239;466"
"467","Magmortar","Magmar","FALSE",,"639","515","270",,"0/10/15","1/15/15","15/15/15",,"18","29.5","50",,"1498","2500","3541",,"Karate Chop, Fire Punch, Thunderbolt[etm]","Karate Chop, Fire Punch, Thunderbolt[etm]","Karate Chop, Fire Punch, Thunderbolt[etm]","126;240;467","240;467"
"467","Magmortar (Shadow)","Magmar","TRUE",,"551","456","217",,"0/10/15","1/15/15","15/15/15",,"18","29.5","50",,"1498","2500","3541",,"Karate Chop, Fire Punch, Thunderbolt[etm]","Karate Chop, Fire Punch, Thunderbolt[etm]","Karate Chop, Fire Punch, Thunderbolt[etm]","126;240;467","240;467"
"468","Togekiss","Togepi","FALSE",,"161","58","59",,"0/14/11","0/15/15","15/15/15",,"17","28","50",,"1498","2498","3767",,"Peck, Psyshock, Aura Sphere*","Peck, Psyshock, Aura Sphere*","Peck, Dazzling Gleam, Aura Sphere*","175;176;468","468"
"469","Yanmega","Yanma","FALSE",,"1045","766","396",,"0/14/15","0/14/14","15/15/15",,"19","33.5","50",,"1500","2500","3330",,"Wing Attack, Aerial Ace, Ancient Power","Wing Attack, Aerial Ace, Ancient Power","Wing Attack, Aerial Ace, Ancient Power","193;469","469"
"470","Leafeon","Leafeon","FALSE",,"777","618","343",,"1/15/14","0/14/13","15/15/15",,"19","34","50",,"1500","2495","3328",,"Bullet Seed[etm], Leaf Blade, Last Resort[etm]","Bullet Seed[etm], Leaf Blade, Last Resort[etm]","Bullet Seed[etm], Leaf Blade, Last Resort[etm]","133;470","470"
"471","Glaceon","Glaceon","FALSE",,"1100","788","346",,"0/12/14","0/11/15","15/15/15",,"18","30","50",,"1498","2498","3535",,"Ice Shard, Avalanche, Water Pulse*","Ice Shard, Avalanche, Water Pulse*","Ice Shard, Avalanche, Water Pulse*","133;471","471"
"472","Gliscor","Gligar","FALSE",,"278","213","325",,"1/15/14","0/12/14","15/15/15",,"21","41","50",,"1499","2500","3043",,"Wing Attack, Night Slash, Acrobatics","Wing Attack, Acrobatics, Night Slash","Wing Attack, Night Slash, Acrobatics","207;472","472"
"472","Gliscor (Shadow)","Gligar","TRUE",,"356","259","269",,"1/15/14","0/12/14","15/15/15",,"21","41","50",,"1499","2500","3043",,"Wing Attack, Night Slash, Acrobatics","Wing Attack, Acrobatics, Night Slash","Wing Attack, Sand Tomb, Acrobatics","207;472","472"
"473","Mamoswine","Swinub","FALSE",,"452","241","105",,"0/10/14","0/15/12","15/15/15",,"17","28","50",,"1500","2497","3763",,"Powder Snow, Icicle Spear, High Horsepower","Powder Snow, Icicle Spear, High Horsepower","Powder Snow, Icicle Spear, High Horsepower","220;221;473","473"
"473","Mamoswine (Shadow)","Swinub","TRUE",,"327","227","94",,"0/10/14","0/15/12","15/15/15",,"17","28","50",,"1500","2497","3763",,"Powder Snow, Icicle Spear, High Horsepower","Powder Snow, Icicle Spear, High Horsepower","Powder Snow, High Horsepower, Icicle Spear","220;221;473","473"
"474","Porygon-Z","Porygon","FALSE",,"1131","822","375",,"0/14/15","0/13/14","15/15/15",,"17","28.5","50",,"1500","2500","3693",,"Lock On, Tri Attack[etm], Blizzard","Lock On, Tri Attack[etm], Blizzard","Lock On, Tri Attack[etm], Blizzard","137;233;474","474"
"474","Porygon-Z (Shadow)","Porygon","TRUE",,"1130","834","369",,"0/14/15","0/13/14","15/15/15",,"17","28.5","50",,"1500","2500","3693",,"Lock On, Tri Attack[etm], Blizzard","Lock On, Tri Attack[etm], Blizzard","Lock On, Tri Attack[etm], Blizzard","137;233;474","474"
"475","Gallade","Gallade","FALSE",,"376","380","169",,"0/15/15","0/12/15","15/15/15",,"18","30.5","50",,"1499","2498","3497",,"Psycho Cut, Leaf Blade, Sacred Sword","Low Kick, Sacred Sword, Leaf Blade","Low Kick, Sacred Sword, Close Combat","280;281;475","475"
"475","Gallade (Shadow)","Gallade","TRUE",,"286","315","155",,"0/15/15","0/12/15","15/15/15",,"18","30.5","50",,"1499","2498","3497",,"Psycho Cut, Leaf Blade, Sacred Sword","Low Kick, Sacred Sword, Leaf Blade","Low Kick, Sacred Sword, Close Combat","280;281;475","475"
"476","Probopass","Nosepass","FALSE",,"226","584",,,"0/15/15","15/15/14",,,"28","50",,,"1492","2351",,,"Rock Throw, Rock Slide, Magnet Bomb","Rock Throw, Rock Slide, Magnet Bomb",,"299;476","476"
"476","Probopass (Shadow)","Nosepass","TRUE",,"318","575",,,"0/15/15","15/15/14",,,"28","50",,,"1498","2351",,,"Rock Throw, Rock Slide, Magnet Bomb","Rock Throw, Rock Slide, Magnet Bomb",,"299;476","476"
"477","Dusknoir","Duskull","FALSE",,"96","25",,,"0/14/13","0/15/15",,,"24","50",,,"1500","2493",,,"Astonish, Dynamic Punch, Shadow Punch","Astonish, Dynamic Punch, Shadow Punch",,"355;356;477","477"
"477","Dusknoir (Shadow)","Duskull","TRUE",,"76","27",,,"0/14/13","0/15/15",,,"24","50",,,"1500","2493",,,"Astonish, Dynamic Punch, Shadow Punch","Astonish, Dynamic Punch, Shadow Punch",,"355;356;477","477"
"478","Froslass","Froslass","FALSE",,"370","436",,,"0/14/15","15/15/15",,,"28","50",,,"1499","2306",,,"Powder Snow, Avalanche, Shadow Ball","Powder Snow, Avalanche, Shadow Ball",,"361;478","478"
"478","Froslass (Shadow)","Froslass","TRUE",,"503","522",,,"0/14/15","15/15/15",,,"28","50",,,"1499","2306",,,"Powder Snow, Avalanche, Shadow Ball","Powder Snow, Avalanche, Shadow Ball",,"361;478","478"
"479","Rotom","Rotom","FALSE",,"751","709",,,"0/11/15","0/15/15",,,"22","43",,,"1499","2296",,,"Astonish, Thunderbolt, Ominous Wind","Astonish, Thunderbolt, Ominous Wind",,"479","479"
"479","Rotom (Fan)","Rotom","FALSE",,"907","537",,,"0/11/15","0/15/15",,,"22","43",,,"1500","2495",,,"Astonish, Thunderbolt, Ominous Wind","Astonish, Thunderbolt, Ominous Wind",,"479","479"
"479","Rotom (Frost)","Rotom","FALSE",,"1066","659",,,"0/11/15","0/15/15",,,"22","43",,,"1500","2495",,,"Thunder Shock, Thunderbolt, Blizzard","Thunder Shock, Thunderbolt, Blizzard",,"479","479"
"479","Rotom (Heat)","Rotom","FALSE",,"884","570",,,"0/11/15","0/15/15",,,"22","43",,,"1500","2495",,,"Thunder Shock, Overheat, Thunderbolt","Thunder Shock, Overheat, Thunderbolt",,"479","479"
"479","Rotom (Mow)","Rotom","FALSE",,"877","610",,,"0/11/15","0/15/15",,,"22","43",,,"1500","2495",,,"Thunder Shock, Ominous Wind, Leaf Storm","Thunder Shock, Thunderbolt, Leaf Storm",,"479","479"
"479","Rotom (Wash)","Rotom","FALSE",,"978","579",,,"0/11/15","0/15/15",,,"22","43",,,"1500","2495",,,"Thunder Shock, Thunderbolt, Hydro Pump","Thunder Shock, Thunderbolt, Hydro Pump",,"479","479"
"480","Uxie","Uxie","FALSE",,"352","280","367",,"2/15/15","1/12/15","15/15/15",,"22.5","46.5","50",,"1497","2500","2853",,"Confusion, Swift, Thunder","Confusion, Swift, Future Sight","Confusion, Swift, Future Sight","480","480"
"481","Mesprit","Mesprit","FALSE",,"862","632","332",,"1/13/12","1/14/15","15/15/15",,"18.5","31","50",,"1496","2500","3457",,"Confusion, Swift, Future Sight","Confusion, Swift, Future Sight","Confusion, Swift, Future Sight","481","481"
"482","Azelf","Azelf","FALSE",,"1034","785","371",,"1/14/9","3/15/14","15/15/15",,"17.5","28.5","50",,"1495","2496","3629",,"Confusion, Swift, Future Sight","Confusion, Swift, Future Sight","Confusion, Swift, Future Sight","482","482"
"483","Dialga","Dialga","FALSE",,,"350","46",,,"1/13/12","15/15/15",,,"23","50",,,"2493","4565",,,"Dragon Breath, Iron Head, Thunder","Dragon Breath, Iron Head, Draco Meteor","483","483"
"483","Dialga (Origin)","Dialga","FALSE",,,"246","9",,,"2/15/13","15/15/15",,,"22.5","50",,,"2487","4624",,,"Dragon Breath, Roar of Time[legacy], Iron Head","Dragon Breath, Roar of Time[legacy], Iron Head","483","483"
"483","Dialga (Shadow)","Dialga","TRUE",,"649","396","43",,"6/14/13","6/14/13","15/15/15",,"13.5","22.5","50",,"1488","2479","4565",,"Dragon Breath, Iron Head, Thunder","Dragon Breath, Iron Head, Thunder","Dragon Breath, Iron Head, Draco Meteor","483","483"
"484","Palkia","Palkia","FALSE",,,"268","34",,,"1/15/14","15/15/15",,,"23","50",,,"2493","4512",,,"Dragon Breath, Aqua Tail, Draco Meteor","Dragon Breath, Aqua Tail, Fire Blast","484","484"
"484","Palkia (Origin)","Palkia","FALSE",,,"258","1",,,"0/15/10","15/15/15",,,"22.5","50",,,"2500","4683",,,"Dragon Breath, Aqua Tail, Spacial Rend[legacy]","Dragon Breath, Aqua Tail, Spacial Rend[legacy]","484","484"
"484","Palkia (Shadow)","Palkia","TRUE",,"347","340","24",,"7/15/15","7/15/15","15/15/15",,"13.5","22.5","50",,"1473","2495","4512",,"Dragon Breath, Aqua Tail, Draco Meteor","Dragon Breath, Aqua Tail, Draco Meteor","Dragon Breath, Aqua Tail, Draco Meteor","484","484"
"485","Heatran","Heatran","FALSE",,"669","413","86",,"1/12/10","2/15/15","15/15/15",,"15","24.5","50",,"1499","2491","4244",,"Fire Spin, Magma Storm[etm], Iron Head","Fire Spin, Magma Storm[etm], Iron Head","Fire Spin, Magma Storm[etm], Iron Head","485","485"
"485","Heatran (Shadow)","Heatran","TRUE",,"622","461","71",,"0/12/12","2/15/15","15/15/15",,"15","24.5","50",,"1479","2480","4244",,"Fire Spin, Magma Storm[etm], Stone Edge","Fire Spin, Magma Storm[etm], Stone Edge","Fire Spin, Magma Storm[etm], Stone Edge","485","485"
"486","Regigigas","Regigigas","FALSE",,"1146","844","260",,"4/15/15","2/15/15","15/15/15",,"12.5","21","50",,"1498","2490","4913",,"Hidden Power (Ice), Return[legacy], Thunder","Hidden Power (Ice), Return[legacy], Thunder","Hidden Power (Ice), Return[legacy], Thunder","486","486"
"486","Regigigas (Shadow)","Regigigas","TRUE",,"1144","845","365",,"4/15/15","0/13/10","15/15/15",,"12.5","21.5","50",,"1492","2491","4913",,"Hidden Power (Ice), Crush Grip*, Thunder","Hidden Power (Ice), Crush Grip*, Thunder","Hidden Power (Ice), Crush Grip*, Thunder","486","486"
"487","Giratina (Altered)","Giratina","FALSE",,,"17","52",,,"1/14/12","15/15/15",,,"28","50",,,"2494","3820",,,"Dragon Breath, Ancient Power, Shadow Force*","Dragon Breath, Dragon Claw, Shadow Sneak","487","487"
"487","Giratina (Altered) (Shadow)","Giratina","TRUE",,"155","32","39",,"6/11/11","7/14/15","15/15/15",,"16.5","27","50",,"1487","2499","3820",,"Dragon Breath, Dragon Claw, Shadow Sneak","Dragon Breath, Ancient Power, Shadow Sneak","Dragon Breath, Dragon Claw, Shadow Sneak","487","487"
"487","Giratina (Origin)","Giratina","FALSE",,"534","240","111",,"3/15/14","1/13/11","15/15/15",,"15","25.5","50",,"1500","2500","4164",,"Dragon Tail, Ominous Wind, Shadow Ball","Shadow Claw, Shadow Ball, Dragon Pulse","Dragon Tail, Shadow Ball, Ominous Wind","487","487"
"488","Cresselia","Cresselia","FALSE",,"122","35","136",,"1/15/15","1/15/13","15/15/15",,"20","37","50",,"1497","2499","3230",,"Psycho Cut, Grass Knot[etm], Moonblast","Psycho Cut, Grass Knot[etm], Moonblast","Psycho Cut, Grass Knot[etm], Moonblast","488","488"
"488","Cresselia (Shadow)","Cresselia","TRUE",,"361","47","219",,"6/14/13","6/15/12","15/15/15",,"19.5","35","50",,"1467","2491","3230",,"Psycho Cut, Grass Knot[etm], Moonblast","Psycho Cut, Grass Knot[etm], Moonblast","Confusion, Moonblast, Grass Knot*","488","488"
"491","Darkrai","Darkrai","FALSE",,,"533","134",,,"10/13/13","15/15/15",,,"24","50",,,"2484","4227",,,"Sucker Punch, Foul Play, Shadow Ball","Sucker Punch, Foul Play, Shadow Ball","491","491"
"491","Darkrai (Shadow)","Darkrai","TRUE",,,"429","78",,,"1/15/15","15/15/15",,,"24.5","50",,,"2484","4227",,,"Sucker Punch, Foul Play, Shadow Ball","Sucker Punch, Foul Play, Shadow Ball","491","491"
"492","Shaymin (Land)","Shaymin","FALSE",,"1007","846","409",,"10/15/13","10/13/15","15/15/15",,"16.5","27.5","50",,"1498","2496","3691",,"Zen Headbutt, Grass Knot, Seed Flare[etm]","Zen Headbutt, Grass Knot, Seed Flare[etm]","Zen Headbutt, Grass Knot, Seed Flare[etm]","492","492"
"492","Shaymin (Sky)","Shaymin","FALSE",,"1106","797","301",,"10/15/11","10/12/15","15/15/15",,"15","25","50",,"1500","2494","4061",,"Magical Leaf, Energy Ball, Grass Knot","Magical Leaf, Energy Ball, Grass Knot","Magical Leaf, Energy Ball, Grass Knot","492","492"
"494","Victini","Victini","FALSE",,"349","243","103",,"10/15/13","10/13/15","15/15/15",,"16.5","27.5","50",,"1498","2493","3691",,"Confusion, V-Create, Psyshock","Confusion, V-Create, Psyshock","Confusion, V-Create, Psyshock","494","494"
"495","Snivy","Snivy","FALSE","328",,,,"1/15/13",,,,"24",,,,"498",,,,"Vine Whip, Energy Ball, Wrap",,,,"495;496;497","495;496;497"
"495","Snivy (Shadow)","Snivy","TRUE","387",,,,"1/15/13",,,,"24",,,,"498",,,,"Vine Whip, Energy Ball, Wrap",,,,"495;496;497","495;496;497"
"496","Servine","Snivy","FALSE",,"357",,,,"4/15/14",,,,"50",,,,"1494",,,,"Vine Whip, Grass Knot, Wrap",,,"495;496;497","496;497"
"496","Servine (Shadow)","Snivy","TRUE",,"477",,,,"4/15/14",,,,"50",,,,"1494",,,,"Vine Whip, Grass Knot, Wrap",,,"495;496;497","496;497"
"497","Serperior","Snivy","FALSE",,"390","330",,,"0/13/12","10/14/15",,,"25.5","50",,,"1500","2500",,,"Vine Whip, Frenzy Plant[etm], Aerial Ace","Vine Whip, Frenzy Plant[etm], Aerial Ace",,"495;496;497","497"
"497","Serperior (Shadow)","Snivy","TRUE",,"687","463",,,"0/13/12","10/14/15",,,"25.5","50",,,"1500","2500",,,"Vine Whip, Frenzy Plant[etm], Aerial Ace","Vine Whip, Frenzy Plant[etm], Aerial Ace",,"495;496;497","497"
"498","Tepig","Tepig","FALSE","95",,,,"0/14/12",,,,"18.5",,,,"500",,,,"Ember, Flame Charge, Body Slam",,,,"498;499;500","498;499;500"
"498","Tepig (Shadow)","Tepig","TRUE","88",,,,"0/14/12",,,,"18.5",,,,"500",,,,"Ember, Flame Charge, Body Slam",,,,"498;499;500","498;499;500"
"499","Pignite","Tepig","FALSE",,"634","727",,,"0/15/15","15/15/15",,,"29.5","50",,,"1497","2175",,,"Ember, Rock Tomb, Flame Charge","Ember, Rock Tomb, Flame Charge",,"498;499;500","499;500"
"499","Pignite (Shadow)","Tepig","TRUE",,"726","748",,,"0/15/15","15/15/15",,,"29.5","50",,,"1497","2175",,,"Ember, Rock Tomb, Flame Charge","Ember, Rock Tomb, Flame Charge",,"498;499;500","499;500"
"500","Emboar","Tepig","FALSE",,"650","419","210",,"0/14/9","0/15/14","15/15/15",,"19","32.5","50",,"1499","2496","3372",,"Ember, Blast Burn[etm], Rock Slide","Ember, Blast Burn[etm], Rock Slide","Ember, Blast Burn[etm], Rock Slide","498;499;500","500"
"500","Emboar (Shadow)","Tepig","TRUE",,"590","458","208",,"0/14/9","0/15/14","15/15/15",,"19","32.5","50",,"1499","2496","3372",,"Ember, Blast Burn[etm], Rock Slide","Ember, Blast Burn[etm], Rock Slide","Ember, Blast Burn[etm], Rock Slide","498;499;500","500"
"501","Oshawott","Oshawott","FALSE","201",,,,"0/14/14",,,,"19",,,,"497",,,,"Water Gun, Aqua Tail, Night Slash",,,,"501;502;503","501;502;503"
"501","Oshawott (Shadow)","Oshawott","TRUE","215",,,,"0/14/14",,,,"19",,,,"497",,,,"Water Gun, Aqua Tail, Night Slash",,,,"501;502;503","501;502;503"
"502","Dewott","Oshawott","FALSE",,"183",,,,"0/15/14",,,,"36",,,,"1496",,,,"Fury Cutter, Aqua Tail, X-Scissor",,,"501;502;503","502;503"
"502","Dewott (Shadow)","Oshawott","TRUE",,"325",,,,"0/15/14",,,,"36",,,,"1499",,,,"Fury Cutter, Aqua Tail, X-Scissor",,,"501;502;503","502;503"
"503","Samurott","Oshawott","FALSE",,"106","66","255",,"0/15/12","0/15/13","15/15/15",,"20","36.5","50",,"1500","2498","3194",,"Fury Cutter, Hydro Cannon[etm], Razor Shell","Fury Cutter, Hydro Cannon[etm], Razor Shell","Fury Cutter, Hydro Cannon[etm], Razor Shell","501;502;503","503"
"503","Samurott (Hisuian)","Oshawott","FALSE",,"375","287","239",,"0/15/14","0/15/13","15/15/15",,"20","37","50",,"1499","2498","3167",,"Fury Cutter, Sacred Sword, Dark Pulse","Fury Cutter, Icy Wind, Dark Pulse","Fury Cutter, Sacred Sword, Dark Pulse","501;502;503","503"
"503","Samurott (Shadow)","Oshawott","TRUE",,"232","100","261",,"0/15/12","0/15/13","15/15/15",,"20","36.5","50",,"1500","2498","3194",,"Fury Cutter, Hydro Cannon[etm], Razor Shell","Fury Cutter, Hydro Cannon[etm], Razor Shell","Fury Cutter, Hydro Cannon[etm], Razor Shell","501;502;503","503"
"504","Patrat","Patrat","FALSE","485",,,,"0/15/13",,,,"25.5",,,,"498",,,,"Bite, Hyper Fang, Grass Knot",,,,"504;505","504;505"
"504","Patrat (Shadow)","Patrat","TRUE","492",,,,"0/15/13",,,,"25.5",,,,"498",,,,"Bite, Hyper Fang, Grass Knot",,,,"504;505","504;505"
"505","Watchog","Patrat","FALSE",,"775",,,,"0/13/14",,,,"33.5",,,,"1500",,,,"Low Kick, Crunch, Hyper Fang",,,"504;505","505"
"505","Watchog (Shadow)","Patrat","TRUE",,"820",,,,"0/13/14",,,,"33.5",,,,"1500",,,,"Low Kick, Crunch, Hyper Fang",,,"504;505","505"
"506","Lillipup","Lillipup","FALSE","381",,,,"0/13/15",,,,"22",,,,"500",,,,"Take Down, Rock Tomb, Dig",,,,"506;507;508","506;507;508"
"507","Herdier","Lillipup","FALSE",,"879",,,,"1/15/15",,,,"43",,,,"1497",,,,"Take Down, Thunderbolt, Dig",,,"506;507;508","507;508"
"508","Stoutland","Lillipup","FALSE",,"587","346","347",,"0/15/13","0/14/15","15/15/15",,"20","36.5","50",,"1496","2500","3196",,"Take Down, Wild Charge, Crunch","Take Down, Wild Charge, Crunch","Sand Attack, Wild Charge, Crunch","506;507;508","508"
"509","Purrloin","Purrloin","FALSE","35",,,,"0/15/15",,,,"26",,,,"500",,,,"Sucker Punch, Night Slash, Play Rough",,,,"509;510","509;510"
"509","Purrloin (Shadow)","Purrloin","TRUE","18",,,,"0/15/15",,,,"26",,,,"500",,,,"Sucker Punch, Night Slash, Play Rough",,,,"509;510","509;510"
"510","Liepard","Purrloin","FALSE",,"1024",,,,"0/15/14",,,,"31.5",,,,"1496",,,,"Snarl, Dark Pulse, Play Rough",,,"509;510","510"
"510","Liepard (Shadow)","Purrloin","TRUE",,"1002",,,,"0/15/14",,,,"31.5",,,,"1496",,,,"Snarl, Dark Pulse, Play Rough",,,"509;510","510"
"511","Pansage","Pansage","FALSE","322",,,,"0/14/15",,,,"21",,,,"499",,,,"Scratch, Energy Ball, Crunch",,,,"511;512","511;512"
"512","Simisage","Pansage","FALSE",,"965","730",,,"0/14/15","3/15/15",,,"24","49.5",,,"1496","2497",,,"Vine Whip, Grass Knot, Crunch","Vine Whip, Grass Knot, Crunch",,"511;512","512"
"513","Pansear","Pansear","FALSE","234",,,,"0/14/15",,,,"21",,,,"499",,,,"Fire Spin, Flame Charge, Crunch",,,,"513;514","513;514"
"514","Simisear","Pansear","FALSE",,"983","686",,,"0/14/15","3/15/15",,,"24","49.5",,,"1496","2497",,,"Fire Spin, Crunch, Flamethrower","Fire Spin, Crunch, Flamethrower",,"513;514","514"
"515","Panpour","Panpour","FALSE","177",,,,"0/14/15",,,,"21",,,,"499",,,,"Scratch, Surf, Crunch",,,,"515;516","515;516"
"516","Simipour","Panpour","FALSE",,"979","698",,,"0/14/15","3/15/15",,,"24","49.5",,,"1496","2497",,,"Bite, Surf, Crunch","Bite, Surf, Crunch",,"515;516","516"
"517","Munna","Munna","FALSE","500","1127",,,"0/15/11","15/15/15",,,"17.5","50",,,"500","1294",,,"Charge Beam, Psyshock, Dazzling Gleam","Charge Beam, Psyshock, Dazzling Gleam",,,"517;518","517;518"
"518","Musharna","Munna","FALSE",,"948","674","397",,"0/12/15","0/15/15","15/15/15",,"21","39.5","50",,"1499","2498","3079",,"Charge Beam, Psyshock, Dazzling Gleam","Charge Beam, Psyshock, Dazzling Gleam","Charge Beam, Psyshock, Dazzling Gleam","517;518","518"
"519","Pidove","Pidove","FALSE","106",,,,"0/15/12",,,,"24",,,,"500",,,,"Quick Attack, Air Cutter, Heat Wave",,,,"519;520;521","519;520;521"
"519","Pidove (Shadow)","Pidove","TRUE","142",,,,"0/15/12",,,,"24",,,,"500",,,,"Quick Attack, Air Cutter, Heat Wave",,,,"519;520;521","519;520;521"
"520","Tranquill","Pidove","FALSE",,"1005",,,,"2/15/15",,,,"50",,,,"1500",,,,"Air Slash, Heat Wave, Aerial Ace",,,"519;520;521","520;521"
"520","Tranquill (Shadow)","Pidove","TRUE",,"1061",,,,"2/15/15",,,,"50",,,,"1500",,,,"Air Slash, Heat Wave, Aerial Ace",,,"519;520;521","520;521"
"521","Unfezant","Pidove","FALSE",,"1114","796",,,"0/15/14","0/13/13",,,"20.5","39",,,"1499","2497",,,"Air Slash, Sky Attack, Return[legacy]","Air Slash, Sky Attack, Return[legacy]",,"519;520;521","521"
"521","Unfezant (Shadow)","Pidove","TRUE",,"1105","805",,,"0/15/14","0/13/13",,,"20.5","39",,,"1499","2497",,,"Air Slash, Heat Wave, Sky Attack","Air Slash, Heat Wave, Sky Attack",,"519;520;521","521"
"522","Blitzle","Blitzle","FALSE","409",,,,"0/15/11",,,,"22.5",,,,"497",,,,"Quick Attack, Discharge, Flame Charge",,,,"522;523","522;523"
"522","Blitzle (Shadow)","Blitzle","TRUE","365",,,,"0/15/11",,,,"22.5",,,,"497",,,,"Quick Attack, Discharge, Flame Charge",,,,"522;523","522;523"
"523","Zebstrika","Blitzle","FALSE",,"635","447",,,"0/15/9","1/15/15",,,"23.5","47.5",,,"1500","2499",,,"Low Kick, Wild Charge, Flame Charge","Low Kick, Wild Charge, Discharge",,"522;523","523"
"523","Zebstrika (Shadow)","Blitzle","TRUE",,"490","382",,,"0/15/9","1/15/15",,,"23.5","47.5",,,"1500","2499",,,"Low Kick, Wild Charge, Discharge","Low Kick, Wild Charge, Discharge",,"522;523","523"
"524","Roggenrola","Roggenrola","FALSE","368","1104",,,"0/15/11","15/15/15",,,"16.5","50",,,"498","1362",,,"Smack Down, Stone Edge, Rock Blast","Smack Down, Stone Edge, Rock Blast",,,"524;525;526","524;525;526"
"524","Roggenrola (Shadow)","Roggenrola","TRUE","319","1094",,,"0/15/11","15/15/15",,,"16.5","50",,,"500","1362",,,"Smack Down, Stone Edge, Rock Blast","Smack Down, Stone Edge, Rock Blast",,,"524;525;526","524;525;526"
"525","Boldore","Roggenrola","FALSE",,"1000","810",,,"0/15/15","15/15/15",,,"28","50",,,"1497","2293",,,"Mud Slap, Rock Slide, Bulldoze","Mud Slap, Rock Slide, Bulldoze",,"524;525;526","525;526"
"525","Boldore (Shadow)","Roggenrola","TRUE",,"1052","830",,,"0/15/15","15/15/15",,,"28","50",,,"1500","2293",,,"Mud Slap, Rock Slide, Bulldoze","Mud Slap, Rock Slide, Bulldoze",,"524;525;526","525;526"
"526","Gigalith","Roggenrola","FALSE",,"598","368","172",,"0/11/15","0/13/15","15/15/15",,"17.5","29","50",,"1499","2497","3650",,"Mud Slap, Superpower, Meteor Beam[etm]","Mud Slap, Superpower, Meteor Beam[etm]","Mud Slap, Superpower, Meteor Beam[etm]","524;525;526","526"
"526","Gigalith (Shadow)","Roggenrola","TRUE",,"651","517","138",,"0/11/15","0/13/15","15/15/15",,"17.5","29","50",,"1499","2497","3650",,"Lock On, Superpower, Meteor Beam*","Mud Slap, Meteor Beam[etm], Superpower","Mud Slap, Meteor Beam[etm], Superpower","524;525;526","526"
"527","Woobat","Woobat","FALSE","364",,,,"0/15/15",,,,"19.5",,,,"499",,,,"Confusion, Air Cutter, Psyshock",,,,"527;528","527;528"
"528","Swoobat","Woobat","FALSE",,"524",,,,"0/15/11",,,,"37.5",,,,"1500",,,,"Confusion, Fly, Psychic Fangs",,,"527;528","528"
"529","Drilbur","Drilbur","FALSE","224","480",,,"0/14/14","9/15/14",,,"14","50",,,"500","1500",,,"Scratch, Drill Run, Rock Tomb","Scratch, Drill Run, Rock Tomb",,,"529;530","529;530"
"529","Drilbur (Shadow)","Drilbur","TRUE","213","407",,,"0/14/14","9/15/14",,,"14","50",,,"500","1500",,,"Scratch, Drill Run, Rock Tomb","Scratch, Drill Run, Rock Tomb",,,"529;530","529;530"
"530","Excadrill","Drilbur","FALSE",,"538","440","164",,"2/15/14","0/15/15","15/15/15",,"17","28.5","50",,"1500","2499","3667",,"Mud Shot, Drill Run, Rock Slide","Mud Shot, Drill Run, Rock Slide","Mud Shot, Drill Run, Rock Slide","529;530","530"
"530","Excadrill (Shadow)","Drilbur","TRUE",,"461","365","154",,"2/15/14","0/15/15","15/15/15",,"17","28.5","50",,"1500","2499","3667",,"Mud Shot, Drill Run, Rock Slide","Mud Shot, Drill Run, Rock Slide","Mud Shot, Drill Run, Rock Slide","529;530","530"
"531","Audino","Audino","FALSE",,"332","837",,,"0/15/13","15/15/14",,,"41","50",,,"1500","1902",,,"Charge Beam, Body Slam*, Disarming Voice","Charge Beam, Body Slam*, Disarming Voice",,"531","531"
"532","Timburr","Timburr","FALSE","54","336",,,"0/12/15","15/15/15",,,"15","50",,,"498","1487",,,"Low Kick, Brick Break, Rock Tomb","Low Kick, Brick Break, Rock Tomb",,,"532;533;534","532;533;534"
"532","Timburr (Shadow)","Timburr","TRUE","52","378",,,"0/12/15","15/15/15",,,"15","50",,,"498","1487",,,"Low Kick, Brick Break, Rock Tomb","Low Kick, Brick Break, Rock Tomb",,,"532;533;534","532;533;534"
"533","Gurdurr","Timburr","FALSE",,"317","303",,,"1/15/15","15/15/14",,,"26","50",,,"1499","2452",,,"Low Kick, Brick Break, Stone Edge","Low Kick, Brick Break, Stone Edge",,"532;533;534","533;534"
"533","Gurdurr (Shadow)","Timburr","TRUE",,"282","282",,,"1/15/15","15/15/14",,,"26","50",,,"1499","2452",,,"Low Kick, Brick Break, Stone Edge","Low Kick, Brick Break, Stone Edge",,"532;533;534","533;534"
"534","Conkeldurr","Timburr","FALSE",,"392","269","112",,"3/15/14","0/15/12","15/15/15",,"16.5","28","50",,"1500","2500","3773",,"Force Palm, Dynamic Punch, Brutal Swing*","Force Palm, Dynamic Punch, Brutal Swing*","Force Palm, Dynamic Punch, Brutal Swing*","532;533;534","534"
"534","Conkeldurr (Shadow)","Timburr","TRUE",,"381","218","66",,"3/15/14","0/15/12","15/15/15",,"16.5","28","50",,"1500","2500","3773",,"Force Palm, Dynamic Punch, Brutal Swing*","Force Palm, Dynamic Punch, Brutal Swing*","Force Palm, Dynamic Punch, Brutal Swing*","532;533;534","534"
"535","Tympole","Tympole","FALSE","476",,,,"0/15/15",,,,"24",,,,"500",,,,"Bubble, Water Pulse, Mud Bomb",,,,"535;536;537","535;536;537"
"536","Palpitoad","Tympole","FALSE",,"610",,,,"9/15/15",,,,"49.5",,,,"1500",,,,"Mud Shot, Earth Power, Water Pulse",,,"535;536;537","536;537"
"537","Seismitoad","Tympole","FALSE",,"84","62","263",,"0/15/15","0/15/12","15/15/15",,"22","44.5","50",,"1500","2498","2899",,"Mud Shot, Earth Power, Icy Wind","Mud Shot, Earth Power, Icy Wind","Mud Shot, Earth Power, Icy Wind","535;536;537","537"
"538","Throh","Throh","FALSE",,"195","224","231",,"2/15/15","0/15/13","15/15/15",,"22","45","50",,"1499","2500","2896",,"Low Kick, Brick Break, Body Slam","Low Kick, Focus Blast, Body Slam","Low Kick, Brick Break, Body Slam","538","538"
"538","Throh (Shadow)","Throh","TRUE",,"240","162","240",,"2/15/15","0/15/13","15/15/15",,"22","45","50",,"1499","2500","2896",,"Low Kick, Brick Break, Body Slam","Low Kick, Brick Break, Body Slam","Low Kick, Brick Break, Body Slam","538","538"
"539","Sawk","Sawk","FALSE",,"616","489",,,"0/15/15","0/15/11",,,"20","37.5",,,"1499","2499",,,"Low Kick, Brick Break, Body Slam","Low Kick, Brick Break, Body Slam",,"539","539"
"539","Sawk (Shadow)","Sawk","TRUE",,"508","425",,,"0/15/15","0/15/11",,,"20","37.5",,,"1499","2499",,,"Low Kick, Brick Break, Body Slam","Low Kick, Brick Break, Body Slam",,"539","539"
"540","Sewaddle","Sewaddle","FALSE","251",,,,"0/13/13",,,,"21",,,,"499",,,,"Bug Bite, Silver Wind, Energy Ball",,,,"540;541;542","540;541;542"
"541","Swadloon","Sewaddle","FALSE",,"711",,,,"11/14/15",,,,"50",,,,"1500",,,,"Bug Bite, Energy Ball, Silver Wind",,,"540;541;542","541;542"
"542","Leavanny","Sewaddle","FALSE",,"569","336",,,"0/13/14","0/13/15",,,"22","43.5",,,"1497","2498",,,"Shadow Claw[etm], Leaf Blade, XScissor","Shadow Claw[etm], Leaf Blade, XScissor",,"540;541;542","542"
"543","Venipede","Venipede","FALSE","329",,,,"1/14/15",,,,"29",,,,"500",,,,"Bug Bite, Sludge Bomb, Signal Beam",,,,"543;544;545","543;544;545"
"543","Venipede (Shadow)","Venipede","TRUE","484",,,,"1/14/15",,,,"29",,,,"499",,,,"Poison Sting, Sludge Bomb, Signal Beam",,,,"543;544;545","543;544;545"
"544","Whirlipede","Venipede","FALSE",,"1010",,,,"15/15/15",,,,"50",,,,"1293",,,,"Poison Sting, Sludge Bomb, Gyro Ball",,,"543;544;545","544;545"
"544","Whirlipede (Shadow)","Venipede","TRUE",,"1069",,,,"15/15/15",,,,"50",,,,"1293",,,,"Poison Sting, Sludge Bomb, Gyro Ball",,,"543;544;545","544;545"
"545","Scolipede","Venipede","FALSE",,"557","333",,,"0/15/14","1/15/15",,,"23","47",,,"1496","2497",,,"Poison Sting, Aqua Tail, Megahorn","Poison Sting, Aqua Tail, Megahorn",,"543;544;545","545"
"545","Scolipede (Shadow)","Venipede","TRUE",,"607","310",,,"0/15/14","1/15/15",,,"23","47",,,"1496","2497",,,"Poison Sting, Aqua Tail, X-Scissor","Poison Sting, Aqua Tail, Megahorn",,"543;544;545","545"
"546","Cottonee","Cottonee","FALSE","217",,,,"0/15/15",,,,"30.5",,,,"500",,,,"Charm, Energy Ball, Seed Bomb",,,,"546;547","546;547"
"547","Whimsicott","Cottonee","FALSE",,"379","482",,,"0/14/15","15/15/14",,,"28.5","50",,,"1499","2277",,,"Fairy Wind, Seed Bomb, Moonblast","Fairy Wind, Moonblast, Seed Bomb",,"546;547","547"
"548","Petilil","Petilil","FALSE","495",,,,"0/15/15",,,,"19",,,,"500",,,,"Charm, Energy Ball, Seed Bomb",,,,"548;549","548;549"
"549","Lilligant","Petilil","FALSE",,"1132","842",,,"0/15/15","0/13/14",,,"22","44.5",,,"1500","2498",,,"Charm, Petal Blizzard, Hyper Beam","Charm, Petal Blizzard, Hyper Beam",,"548;549","549"
"549","Lilligant (Hisuian)","Petilil","FALSE",,"992","742",,,"0/15/13","0/14/14",,,"22.5","45.5",,,"1499","2499",,,"Bullet Seed, Upper Hand, Petal Blizzard","Bullet Seed, Upper Hand, Petal Blizzard",,"548;549","549"
"550","Basculin","Basculin","FALSE","298","821","723",,"2/15/14","1/15/14","15/15/15",,"9","27","50",,"500","1500","2363",,"Water Gun, Aqua Tail, Aqua Jet","Water Gun, Aqua Tail, Aqua Jet","Water Gun, Aqua Tail, Aqua Jet",,"550;902","550;902"
"551","Sandile","Sandile","FALSE","398",,,,"0/15/11",,,,"19",,,,"500",,,,"Mud Slap, Crunch, Bulldoze",,,,"551;552;553","551;552;553"
"552","Krokorok","Sandile","FALSE",,"923",,,,"4/15/14",,,,"50",,,,"1500",,,,"Mud Slap, Crunch, Bulldoze",,,"551;552;553","552;553"
"553","Krookodile","Sandile","FALSE",,"872","577","206",,"0/13/14","0/13/15","15/15/15",,"18.5","31.5","50",,"1499","2497","3444",,"Mud Slap, Sand Tomb, Crunch","Mud Slap, Crunch, Sand Tomb","Mud Slap, Crunch, Sand Tomb","551;552;553","553"
"554","Darumaka","Darumaka","FALSE","252","721",,,"0/15/10","1/15/15",,,"13.5","50",,,"498","1500",,,"Fire Fang, Fire Punch, Flame Charge","Fire Fang, Fire Punch, Flame Charge",,,"554;555","554;555"
"554","Darumaka (Galarian)","Darumaka","FALSE","440","878",,,"0/15/10","1/15/15",,,"13.5","50",,,"498","1500",,,"Ice Fang, Ice Punch, Ice Beam","Ice Fang, Ice Punch, Ice Beam",,,"554;555","554;555"
"554","Darumaka (Shadow)","Darumaka","TRUE","208","712",,,"0/15/10","1/15/15",,,"13.5","50",,,"498","1500",,,"Fire Fang, Fire Punch, Flame Charge","Fire Fang, Fire Punch, Flame Charge",,,"554;555","554;555"
"555","Darmanitan (Galarian)","Darumaka","FALSE",,"967","743","333",,"0/15/11","0/13/15","15/15/15",,"18","30","50",,"1496","2498","3511",,"Ice Fang, Avalanche, Ice Punch","Ice Fang, Avalanche, Superpower","Ice Fang, Avalanche, Superpower","554;555","555"
"555","Darmanitan (Standard)","Darumaka","FALSE",,"823","534","237",,"0/15/11","0/13/15","15/15/15",,"18","30","50",,"1496","2498","3511",,"Incinerate, Rock Slide, Overheat","Incinerate, Rock Slide, Overheat","Incinerate, Rock Slide, Overheat","554;555","555"
"555","Darmanitan (Standard) (Shadow)","Darumaka","TRUE",,"807","576","248",,"0/15/11","0/13/15","15/15/15",,"18","30","50",,"1496","2498","3511",,"Incinerate, Rock Slide, Overheat","Incinerate, Rock Slide, Overheat","Incinerate, Rock Slide, Overheat","554;555","555"
"556","Maractus","Maractus","FALSE",,"1087","821",,,"0/13/14","9/15/15",,,"25","50",,,"1498","2498",,,"Bullet Seed, Aerial Ace, Petal Blizzard","Bullet Seed, Aerial Ace, Petal Blizzard",,"556","556"
"557","Dwebble","Dwebble","FALSE","366","1014",,,"1/14/15","15/15/15",,,"16","50",,,"499","1384",,,"Smack Down, X-Scissor, Rock Tomb","Smack Down, Rock Tomb, X-Scissor",,,"557;558","557;558"
"557","Dwebble (Shadow)","Dwebble","TRUE","330","1023",,,"1/14/15","15/15/15",,,"16","50",,,"500","1384",,,"Smack Down, X-Scissor, Rock Tomb","Smack Down, Rock Tomb, X-Scissor",,,"557;558","557;558"
"558","Crustle","Dwebble","FALSE",,"144","106",,,"0/13/13","0/14/15",,,"22.5","45",,,"1499","2499",,,"Fury Cutter, X-Scissor, Rock Wrecker","Fury Cutter, X-Scissor, Rock Wrecker",,"557;558","558"
"558","Crustle (Shadow)","Dwebble","TRUE",,"253","155",,,"0/13/13","0/14/15",,,"22.5","45",,,"1499","2499",,,"Fury Cutter, X-Scissor, Rock Wrecker","Fury Cutter, X-Scissor, Rock Wrecker",,"557;558","558"
"559","Scraggy","Scraggy","FALSE","445","851",,,"2/15/14","10/15/15",,,"14","50",,,"499","1496",,,"Feint Attack, Upper Hand, Foul Play","Feint Attack, Upper Hand, Foul Play",,,"559;560","559;560"
"560","Scrafty","Scraggy","FALSE",,"458","308",,,"1/15/14","9/15/15",,,"25","50",,,"1495","2499",,,"Counter, Foul Play, Upper Hand","Counter, Foul Play, Thunder Punch",,"559;560","560"
"561","Sigilyph","Sigilyph","FALSE",,"1098","812",,,"1/15/14","0/13/15",,,"22","44.5",,,"1498","2494",,,"Air Slash, Air Cutter, Ancient Power","Air Slash, Air Cutter, Ancient Power",,"561","561"
"562","Yamask","Yamask","FALSE","107",,,,"0/15/15",,,,"20.5",,,,"500",,,,"Astonish, Shadow Ball, Dark Pulse",,,,"562;563;867","562;563;867"
"562","Yamask (Galarian)","Yamask","FALSE","102",,,,"0/15/15",,,,"20.5",,,,"500",,,,"Astonish, Rock Tomb, Night Shade",,,,"562;563;867","562;563;867"
"562","Yamask (Shadow)","Yamask","TRUE","128",,,,"0/15/15",,,,"20.5",,,,"500",,,,"Astonish, Shadow Ball, Dark Pulse",,,,"562;563;867","562;563;867"
"563","Cofagrigus","Yamask","FALSE",,"148","85",,,"0/15/11","10/15/15",,,"25.5","50",,,"1500","2497",,,"Shadow Claw, Shadow Ball, Energy Ball","Shadow Claw, Shadow Ball, Energy Ball",,"562;563","563"
"563","Cofagrigus (Shadow)","Yamask","TRUE",,"174","105",,,"0/15/11","10/15/15",,,"25.5","50",,,"1500","2497",,,"Shadow Claw, Shadow Ball, Energy Ball","Shadow Claw, Shadow Ball, Energy Ball",,"562;563","563"
"564","Tirtouga","Tirtouga","FALSE","195","694",,,"1/15/14","0/15/12",,,"13","50",,,"500","1500",,,"Bite, Surf, Ancient Power","Bite, Surf, Ancient Power",,,"564;565","564;565"
"564","Tirtouga (Shadow)","Tirtouga","TRUE","228","835",,,"1/15/14","0/15/12",,,"13","50",,,"500","1500",,,"Bite, Surf, Ancient Power","Bite, Surf, Ancient Power",,,"564;565","564;565"
"565","Carracosta","Tirtouga","FALSE",,"981","753","402",,"1/14/15","0/15/15","15/15/15",,"21.5","42","50",,"1499","2498","2964",,"Water Gun, Liquidation, Ancient Power","Water Gun, Ancient Power, Liquidation","Water Gun, Liquidation, Ancient Power","564;565","565"
"565","Carracosta (Shadow)","Tirtouga","TRUE",,"1049","781","403",,"1/14/15","0/15/15","15/15/15",,"21.5","42","50",,"1499","2498","2964",,"Water Gun, Ancient Power, Liquidation","Water Gun, Liquidation, Ancient Power","Water Gun, Liquidation, Ancient Power","564;565","565"
"566","Archen","Archen","FALSE","444","1018",,,"3/15/15","0/15/14",,,"10","31",,,"500","1500",,,"Wing Attack, Ancient Power, Crunch","Wing Attack, Ancient Power, Crunch",,,"566;567","566;567"
"566","Archen (Shadow)","Archen","TRUE","420","973",,,"3/15/15","0/15/14",,,"10","31",,,"500","1500",,,"Wing Attack, Ancient Power, Crunch","Wing Attack, Ancient Power, Crunch",,,"566;567","566;567"
"567","Archeops","Archen","FALSE",,"1022","794","340",,"1/15/15","1/15/15","15/15/15",,"16.5","27.5","50",,"1499","2499","3766",,"Wing Attack, Ancient Power, Crunch","Wing Attack, Ancient Power, Crunch","Wing Attack, Ancient Power, Crunch","566;567","567"
"567","Archeops (Shadow)","Archen","TRUE",,"987","755","297",,"1/15/15","1/15/15","15/15/15",,"16.5","27.5","50",,"1499","2499","3766",,"Wing Attack, Ancient Power, Crunch","Wing Attack, Ancient Power, Crunch","Wing Attack, Ancient Power, Crunch","566;567","567"
"568","Trubbish","Trubbish","FALSE","374",,,,"0/14/12",,,,"20.5",,,,"499",,,,"Take Down, Seed Bomb, Gunk Shot",,,,"568;569","568;569"
"568","Trubbish (Shadow)","Trubbish","TRUE","428",,,,"0/14/12",,,,"20.5",,,,"500",,,,"Take Down, Seed Bomb, Gunk Shot",,,,"568;569","568;569"
"569","Garbodor","Trubbish","FALSE",,"876","643",,,"0/15/10","3/15/15",,,"24.5","50",,,"1498","2499",,,"Infestation, Body Slam, Gunk Shot","Infestation, Body Slam, Seed Bomb",,"568;569","569"
"569","Garbodor (Shadow)","Trubbish","TRUE",,"842","637",,,"0/15/10","3/15/15",,,"24.5","50",,,"1498","2499",,,"Infestation, Body Slam, Seed Bomb","Infestation, Body Slam, Seed Bomb",,"568;569","569"
"570","Zorua","Zorua","FALSE","265",,,,"0/13/15",,,,"16.5",,,,"500",,,,"Scratch, Foul Play, Aerial Ace",,,,"570;571","570;571"
"570","Zorua (Hisuian)","Zorua","FALSE","103",,,,"0/15/13",,,,"16",,,,"500",,,,"Scratch, Foul Play, Shadow Ball",,,,"570;571","570;571"
"571","Zoroark","Zorua","FALSE",,"797","628",,,"1/15/15","1/15/15",,,"21.5","42",,,"1500","2497",,,"Shadow Claw, Foul Play, Sludge Bomb","Shadow Claw, Foul Play, Sludge Bomb",,"570;571","571"
"571","Zoroark (Hisuian)","Zorua","FALSE",,"440","386",,,"0/12/14","0/14/15",,,"21.5","41",,,"1499","2494",,,"Shadow Claw, Swift, Shadow Ball","Shadow Claw, Swift, Shadow Ball",,"570;571","571"
"572","Minccino","Minccino","FALSE","435",,,,"0/15/15",,,,"23",,,,"500",,,,"Charm, Swift, Aqua Tail",,,,"572;573","572;573"
"573","Cinccino","Minccino","FALSE",,"1038","773",,,"0/11/15","12/15/15",,,"25.5","50",,,"1498","2496",,,"Charm, Aqua Tail, Thunderbolt","Charm, Aqua Tail, Thunderbolt",,"572;573","573"
"574","Gothita","Gothita","FALSE","399",,,,"0/15/11",,,,"21.5",,,,"499",,,,"Confusion, Psyshock, Psychic",,,,"574;575;576","574;575;576"
"574","Gothita (Shadow)","Gothita","TRUE","375",,,,"0/15/11",,,,"21.5",,,,"499",,,,"Confusion, Psyshock, Psychic",,,,"574;575;576","574;575;576"
"575","Gothorita","Gothita","FALSE",,"887",,,,"0/15/14",,,,"43",,,,"1498",,,,"Confusion, Future Sight, Psychic",,,"574;575;576","575;576"
"575","Gothorita (Shadow)","Gothita","TRUE",,"982",,,,"0/15/14",,,,"43",,,,"1498",,,,"Confusion, Future Sight, Psychic",,,"574;575;576","575;576"
"576","Gothitelle","Gothita","FALSE",,"840","535",,,"0/15/15","1/14/15",,,"23.5","49",,,"1498","2499",,,"Confusion, Rock Slide, Future Sight","Confusion, Rock Slide, Future Sight",,"574;575;576","576"
"576","Gothitelle (Shadow)","Gothita","TRUE",,"940","598",,,"0/15/15","1/14/15",,,"23.5","49",,,"1498","2499",,,"Confusion, Rock Slide, Future Sight","Confusion, Rock Slide, Future Sight",,"574;575;576","576"
"577","Solosis","Solosis","FALSE","516","1143",,,"0/15/13","9/15/15",,,"14","50",,,"499","1498",,,"Hidden Power (Psychic), Psyshock, Night Shade","Hidden Power (Psychic), Psyshock, Night Shade",,,"577;578;579","577;578;579"
"577","Solosis (Shadow)","Solosis","TRUE","514","1141",,,"0/15/13","9/15/15",,,"14","50",,,"499","1498",,,"Hidden Power (Psychic), Psyshock, Night Shade","Hidden Power (Psychic), Psyshock, Night Shade",,,"577;578;579","577;578;579"
"578","Duosion","Solosis","FALSE",,"1142",,,,"0/15/13",,,,"28",,,,"1500",,,,"Hidden Power (Psychic), Psyshock, Night Shade",,,"577;578;579","578;579"
"578","Duosion (Shadow)","Solosis","TRUE",,"1139",,,,"0/15/13",,,,"28",,,,"1500",,,,"Hidden Power (Psychic), Psyshock, Night Shade",,,"577;578;579","578;579"
"579","Reuniclus","Solosis","FALSE",,"1126","744","391",,"2/15/14","0/15/14","15/15/15",,"19","34","50",,"1500","2500","3309",,"Hidden Power (Fighting), Psyshock, Shadow Ball","Charm*, Psyshock, Shadow Ball","Charm*, Psyshock, Shadow Ball","577;578;579","579"
"579","Reuniclus (Shadow)","Solosis","TRUE",,"1064","761","388",,"2/15/14","0/15/14","15/15/15",,"19","34","50",,"1500","2500","3309",,"Charm*, Psyshock, Shadow Ball","Charm*, Psyshock, Shadow Ball","Charm*, Psyshock, Shadow Ball","577;578;579","579"
"580","Ducklett","Ducklett","FALSE","6",,,,"0/15/15",,,,"24",,,,"499",,,,"Wing Attack, Brave Bird, Bubble Beam",,,,"580;581","580;581"
"580","Ducklett (Shadow)","Ducklett","TRUE","86",,,,"0/15/15",,,,"24",,,,"499",,,,"Wing Attack, Brave Bird, Bubble Beam",,,,"580;581","580;581"
"581","Swanna","Ducklett","FALSE",,"300","408",,,"1/15/15","15/15/15",,,"27","50",,,"1497","2361",,,"Gust, Aqua Jet, Fly","Gust, Aqua Jet, Fly",,"580;581","581"
"581","Swanna (Shadow)","Ducklett","TRUE",,"348","359",,,"1/15/15","15/15/15",,,"27","50",,,"1497","2361",,,"Gust, Aqua Jet, Fly","Gust, Aqua Jet, Fly",,"580;581","581"
"582","Vanillite","Vanillite","FALSE","363",,,,"0/15/15",,,,"19",,,,"500",,,,"Powder Snow, Icy Wind, Signal Beam",,,,"582;583;584","582;583;584"
"583","Vanillish","Vanillite","FALSE",,"805",,,,"0/14/15",,,,"43",,,,"1500",,,,"Astonish, Icy Wind, Signal Beam",,,"582;583;584","583;584"
"584","Vanilluxe","Vanillite","FALSE",,"1048","671","368",,"0/15/12","0/15/13","15/15/15",,"20","36.5","50",,"1500","2496","3190",,"Astonish, Avalanche*, Flash Cannon","Astonish, Avalanche*, Flash Cannon","Astonish, Avalanche*, Signal Beam","582;583;584","584"
"585","Deerling","Deerling","FALSE","339","1027",,,"0/14/15","15/15/14",,,"17.5","50",,,"498","1283",,,"Take Down, Wild Charge, Energy Ball","Take Down, Wild Charge, Energy Ball",,,"585;586","585;586"
"586","Sawsbuck","Deerling","FALSE",,"723","443",,,"0/13/14","0/15/13",,,"23.5","49",,,"1496","2498",,,"Take Down, Wild Charge, Trailblaze","Take Down, Wild Charge, Trailblaze",,"585;586","586"
"587","Emolga","Emolga","FALSE",,"145",,,,"0/15/15",,,,"40",,,,"1498",,,,"Thunder Shock, Acrobatics, Discharge",,,"587","587"
"588","Karrablast","Karrablast","FALSE","118","800",,,"0/14/15","15/15/15",,,"16.5","50",,,"499","1336",,,"Fury Cutter, Drill Run, X-Scissor","Fury Cutter, Drill Run, X-Scissor",,,"588;589","588;589"
"588","Karrablast (Shadow)","Karrablast","TRUE","92","706",,,"0/14/15","15/15/15",,,"16.5","50",,,"499","1336",,,"Fury Cutter, Drill Run, X-Scissor","Fury Cutter, Drill Run, X-Scissor",,,"588;589","588;589"
"589","Escavalier","Karrablast","FALSE",,"580","412","242",,"0/14/13","1/15/14","15/15/15",,"19.5","34.5","50",,"1495","2499","3266",,"Bug Bite, Drill Run, Razor Shell*","Bug Bite, Razor Shell*, Drill Run","Bug Bite, Drill Run, Megahorn","588;589","589"
"589","Escavalier (Shadow)","Karrablast","TRUE",,"654","422","254",,"0/14/13","1/15/14","15/15/15",,"19.5","34.5","50",,"1495","2499","3266",,"Bug Bite, Drill Run, Razor Shell*","Bug Bite, Drill Run, Razor Shell*","Bug Bite, Drill Run, Megahorn","588;589","589"
"590","Foongus","Foongus","FALSE","313",,,,"0/14/10",,,,"21",,,,"499",,,,"Astonish, Energy Ball, Body Slam",,,,"590;591","590;591"
"590","Foongus (Shadow)","Foongus","TRUE","308",,,,"0/14/10",,,,"21",,,,"499",,,,"Astonish, Energy Ball, Body Slam",,,,"590;591","590;591"
"591","Amoonguss","Foongus","FALSE",,"208","245",,,"0/15/12","15/15/15",,,"27","50",,,"1498","2420",,,"Astonish, Foul Play, Grass Knot","Astonish, Foul Play, Grass Knot",,"590;591","591"
"591","Amoonguss (Shadow)","Foongus","TRUE",,"310","178",,,"0/15/12","15/15/15",,,"27","50",,,"1498","2420",,,"Astonish, Grass Knot, Foul Play","Astonish, Foul Play, Grass Knot",,"590;591","591"
"592","Frillish","Frillish","FALSE","73","427",,,"0/10/15","15/15/15",,,"16","50",,,"499","1421",,,"Hex, Night Shade, Ice Beam","Hex, Night Shade, Ice Beam",,,"592;593","592;593"
"593","Jellicent","Frillish","FALSE",,"23","16",,,"1/14/14","6/15/15",,,"24.5","49.5",,,"1499","2499",,,"Hex, Surf, Shadow Ball","Hex, Surf, Shadow Ball",,"592;593","593"
"594","Alomomola","Alomomola","FALSE",,"624","418",,,"0/13/15","15/15/15",,,"27","50",,,"1499","2452",,,"Waterfall, Hydro Pump, Blizzard","Waterfall, Hydro Pump, Blizzard",,"594","594"
"595","Joltik","Joltik","FALSE","113",,,,"0/15/14",,,,"19.5",,,,"499",,,,"Sucker Punch, Discharge, Cross Poison",,,,"595;596","595;596"
"595","Joltik (Shadow)","Joltik","TRUE","55",,,,"0/15/14",,,,"19.5",,,,"499",,,,"Sucker Punch, Discharge, Cross Poison",,,,"595;596","595;596"
"596","Galvantula","Joltik","FALSE",,"394","187",,,"0/15/15","15/15/15",,,"25.5","50",,,"1500","2494",,,"Volt Switch, Discharge, Lunge","Volt Switch, Lunge, Discharge",,"595;596","596"
"596","Galvantula (Shadow)","Joltik","TRUE",,"484","271",,,"0/15/15","15/15/15",,,"25.5","50",,,"1500","2494",,,"Volt Switch, Discharge, Lunge","Volt Switch, Lunge, Discharge",,"595;596","596"
"597","Ferroseed","Ferroseed","FALSE","269","1116",,,"0/15/14","15/15/15",,,"22","50",,,"498","1064",,,"Metal Claw, Iron Head, Gyro Ball","Metal Claw, Iron Head, Return<sup>†</sup>",,,"597;598","597;598"
"597","Ferroseed (Shadow)","Ferroseed","TRUE","278","1133",,,"0/15/14","15/15/15",,,"22","50",,,"498","1064",,,"Metal Claw, Iron Head, Gyro Ball","Metal Claw, Iron Head, Gyro Ball",,,"597;598","597;598"
"598","Ferrothorn","Ferroseed","FALSE",,"481","265",,,"2/14/15","7/14/15",,,"24.5","50",,,"1499","2497",,,"Bullet Seed, Power Whip, Thunder","Bullet Seed, Power Whip, Flash Cannon",,"597;598","598"
"598","Ferrothorn (Shadow)","Ferroseed","TRUE",,"546","297",,,"2/14/15","7/14/15",,,"24.5","50",,,"1499","2497",,,"Bullet Seed, Power Whip, Thunder","Bullet Seed, Power Whip, Flash Cannon",,"597;598","598"
"599","Klink","Klink","FALSE","63",,,,"1/14/14",,,,"21",,,,"499",,,,"Volt Switch, Vise Grip, Discharge",,,,"599;600;601","599;600;601"
"600","Klang","Klink","FALSE",,"287","717",,,"0/15/14","15/15/14",,,"32.5","50",,,"1498","2088",,,"Metal Sound, Vise Grip, Thunderbolt","Metal Sound, Vise Grip, Thunderbolt",,"599;600;601","600;601"
"601","Klinklang","Klink","FALSE",,"894","714","401",,"0/13/15","0/12/15","15/15/15",,"21.5","42","50",,"1497","2500","2981",,"Metal Sound, Mirror Shot, Flash Cannon","Metal Sound, Mirror Shot, Flash Cannon","Metal Sound, Mirror Shot, Flash Cannon","599;600;601","601"
"602","Tynamo","Tynamo","FALSE","517",,,,"0/15/15",,,,"24.5",,,,"500",,,,"Spark, Struggle, NA",,,,"602;603;604","602;603;604"
"603","Eelektrik","Tynamo","FALSE",,"573",,,,"0/13/15",,,,"37.5",,,,"1497",,,,"Acid, Discharge, Crunch",,,"602;603;604","603;604"
"604","Eelektross","Tynamo","FALSE",,"968","623",,,"0/15/14","0/13/14",,,"20.5","39",,,"1500","2499",,,"Volt Switch[etm], Dragon Claw, Thunderbolt","Volt Switch[etm], Dragon Claw, Thunderbolt",,"602;603;604","604"
"605","Elgyem","Elgyem","FALSE","494","1057",,,"0/13/15","8/15/15",,,"14","50",,,"499","1500",,,"Confusion, Dark Pulse, Psychic","Confusion, Dark Pulse, Psychic",,,"605;606","605;606"
"606","Beheeyem","Elgyem","FALSE",,"1068","779",,,"0/14/13","1/15/15",,,"20.5","37.5",,,"1495","2498",,,"Confusion, Rock Slide, Dark Pulse","Confusion, Dark Pulse, Rock Slide",,"605;606","606"
"607","Litwick","Litwick","FALSE","61",,,,"0/13/14",,,,"20",,,,"499",,,,"Ember, Mystical Fire, Heat Wave",,,,"607;608;609","607;608;609"
"607","Litwick (Shadow)","Litwick","TRUE","85",,,,"0/13/14",,,,"20",,,,"499",,,,"Ember, Mystical Fire, Heat Wave",,,,"607;608;609","607;608;609"
"608","Lampent","Litwick","FALSE",,"520",,,,"0/15/14",,,,"37",,,,"1500",,,,"Ember, Heat Wave, Energy Ball",,,"607;608;609","608;609"
"608","Lampent (Shadow)","Litwick","TRUE",,"472",,,,"0/15/14",,,,"37",,,,"1500",,,,"Ember, Heat Wave, Energy Ball",,,"607;608;609","608;609"
"609","Chandelure","Litwick","FALSE",,"806","756","186",,"0/14/14","2/15/15","15/15/15",,"17","28","50",,"1498","2495","3695",,"Incinerate, Shadow Ball, Energy Ball","Fire Spin, Shadow Ball, Flame Charge","Incinerate, Shadow Ball, Energy Ball","607;608;609","609"
"609","Chandelure (Shadow)","Litwick","TRUE",,"791","525","180",,"0/14/14","2/15/15","15/15/15",,"17","28","50",,"1498","2495","3695",,"Incinerate, Shadow Ball, Energy Ball","Incinerate, Shadow Ball, Flame Charge","Incinerate, Shadow Ball, Energy Ball","607;608;609","609"
"610","Axew","Axew","FALSE","247","648",,,"0/15/15","10/15/14",,,"14","50",,,"500","1495",,,"Scratch, Aqua Tail, Dragon Claw","Scratch, Aqua Tail, Dragon Claw",,,"610;611;612","610;611;612"
"610","Axew (Shadow)","Axew","TRUE","240","596",,,"0/15/15","10/15/14",,,"14","50",,,"500","1495",,,"Scratch, Aqua Tail, Dragon Claw","Scratch, Aqua Tail, Dragon Claw",,,"610;611;612","610;611;612"
"611","Fraxure","Axew","FALSE",,"663","607",,,"1/15/15","12/15/15",,,"25","50",,,"1500","2496",,,"Dragon Tail, Aqua Tail, Night Slash","Dragon Tail, Aqua Tail, Night Slash",,"610;611;612","611;612"
"611","Fraxure (Shadow)","Axew","TRUE",,"581","545",,,"1/15/15","12/15/15",,,"25","50",,,"1500","2496",,,"Dragon Tail, Aqua Tail, Night Slash","Dragon Tail, Aqua Tail, Night Slash",,"610;611;612","611;612"
"612","Haxorus","Axew","FALSE",,"743","599","182",,"0/14/13","1/15/15","15/15/15",,"15.5","25.5","50",,"1500","2495","4062",,"Dragon Tail, Breaking Swipe[etm], Night Slash","Dragon Tail, Breaking Swipe[etm], Night Slash","Dragon Tail, Breaking Swipe[etm], Night Slash","610;611;612","612"
"612","Haxorus (Shadow)","Axew","TRUE",,"568","536","157",,"0/14/13","1/15/15","15/15/15",,"15.5","25.5","50",,"1500","2495","4062",,"Dragon Tail, Night Slash, Surf","Dragon Tail, Night Slash, Dragon Claw","Dragon Tail, Night Slash, Dragon Claw","610;611;612","612"
"613","Cubchoo","Cubchoo","FALSE","288",,,,"0/15/11",,,,"18.5",,,,"499",,,,"Powder Snow, Ice Punch, Icy Wind",,,,"613;614","613;614"
"614","Beartic","Cubchoo","FALSE",,"741","559","275",,"0/13/14","0/14/14","15/15/15",,"18.5","31.5","50",,"1500","2497","3439",,"Powder Snow, Ice Punch, Liquidation","Powder Snow, Ice Punch, Liquidation","Powder Snow, Ice Punch, Liquidation","613;614","614"
"615","Cryogonal","Cryogonal","FALSE",,"716","500","319",,"0/12/12","0/14/15","15/15/15",,"20.5","37.5","50",,"1499","2498","3163",,"Ice Shard, Triple Axel, Night Slash","Ice Shard, Night Slash, Triple Axel","Ice Shard, Triple Axel, Night Slash","615","615"
"616","Shelmet","Shelmet","FALSE","19",,,,"0/15/13",,,,"25.5",,,,"500",,,,"Infestation, Body Slam, Bug Buzz",,,,"616;617","616;617"
"616","Shelmet (Shadow)","Shelmet","TRUE","17",,,,"0/15/13",,,,"25.5",,,,"500",,,,"Infestation, Body Slam, Bug Buzz",,,,"616;617","616;617"
"617","Accelgor","Shelmet","FALSE",,"1090","702",,,"0/14/15","0/15/13",,,"23","47.5",,,"1500","2499",,,"Water Shuriken, Bug Buzz, Energy Ball[etm]","Infestation, Energy Ball*, Bug Buzz",,"616;617","617"
"617","Accelgor (Shadow)","Shelmet","TRUE",,"942","703",,,"0/14/15","0/15/13",,,"23","47.5",,,"1500","2499",,,"Infestation, Energy Ball*, Bug Buzz","Infestation, Energy Ball*, Bug Buzz",,"616;617","617"
"618","Stunfisk","Stunfisk","FALSE",,"21","136",,,"0/12/15","15/15/15",,,"27","50",,,"1499","2445",,,"Thunder Shock, Mud Bomb, Discharge","Thunder Shock, Mud Bomb, Discharge",,"618","618"
"618","Stunfisk (Galarian)","Stunfisk","FALSE",,"90","131",,,"0/12/15","15/15/15",,,"27","50",,,"1499","2445",,,"Mud Shot, Rock Slide, Earthquake","Mud Shot, Rock Slide, Earthquake",,"618","618"
"619","Mienfoo","Mienfoo","FALSE","258","660",,,"3/15/15","7/15/15",,,"13.5","50",,,"500","1497",,,"Low Kick, Brick Break, High Jump Kick*","Low Kick, Brick Break, High Jump Kick*",,,"619;620","619;620"
"620","Mienshao","Mienfoo","FALSE",,"604","502",,,"0/15/14","0/14/15",,,"20.5","38.5",,,"1500","2500",,,"Force Palm, Brutal Swing, Blaze Kick","Force Palm, Brutal Swing, Brick Break",,"619;620","620"
"621","Druddigon","Druddigon","FALSE",,"512","400","370",,"0/15/15","0/15/15","15/15/15",,"20.5","38.5","50",,"1499","2498","3088",,"Dragon Tail, Night Slash, Rock Tomb","Dragon Tail, Night Slash, Rock Tomb","Dragon Tail, Night Slash, Rock Tomb","621","621"
"622","Golett","Golett","FALSE","90","680",,,"0/14/15","15/15/15",,,"16.5","50",,,"500","1344",,,"Mud Slap, Shadow Punch, Brick Break","Astonish, Shadow Punch, Brick Break",,,"622;623","622;623"
"622","Golett (Shadow)","Golett","TRUE","80","591",,,"0/14/15","15/15/15",,,"16.5","50",,,"500","1344",,,"Mud Slap, Shadow Punch, Brick Break","Astonish, Shadow Punch, Brick Break",,,"622;623","622;623"
"623","Golurk","Golett","FALSE",,"504","279","198",,"2/15/14","0/14/15","15/15/15",,"19.5","35.5","50",,"1500","2500","3226",,"Mud Slap, Shadow Punch, Dynamic Punch","Astonish, Shadow Punch, Earth Power","Astonish, Shadow Punch, Dynamic Punch","622;623","623"
"623","Golurk (Shadow)","Golett","TRUE",,"450","273","166",,"2/15/14","0/14/15","15/15/15",,"19.5","35.5","50",,"1500","2500","3226",,"Mud Slap, Shadow Punch, Dynamic Punch","Astonish, Shadow Punch, Earth Power","Astonish, Shadow Punch, Dynamic Punch","622;623","623"
"624","Pawniard","Pawniard","FALSE","16","389",,,"0/14/13","2/15/15",,,"13.5","50",,,"500","1497",,,"Fury Cutter, Night Slash, Iron Head","Scratch, Night Slash, Iron Head",,,"624;625;983","624;625;983"
"625","Bisharp","Pawniard","FALSE",,"837","546","315",,"1/15/15","0/14/13","15/15/15",,"19.5","36","50",,"1500","2497","3215",,"Snarl, Dark Pulse, Iron Head","Snarl, Dark Pulse, Iron Head","Snarl, Dark Pulse, Iron Head","624;625;983","625;983"
"626","Bouffalant","Bouffalant","FALSE",,"768","451","395",,"0/10/14","0/14/15","15/15/15",,"20.5","37.5","50",,"1500","2500","3163",,"Mud Shot, Stomp, Megahorn","Mud Shot, Stomp, Earthquake","Mud Shot, Stomp, Megahorn","626","626"
"627","Rufflet","Rufflet","FALSE","210","265",,,"0/13/15","0/15/15",,,"13","48",,,"500","1500",,,"Peck, Brave Bird, Fly","Peck, Brave Bird, Fly",,,"627;628","627;628"
"628","Braviary","Rufflet","FALSE",,"1031","672","366",,"1/15/15","0/14/15","15/15/15",,"18","30.5","50",,"1500","2500","3491",,"Air Slash, Fly, Close Combat","Air Slash, Fly, Close Combat","Air Slash, Close Combat, Brave Bird","627;628","628"
"628","Braviary (Hisuian)","Rufflet","FALSE",,"1092","792","405",,"0/15/13","0/14/13","15/15/15",,"20","37","50",,"1496","2500","3181",,"Air Slash, Brave Bird, Fly","Air Slash, Brave Bird, Fly","Air Slash, Brave Bird, Fly","627;628","628"
"629","Vullaby","Vullaby","FALSE","137","426",,,"0/12/12","15/15/15",,,"16","50",,,"500","1437",,,"Feint Attack, Brave Bird, Foul Play","Feint Attack, Brave Bird, Foul Play",,,"629;630","629;630"
"630","Mandibuzz","Vullaby","FALSE",,"52","141",,,"0/13/15","15/15/14",,,"27.5","50",,,"1500","2417",,,"Snarl, Dark Pulse, Shadow Ball","Snarl, Dark Pulse, Shadow Ball",,"629;630","630"
"631","Heatmor","Heatmor","FALSE",,"725","573",,,"0/15/14","1/15/14",,,"23.5","49",,,"1500","2496",,,"Fire Spin, Thunder Punch, Flamethrower","Fire Spin, Thunder Punch, Flamethrower",,"631","631"
"632","Durant","Durant","FALSE",,"730","430",,,"1/15/14","1/15/15",,,"21","40",,,"1499","2500",,,"Bug Bite, X-Scissor, Iron Head","Bug Bite, X-Scissor, Iron Head",,"632","632"
"633","Deino","Deino","FALSE","59",,,,"1/15/14",,,,"18.5",,,,"500",,,,"Dragon Breath, Crunch, Body Slam",,,,"633;634;635","633;634;635"
"633","Deino (Shadow)","Deino","TRUE","68",,,,"1/15/14",,,,"18.5",,,,"500",,,,"Dragon Breath, Crunch, Body Slam",,,,"633;634;635","633;634;635"
"634","Zweilous","Deino","FALSE",,"154","617",,,"1/15/15","15/15/15",,,"32","50",,,"1498","2079",,,"Dragon Breath, Body Slam, Dark Pulse","Dragon Breath, Dark Pulse, Body Slam",,"633;634;635","634;635"
"634","Zweilous (Shadow)","Deino","TRUE",,"167","620",,,"1/15/15","15/15/15",,,"32","50",,,"1498","2079",,,"Dragon Breath, Body Slam, Dark Pulse","Dragon Breath, Dark Pulse, Body Slam",,"633;634;635","634;635"
"635","Hydreigon","Deino","FALSE",,"74","203","81",,"0/15/10","0/15/15","15/15/15",,"15.5","25.5","50",,"1500","2498","4098",,"Dragon Breath, Brutal Swing[etm], Flash Cannon","Dragon Breath, Brutal Swing[etm], Flash Cannon","Dragon Breath, Brutal Swing[etm], Flash Cannon","633;634;635","635"
"635","Hydreigon (Shadow)","Deino","TRUE",,"18","126","54",,"0/15/10","0/15/15","15/15/15",,"15.5","25.5","50",,"1500","2498","4098",,"Dragon Breath, Brutal Swing*, Fly","Dragon Breath, Brutal Swing*, Fly","Dragon Breath, Brutal Swing*, Fly","633;634;635","635"
"636","Larvesta","Larvesta","FALSE","241","515",,,"0/12/14","0/15/15",,,"13","47.5",,,"500","1499",,,"Ember, Flame Wheel, Bug Buzz","Ember, Flame Wheel, Bug Buzz",,,"636;637","636;637"
"637","Volcarona","Larvesta","FALSE",,,"806","265",,,"0/15/14","15/15/15",,,"25.5","50",,,"2495","4106",,,"Fire Spin, Overheat, Hurricane","Fire Spin, Overheat, Bug Buzz","636;637","637"
"638","Cobalion","Cobalion","FALSE",,,"95","118",,,"1/15/12","15/15/15",,,"32.5","50",,,"2496","3417",,,"Double Kick, Sacred Sword[etm], Stone Edge","Double Kick, Sacred Sword[etm], Stone Edge","638","638"
"639","Terrakion","Terrakion","FALSE",,,"600","142",,,"1/15/13","15/15/15",,,"25","50",,,"2500","4181",,,"Double Kick, Sacred Sword[etm], Rock Slide","Double Kick, Sacred Sword[etm], Rock Slide","639","639"
"640","Virizion","Virizion","FALSE",,,"6","121",,,"1/15/12","15/15/15",,,"32.5","50",,,"2496","3417",,,"Double Kick, Leaf Blade, Sacred Sword[etm]","Double Kick, Leaf Blade, Sacred Sword[etm]","640","640"
"641","Tornadus (Incarnate)","Tornadus","FALSE",,"1117","777","305",,"1/15/15","1/15/15","15/15/15",,"16.5","27.5","50",,"1500","2490","3782",,"Bite, Dark Pulse, Hurricane","Bite, Dark Pulse, Hurricane","Bite, Dark Pulse, Hurricane","641","641"
"641","Tornadus (Incarnate) (Shadow)","Tornadus","TRUE",,"1119","791","280",,"6/10/13","6/15/14","15/15/15",,"16.5","27","50",,"1500","2490","3782",,"Bite, Dark Pulse, Hurricane","Bite, Dark Pulse, Hurricane","Bite, Dark Pulse, Hurricane","641","641"
"641","Tornadus (Therian)","Tornadus","FALSE",,,"552","287",,,"1/12/15","15/15/15",,,"29","50",,,"2498","3635",,,"Gust, Bleakwind Storm*, Heat Wave","Gust, Bleakwind Storm*, Heat Wave","641","641"
"642","Thundurus (Incarnate)","Thundurus","FALSE",,"463","499","189",,"1/15/15","1/15/15","15/15/15",,"16.5","27.5","50",,"1500","2490","3782",,"Thunder Shock, Thunder Punch, Brick Break","Thunder Shock, Crunch, Thunder","Thunder Shock, Crunch, Thunder","642","642"
"642","Thundurus (Incarnate) (Shadow)","Thundurus","TRUE",,"351","288","133",,"1/15/15","1/15/15","15/15/15",,"16.5","27.5","50",,"1500","2490","3782",,"Thunder Shock, Thunder Punch, Brick Break","Thunder Shock, Thunder Punch, Brick Break","Thunder Shock, Thunder Punch, Brick Break","642","642"
"642","Thundurus (Therian)","Thundurus","FALSE",,,"486","131",,,"1/15/15","15/15/15",,,"25","50",,,"2497","4137",,,"Volt Switch, Wildbolt Storm[etm], Focus Blast","Volt Switch, Wildbolt Storm[etm], Focus Blast","642","642"
"643","Reshiram","Reshiram","FALSE",,,"238","6",,,"1/13/12","15/15/15",,,"23","50",,,"2493","4565",,,"Dragon Breath, Fusion Flare[etm], Draco Meteor","Dragon Breath, Fusion Flare[etm], Draco Meteor","643","643"
"643","Reshiram (Shadow)","Reshiram","TRUE",,"507","306","13",,"5/15/13","0/15/12","15/15/15",,"13.5","23","50",,"1498","2493","4565",,"Dragon Breath, Fusion Flare*, Draco Meteor","Dragon Breath, Fusion Flare*, Draco Meteor","Dragon Breath, Fusion Flare*, Draco Meteor","643","643"
"644","Zekrom","Zekrom","FALSE",,,"173","20",,,"1/13/12","15/15/15",,,"23","50",,,"2493","4565",,,"Dragon Breath, Fusion Bolt*, Outrage","Dragon Breath, Outrage, Fusion Bolt*","644","644"
"644","Zekrom (Shadow)","Zekrom","TRUE",,"322","191","21",,"5/15/13","0/15/12","15/15/15",,"13.5","23","50",,"1498","2493","4565",,"Dragon Breath, Fusion Bolt*, Crunch","Dragon Breath, Fusion Bolt*, Outrage","Dragon Breath, Outrage, Fusion Bolt*","644","644"
"645","Landorus (Incarnate)","Landorus","FALSE",,"722","556","99",,"1/15/12","1/11/14","15/15/15",,"15.5","26","50",,"1499","2500","4057",,"Mud Shot, Earth Power, Rock Slide","Mud Shot, Earth Power, Rock Slide","Mud Shot, Earth Power, Rock Slide","645","645"
"645","Landorus (Incarnate) (Shadow)","Landorus","TRUE",,"609","494","102",,"0/15/14","0/15/11","15/15/15",,"15.5","26","50",,"1499","2500","4057",,"Mud Shot, Earth Power, Rock Slide","Mud Shot, Earth Power, Rock Slide","Mud Shot, Earth Power, Rock Slide","645","645"
"645","Landorus (Therian)","Landorus","FALSE",,,"434","41",,,"1/13/15","15/15/15",,,"23.5","50",,,"2484","4434",,,"Mud Shot, Sandsear Storm[etm], Stone Edge","Mud Shot, Sandsear Storm[etm], Stone Edge","645","645"
"646","Kyurem","Kyurem","FALSE",,,"107","48",,,"1/13/15","15/15/15",,,"26","50",,,"2500","4041",,,"Dragon Breath, Glaciate[etm], Dragon Claw","Dragon Breath, Glaciate[etm], Dragon Claw","646","646"
"646","Kyurem (Black)","Kyurem","FALSE",,,"625","12",,,"0/13/15","15/15/15",,,"20","50",,,"2500","5206",,,"Dragon Tail, Fusion Bolt, Freeze Shock<sup>†</sup>","Shadow Claw, Freeze Shock[legacy], Fusion Bolt","646","646"
"646","Kyurem (White)","Kyurem","FALSE",,,"608","5",,,"0/13/15","15/15/15",,,"20","50",,,"2500","5206",,,"Ice Fang, Fusion Flare, Ice Burn[legacy]","Ice Fang, Fusion Flare, Ice Burn[legacy]","646","646"
"647","Keldeo (Ordinary)","Keldeo","FALSE",,,"662","36",,,"0/15/15","15/15/15",,,"25","50",,,"2482","4181",,,"Poison Jab, Hydro Pump, Sacred Sword","Low Kick, Aqua Jet, Sacred Sword","647","647"
"647","Keldeo (Resolute)","Keldeo","FALSE",,,"244","30",,,"0/15/15","15/15/15",,,"25","50",,,"2482","4181",,,"Low Kick, Secret Sword*, Aqua Jet","Low Kick, Secret Sword*, Aqua Jet","647","647"
"648","Meloetta (Aria)","Meloetta","FALSE",,,"416","44",,,"10/13/15","15/15/15",,,"22.5","50",,,"2484","4490",,,"Confusion, Psyshock, Dazzling Gleam","Confusion, Psyshock, Dazzling Gleam","648","648"
"649","Genesect","Genesect","FALSE",,"377","188","117",,"10/14/14","11/15/14","15/15/15",,"16","26.5","50",,"1498","2493","3791",,"Fury Cutter, Magnet Bomb, Techno Blast (Normal)[etm]","Fury Cutter, Magnet Bomb, Techno Blast (Normal)[etm]","Fury Cutter, Magnet Bomb, Techno Blast (Normal)[etm]","649","649"
"649","Genesect (Burn)","Genesect","FALSE",,,"193","98",,,"11/15/14","15/15/15",,,"26.5","50",,,"2493","3791",,,"Fury Cutter, Magnet Bomb, Techno Blast (Burn)[etm]","Fury Cutter, Magnet Bomb, Techno Blast (Burn)[etm]","649","649"
"649","Genesect (Chill)","Genesect","FALSE",,,"132","73",,,"11/15/14","15/15/15",,,"26.5","50",,,"2493","3791",,,"Fury Cutter, Magnet Bomb, Techno Blast (Chill)[etm]","Fury Cutter, Magnet Bomb, Techno Blast (Chill)[etm]","649","649"
"649","Genesect (Douse)","Genesect","FALSE",,,"151","104",,,"11/15/14","15/15/15",,,"26.5","50",,,"2493","3791",,,"Fury Cutter, Magnet Bomb, Techno Blast (Douse)[etm]","Fury Cutter, Magnet Bomb, Techno Blast (Douse)[etm]","649","649"
"649","Genesect (Shock)","Genesect","FALSE",,,"91","72",,,"11/15/14","15/15/15",,,"26.5","50",,,"2493","3791",,,"Fury Cutter, Magnet Bomb, Techno Blast (Shock)","Fury Cutter, Magnet Bomb, Techno Blast (Shock)","649","649"
"650","Chespin","Chespin","FALSE","424","1085",,,"0/11/14","15/15/14",,,"18.5","50",,,"500","1239",,,"Vine Whip, Seed Bomb, Body Slam","Vine Whip, Seed Bomb, Body Slam",,,"650;651;652","650;651;652"
"650","Chespin (Shadow)","Chespin","TRUE","380","1075",,,"0/11/14","15/15/14",,,"18.5","50",,,"500","1239",,,"Vine Whip, Seed Bomb, Body Slam","Vine Whip, Seed Bomb, Body Slam",,,"650;651;652","650;651;652"
"651","Quilladin","Chespin","FALSE",,"544",,,,"0/14/15",,,,"37.5",,,,"1497",,,,"Low Kick, Energy Ball, Body Slam",,,"650;651;652","651;652"
"651","Quilladin (Shadow)","Chespin","TRUE",,"605",,,,"0/14/15",,,,"37.5",,,,"1497",,,,"Low Kick, Energy Ball, Body Slam",,,"650;651;652","651;652"
"652","Chesnaught","Chespin","FALSE",,"391","230","175",,"1/15/15","2/15/15","15/15/15",,"19","33","50",,"1497","2500","3340",,"Vine Whip, Frenzy Plant[etm], Superpower","Vine Whip, Frenzy Plant[etm], Superpower","Low Kick, Superpower, Frenzy Plant*","650;651;652","652"
"652","Chesnaught (Shadow)","Chespin","TRUE",,"465","276","125",,"1/15/15","2/15/15","15/15/15",,"19","33","50",,"1497","2500","3340",,"Low Kick, Frenzy Plant*, Superpower","Low Kick, Frenzy Plant*, Superpower","Low Kick, Superpower, Frenzy Plant*","650;651;652","652"
"653","Fennekin","Fennekin","FALSE","133",,,,"0/15/11",,,,"19.5",,,,"500",,,,"Ember, Psyshock, Flame Charge",,,,"653;654;655","653;654;655"
"653","Fennekin (Shadow)","Fennekin","TRUE","93",,,,"0/15/11",,,,"19.5",,,,"500",,,,"Ember, Psyshock, Flame Charge",,,,"653;654;655","653;654;655"
"654","Braixen","Fennekin","FALSE",,"550",,,,"0/15/14",,,,"33",,,,"1499",,,,"Ember, Psyshock, Flame Charge",,,"653;654;655","654;655"
"654","Braixen (Shadow)","Fennekin","TRUE",,"510",,,,"0/15/14",,,,"33",,,,"1499",,,,"Ember, Psyshock, Flame Charge",,,"653;654;655","654;655"
"655","Delphox","Fennekin","FALSE",,"399","281","148",,"0/11/14","1/15/15","15/15/15",,"18.5","30.5","50",,"1499","2500","3459",,"Scratch, Psyshock, Blast Burn*","Scratch, Psyshock, Blast Burn*","Scratch, Psyshock, Blast Burn*","653;654;655","655"
"655","Delphox (Shadow)","Fennekin","TRUE",,"460","285","144",,"0/11/14","1/15/15","15/15/15",,"18.5","30.5","50",,"1499","2500","3459",,"Scratch, Psyshock, Blast Burn*","Scratch, Psyshock, Blast Burn*","Scratch, Psyshock, Blast Burn*","653;654;655","655"
"656","Froakie","Froakie","FALSE","503",,,,"0/14/13",,,,"20",,,,"500",,,,"Bubble, Surf, Aerial Ace",,,,"656;657;658","656;657;658"
"656","Froakie (Shadow)","Froakie","TRUE","497",,,,"0/14/13",,,,"20",,,,"500",,,,"Bubble, Surf, Aerial Ace",,,,"656;657;658","656;657;658"
"657","Frogadier","Froakie","FALSE",,"1096",,,,"0/15/15",,,,"39.5",,,,"1500",,,,"Bubble, Surf, Aerial Ace",,,"656;657;658","657;658"
"657","Frogadier (Shadow)","Froakie","TRUE",,"1112",,,,"0/15/15",,,,"39.5",,,,"1500",,,,"Bubble, Surf, Aerial Ace",,,"656;657;658","657;658"
"658","Greninja","Froakie","FALSE",,"192","237",,,"1/15/14","0/13/14",,,"21","41",,,"1500","2498",,,"Water Shuriken, Hydro Cannon[etm], Night Slash","Water Shuriken, Hydro Cannon[etm], Night Slash",,"656;657;658","658"
"658","Greninja (Shadow)","Froakie","TRUE",,"131","108",,,"1/15/14","0/13/14",,,"21","41",,,"1500","2498",,,"Water Shuriken, Hydro Cannon*, Brutal Swing","Water Shuriken, Hydro Cannon*, Brutal Swing",,"656;657;658","658"
"659","Bunnelby","Bunnelby","FALSE","255",,,,"0/15/13",,,,"48.5",,,,"500",,,,"Quick Attack, Bulldoze, Return<sup>†</sup>",,,,"659;660","659;660"
"659","Bunnelby (Shadow)","Bunnelby","TRUE","453",,,,"0/15/13",,,,"48.5",,,,"500",,,,"Quick Attack, Bulldoze, Dig",,,,"659;660","659;660"
"660","Diggersby","Bunnelby","FALSE",,"59",,,,"0/15/13",,,,"50",,,,"1499",,,,"Mud Shot, Fire Punch, Scorching Sands",,,"659;660","660"
"660","Diggersby (Shadow)","Bunnelby","TRUE",,"204",,,,"0/15/13",,,,"50",,,,"1499",,,,"Mud Shot, Scorching Sands, Fire Punch",,,"659;660","660"
"661","Fletchling","Fletchling","FALSE","11",,,,"1/15/15",,,,"25",,,,"499",,,,"Peck, Swift, Heat Wave",,,,"661;662;663","661;662;663"
"661","Fletchling (Shadow)","Fletchling","TRUE","21",,,,"1/15/15",,,,"25",,,,"499",,,,"Peck, Swift, Heat Wave",,,,"661;662;663","661;662;663"
"662","Fletchinder","Fletchling","FALSE",,"255",,,,"0/14/15",,,,"50",,,,"1495",,,,"Peck, Fly, Heat Wave",,,"661;662;663","662;663"
"662","Fletchinder (Shadow)","Fletchling","TRUE",,"264",,,,"0/14/15",,,,"50",,,,"1495",,,,"Peck, Fly, Heat Wave",,,"661;662;663","662;663"
"663","Talonflame","Fletchling","FALSE",,"85","38",,,"0/13/14","15/15/14",,,"26","50",,,"1500","2493",,,"Incinerate*, Fly, Brave Bird","Incinerate*, Fly, Brave Bird",,"661;662;663","663"
"663","Talonflame (Shadow)","Fletchling","TRUE",,"104","57",,,"0/13/14","15/15/14",,,"26","50",,,"1500","2493",,,"Incinerate*, Flame Charge, Fly","Incinerate*, Fly, Brave Bird",,"661;662;663","663"
"664","Scatterbug","Scatterbug","FALSE","401",,,,"7/15/15",,,,"50",,,,"500",,,,"Bug Bite, Struggle, NA",,,,"664;665;666","664;665;666"
"666","Vivillon","Scatterbug","FALSE",,"1044",,,,"0/15/14",,,,"31.5",,,,"1498",,,,"Gust, Energy Ball, Hurricane",,,"664;665;666","666"
"667","Litleo","Litleo","FALSE","257","487",,,"1/15/14","4/15/15",,,"13.5","50",,,"500","1500",,,"Incinerate, Flame Charge, Crunch","Incinerate, Flame Charge, Crunch",,,"667;668","667;668"
"668","Pyroar","Litleo","FALSE",,"678","476","327",,"0/11/15","0/15/14","15/15/15",,"20.5","37.5","50",,"1500","2499","3129",,"Incinerate, Flame Charge, Dark Pulse","Incinerate, Flame Charge, Dark Pulse","Incinerate, Dark Pulse, Flame Charge","667;668","668"
"669","Flabebe","Flabebe","FALSE","472","1124",,,"0/12/14","15/15/15",,,"19","50",,,"500","1202",,,"Vine Whip, Dazzling Gleam, Petal Blizzard","Vine Whip, Dazzling Gleam, Psychic",,,"669;670;671","669;670;671"
"670","Floette","Flabebe","FALSE",,"786",,,,"0/15/12",,,,"47.5",,,,"1499",,,,"Vine Whip, Dazzling Gleam, Psychic",,,"669;670;671","670;671"
"671","Florges","Flabebe","FALSE",,"11","12","40",,"0/11/15","0/14/15","15/15/15",,"17.5","29","50",,"1499","2496","3657",,"Fairy Wind, Moonblast, Chilling Water[etm]","Fairy Wind, Moonblast, Chilling Water[etm]","Fairy Wind, Moonblast, Chilling Water[etm]","669;670;671","671"
"672","Skiddo","Skiddo","FALSE","512","1140",,,"0/13/11","15/15/15",,,"16","50",,,"499","1414",,,"Rock Smash, Brick Break, Seed Bomb","Rock Smash, Brick Break, Seed Bomb",,,"672;673","672;673"
"673","Gogoat","Skiddo","FALSE",,"326","194","205",,"0/14/8","0/14/15","15/15/15",,"20.5","37.5","50",,"1499","2496","3163",,"Vine Whip, Leaf Blade, Rock Slide","Vine Whip, Leaf Blade, Rock Slide","Vine Whip, Leaf Blade, Brick Break","672;673","673"
"674","Pancham","Pancham","FALSE","148","561",,,"0/15/14","1/15/15",,,"13","48",,,"499","1500",,,"Low Kick, Body Slam, Crunch","Low Kick, Crunch, Body Slam",,,"674;675","674;675"
"674","Pancham (Shadow)","Pancham","TRUE","109","562",,,"0/15/14","1/15/15",,,"13","48",,,"499","1500",,,"Low Kick, Body Slam, Crunch","Low Kick, Crunch, Body Slam",,,"674;675","674;675"
"675","Pangoro","Pancham","FALSE",,"247","197","183",,"0/11/15","1/15/15","15/15/15",,"19.5","34","50",,"1500","2493","3281",,"Karate Chop, Close Combat, Night Slash","Karate Chop, Close Combat, Night Slash","Karate Chop, Close Combat, Night Slash","674;675","675"
"675","Pangoro (Shadow)","Pancham","TRUE",,"250","168","162",,"0/11/15","1/15/15","15/15/15",,"19.5","34","50",,"1500","2493","3281",,"Karate Chop, Close Combat, Night Slash","Karate Chop, Close Combat, Night Slash","Karate Chop, Close Combat, Night Slash","674;675","675"
"676","Furfrou","Furfrou","FALSE",,"416","549",,,"1/14/15","15/15/15",,,"27","50",,,"1496","2387",,,"Take Down, Dark Pulse, Grass Knot","Sucker Punch, Dark Pulse, Grass Knot",,"676","676"
"677","Espurr","Espurr","FALSE","268","749",,,"0/15/7","15/15/15",,,"16","50",,,"500","1424",,,"Scratch, Psyshock, Energy Ball","Confusion, Psyshock, Energy Ball",,,"677;678","677;678"
"678","Meowstic (Female)","Espurr","FALSE",,"822","690",,,"0/14/15","15/15/15",,,"27","50",,,"1499","2401",,,"Confusion, Energy Ball, Shadow Ball","Confusion, Energy Ball, Shadow Ball",,"677;678","678"
"678","Meowstic (Male)","Espurr","FALSE",,"853","718",,,"0/14/15","15/15/15",,,"27","50",,,"1499","2401",,,"Confusion, Energy Ball, Thunderbolt","Confusion, Energy Ball, Thunderbolt",,"677;678","678"
"679","Honedge","Honedge","FALSE","449","871",,,"0/14/15","8/15/15",,,"14","50",,,"500","1495",,,"Psycho Cut, Iron Head, Gyro Ball","Psycho Cut, Iron Head, Gyro Ball",,,"679;680;681","679;680;681"
"680","Doublade","Honedge","FALSE",,"75","96",,,"0/10/14","0/14/14",,,"23.5","48.5",,,"1500","2497",,,"Shadow Claw, Sacred Sword, Iron Head","Shadow Claw, Sacred Sword, Iron Head",,"679;680;681","680;681"
"681","Aegislash (Shield)","Honedge","FALSE",,"80","606",,,"0/15/15","15/15/14",,,"49","50",,,"1498","1746",,,"Psycho Cut, Shadow Ball, Gyro Ball","Psycho Cut, Shadow Ball, Flash Cannon",,"679;680;681","681"
"682","Spritzee","Spritzee","FALSE","311","738",,,"0/13/15","15/15/14",,,"16","50",,,"500","1415",,,"Charm, Draining Kiss, Thunderbolt","Charm, Draining Kiss, Thunderbolt",,,"682;683","682;683"
"683","Aromatisse","Spritzee","FALSE",,"117","83",,,"0/13/15","4/15/15",,,"24.5","50",,,"1500","2499",,,"Fairy Wind, Moonblast, Psyshock","Fairy Wind, Moonblast, Psyshock",,"682;683","683"
"684","Swirlix","Swirlix","FALSE","460","1037",,,"0/13/15","15/15/15",,,"17","50",,,"500","1333",,,"Tackle, Draining Kiss, Energy Ball","Tackle, Draining Kiss, Energy Ball",,,"684;685","684;685"
"685","Slurpuff","Swirlix","FALSE",,"243","119",,,"0/15/14","15/15/15",,,"26","50",,,"1498","2486",,,"Fairy Wind, Draining Kiss, Energy Ball","Fairy Wind, Draining Kiss, Energy Ball",,"684;685","685"
"686","Inkay","Inkay","FALSE","152",,,,"1/15/15",,,,"21.5",,,,"500",,,,"Psywave, Night Slash, Psybeam",,,,"686;687","686;687"
"686","Inkay (Shadow)","Inkay","TRUE","91",,,,"1/15/15",,,,"21.5",,,,"500",,,,"Psywave, Night Slash, Psybeam",,,,"686;687","686;687"
"687","Malamar","Inkay","FALSE",,"43","64",,,"1/15/14","4/15/15",,,"24","49.5",,,"1493","2500",,,"Psywave, Superpower, Foul Play","Psywave, Superpower, Foul Play",,"686;687","687"
"687","Malamar (Shadow)","Inkay","TRUE",,"46","56",,,"1/15/14","4/15/15",,,"24","49.5",,,"1493","2500",,,"Psywave, Foul Play, Superpower","Psywave, Foul Play, Superpower",,"686;687","687"
"688","Binacle","Binacle","FALSE","5",,,,"0/15/13",,,,"21.5",,,,"500",,,,"Scratch, Cross Chop, Ancient Power",,,,"688;689","688;689"
"689","Barbaracle","Binacle","FALSE",,"454","327","306",,"0/13/10","0/15/15","15/15/15",,"21.5","40.5","50",,"1499","2499","3025",,"Fury Cutter, Cross Chop, Stone Edge","Fury Cutter, Cross Chop, Stone Edge","Fury Cutter, Cross Chop, Stone Edge","688;689","689"
"690","Skrelp","Skrelp","FALSE","48","826",,,"0/13/13","15/15/15",,,"19","50",,,"498","1202",,,"Acid, Aqua Tail, Twister","Acid, Aqua Tail, Twister",,,"690;691","690;691"
"691","Dragalge","Skrelp","FALSE",,"149","125",,,"0/15/13","1/15/15",,,"24","50",,,"1500","2496",,,"Acid, Aqua Tail, Outrage","Dragon Tail, Aqua Tail, Outrage",,"690;691","691"
"692","Clauncher","Clauncher","FALSE","306","1056",,,"0/14/13","15/15/15",,,"18.5","50",,,"499","1230",,,"Water Gun, Aqua Jet, Crabhammer","Water Gun, Aqua Jet, Crabhammer",,,"692;693","692;693"
"693","Clawitzer","Clauncher","FALSE",,"1110","752",,,"0/13/13","2/15/15",,,"20.5","37",,,"1497","2495",,,"Water Gun, Crabhammer, Ice Beam","Water Gun, Crabhammer, Dark Pulse",,"692;693","693"
"694","Helioptile","Helioptile","FALSE","367",,,,"0/13/14",,,,"21.5",,,,"498",,,,"Thunder Shock, Parabolic Charge, Bulldoze",,,,"694;695","694;695"
"694","Helioptile (Shadow)","Helioptile","TRUE","405",,,,"0/13/14",,,,"21.5",,,,"498",,,,"Thunder Shock, Parabolic Charge, Bulldoze",,,,"694;695","694;695"
"695","Heliolisk","Helioptile","FALSE",,"904","633",,,"0/15/15","0/14/14",,,"21.5","42.5",,,"1500","2498",,,"Volt Switch, Breaking Swipe, Parabolic Charge","Volt Switch, Breaking Swipe, Parabolic Charge",,"694;695","695"
"695","Heliolisk (Shadow)","Helioptile","TRUE",,"995","694",,,"0/15/15","0/14/14",,,"21.5","42.5",,,"1500","2498",,,"Volt Switch, Breaking Swipe, Parabolic Charge","Volt Switch, Breaking Swipe, Parabolic Charge",,"694;695","695"
"696","Tyrunt","Tyrunt","FALSE","292","714",,,"0/15/7","0/15/15",,,"12","40",,,"499","1498",,,"Dragon Tail, Rock Tomb, Ancient Power","Dragon Tail, Rock Tomb, Stomp",,,"696;697","696;697"
"696","Tyrunt (Shadow)","Tyrunt","TRUE","317","767",,,"0/15/7","0/15/15",,,"12","40",,,"499","1498",,,"Dragon Tail, Rock Tomb, Ancient Power","Dragon Tail, Rock Tomb, Stomp",,,"696;697","696;697"
"697","Tyrantrum","Tyrunt","FALSE",,"739","574","334",,"0/15/12","0/12/15","15/15/15",,"18","30","50",,"1493","2499","3537",,"Dragon Tail, Rock Tomb, Crunch","Dragon Tail, Rock Tomb, Crunch","Dragon Tail, Meteor Beam, Rock Tomb","696;697","697"
"697","Tyrantrum (Shadow)","Tyrunt","TRUE",,"762","699","311",,"0/15/12","0/12/15","15/15/15",,"18","30","50",,"1493","2499","3537",,"Dragon Tail, Crunch, Rock Tomb","Dragon Tail, Meteor Beam, Rock Tomb","Dragon Tail, Meteor Beam, Rock Tomb","696;697","697"
"698","Amaura","Amaura","FALSE","64","339",,,"0/13/15","11/15/15",,,"14.5","50",,,"499","1500",,,"Powder Snow, Weather Ball (Ice), Ancient Power","Powder Snow, Weather Ball (Ice), Thunderbolt",,,"698;699","698;699"
"698","Amaura (Shadow)","Amaura","TRUE","45","281",,,"0/13/15","11/15/15",,,"14.5","50",,,"499","1500",,,"Powder Snow, Weather Ball (Ice), Ancient Power","Powder Snow, Weather Ball (Ice), Thunderbolt",,,"698;699","698;699"
"699","Aurorus","Amaura","FALSE",,"157","112","253",,"0/15/8","0/15/14","15/15/15",,"20.5","37.5","50",,"1500","2497","3168",,"Powder Snow, Weather Ball (Ice), Meteor Beam","Powder Snow, Weather Ball (Ice), Meteor Beam","Powder Snow, Weather Ball (Ice), Thunderbolt","698;699","699"
"699","Aurorus (Shadow)","Amaura","TRUE",,"241","163","178",,"0/15/8","0/15/14","15/15/15",,"20.5","37.5","50",,"1500","2497","3168",,"Powder Snow, Weather Ball (Ice), Meteor Beam","Powder Snow, Weather Ball (Ice), Meteor Beam","Powder Snow, Weather Ball (Ice), Meteor Beam","698;699","699"
"700","Sylveon","Eevee","FALSE",,"203","104","70",,"0/14/12","0/13/15","15/15/15",,"18.5","31.5","50",,"1498","2498","3470",,"Fairy Wind, Psyshock*, Draining Kiss","Fairy Wind, Draining Kiss, Shadow Ball","Fairy Wind, Draining Kiss, Shadow Ball","133;700","700"
"701","Hawlucha","Hawlucha","FALSE",,"249","138",,,"0/14/15","0/15/14",,,"23.5","49",,,"1497","2498",,,"Low Kick, Flying Press, Aerial Ace","Low Kick, Flying Press, Aerial Ace",,"701","701"
"702","Dedenne","Dedenne","FALSE",,"268","605",,,"0/14/14","15/15/14",,,"32.5","50",,,"1498","2081",,,"Thunder Shock, Discharge, Play Rough","Thunder Shock, Discharge, Parabolic Charge",,"702","702"
"703","Carbink","Carbink","FALSE",,"47","819",,,"5/15/15","15/15/15",,,"49.5","50",,,"1497","1658",,,"Rock Throw, Rock Slide, Moonblast","Rock Throw, Moonblast, Rock Slide",,"703","703"
"704","Goomy","Goomy","FALSE","466",,,,"0/15/15",,,,"20.5",,,,"500",,,,"Water Gun, Dragon Pulse, Muddy Water",,,,"704;705;706","704;705;706"
"705","Sliggoo","Goomy","FALSE",,"132","402",,,"1/15/15","15/15/15",,,"28","50",,,"1499","2303",,,"Dragon Breath, Body Slam, Dragon Pulse","Dragon Breath, Body Slam, Dragon Pulse",,"704;705;706","705;706"
"706","Goodra","Goomy","FALSE",,"110","152","55",,"0/15/14","1/15/15","15/15/15",,"16","26.5","50",,"1499","2493","3963",,"Dragon Breath, Aqua Tail, Thunder Punch*","Dragon Breath, Aqua Tail, Power Whip","Dragon Breath, Aqua Tail, Draco Meteor","704;705;706","706"
"707","Klefki","Klefki","FALSE",,"139","369",,,"0/15/14","15/15/15",,,"29.5","50",,,"1497","2204",,,"Astonish, Foul Play, Draining Kiss","Astonish, Foul Play, Draining Kiss",,"707","707"
"708","Phantump","Phantump","FALSE","189",,,,"0/14/15",,,,"17.5",,,,"499",,,,"Astonish, Shadow Ball, Foul Play",,,,"708;709","708;709"
"708","Phantump (Shadow)","Phantump","TRUE","180",,,,"0/14/15",,,,"17.5",,,,"499",,,,"Astonish, Shadow Ball, Foul Play",,,,"708;709","708;709"
"709","Trevenant","Phantump","FALSE",,"359","154",,,"0/15/15","0/13/14",,,"22","44.5",,,"1499","2500",,,"Shadow Claw, Seed Bomb, Shadow Ball","Shadow Claw, Shadow Ball, Seed Bomb",,"708;709","709"
"709","Trevenant (Shadow)","Phantump","TRUE",,"295","147",,,"0/15/15","0/13/14",,,"22","44.5",,,"1499","2500",,,"Shadow Claw, Shadow Ball, Foul Play","Shadow Claw, Shadow Ball, Seed Bomb",,"708;709","709"
"710","Pumpkaboo (Average)","Pumpkaboo","FALSE","176","593",,,"0/15/10","15/15/15",,,"16","50",,,"500","1381",,,"Astonish, Grass Knot, Foul Play","Astonish, Grass Knot, Foul Play",,,"710;711","710;711"
"710","Pumpkaboo (Large)","Pumpkaboo","FALSE","170","516",,,"0/15/10","15/15/15",,,"16","50",,,"499","1406",,,"Astonish, Grass Knot, Foul Play","Astonish, Grass Knot, Foul Play",,,"710;711","710;711"
"710","Pumpkaboo (Small)","Pumpkaboo","FALSE","184","674",,,"0/15/10","15/15/15",,,"16","50",,,"500","1359",,,"Astonish, Grass Knot, Foul Play","Astonish, Grass Knot, Foul Play",,,"710;711","710;711"
"710","Pumpkaboo (Super)","Pumpkaboo","FALSE","124","456",,,"0/15/10","15/15/15",,,"16","50",,,"500","1414",,,"Astonish, Grass Knot, Foul Play","Astonish, Grass Knot, Foul Play",,,"710;711","710;711"
"711","Gourgeist (Average)","Pumpkaboo","FALSE",,"97","247",,,"1/15/14","0/14/14",,,"21.5","42.5",,,"1498","2496",,,"Incinerate, Shadow Ball, Seed Bomb","Incinerate, Shadow Ball, Seed Bomb",,"710;711","711"
"711","Gourgeist (Large)","Pumpkaboo","FALSE",,"87","206","321",,"1/15/14","0/14/14","15/15/15",,"21.5","42.5","50",,"1500","2494","2850",,"Incinerate, Shadow Ball, Seed Bomb","Incinerate, Shadow Ball, Seed Bomb","Incinerate, Shadow Ball, Foul Play","710;711","711"
"711","Gourgeist (Small)","Pumpkaboo","FALSE",,"103","260",,,"1/15/14","0/14/14",,,"21.5","42.5",,,"1499","2499",,,"Incinerate, Shadow Ball, Seed Bomb","Incinerate, Shadow Ball, Seed Bomb",,"710;711","711"
"711","Gourgeist (Super)","Pumpkaboo","FALSE",,"91","189","285",,"1/15/14","0/14/14","15/15/15",,"21.5","42.5","50",,"1500","2495","2976",,"Incinerate, Shadow Ball, Seed Bomb","Incinerate, Shadow Ball, Seed Bomb","Incinerate, Shadow Ball, Foul Play","710;711","711"
"712","Bergmite","Bergmite","FALSE","391","802",,,"0/14/11","15/15/15",,,"16.5","50",,,"500","1374",,,"Bite, Icy Wind, Crunch","Bite, Icy Wind, Crunch",,,"712;713","712;713"
"713","Avalugg","Bergmite","FALSE",,"498","234","116",,"2/14/15","0/14/15","15/15/15",,"17.5","29.5","50",,"1500","2495","3615",,"Ice Fang, Avalanche, Body Slam","Ice Fang, Icy Wind, Crunch","Bite, Icy Wind, Earthquake","712;713","713"
"713","Avalugg (Hisuian)","Bergmite","FALSE",,"459","387","127",,"0/9/13","1/14/15","15/15/15",,"16.5","27","50",,"1498","2499","3909",,"Powder Snow, Rock Slide, Icy Wind","Powder Snow, Rock Slide, Icy Wind","Powder Snow, Rock Slide, Icy Wind","712;713","713"
"714","Noibat","Noibat","FALSE","97",,,,"0/14/14",,,,"32.5",,,,"499",,,,"Wing Attack, Air Cutter, Heat Wave",,,,"714;715","714;715"
"714","Noibat (Shadow)","Noibat","TRUE","78",,,,"0/14/14",,,,"32.5",,,,"499",,,,"Wing Attack, Air Cutter, Heat Wave",,,,"714;715","714;715"
"715","Noivern","Noibat","FALSE",,"795","516","385",,"0/15/12","0/15/14","15/15/15",,"20.5","38","50",,"1500","2500","3125",,"Bite, Heat Wave, Hurricane","Bite, Heat Wave, Hurricane","Bite, Heat Wave, Hurricane","714;715","715"
"715","Noivern (Shadow)","Noibat","TRUE",,"909","592","362",,"0/15/12","0/15/14","15/15/15",,"20.5","38","50",,"1500","2500","3125",,"Bite, Heat Wave, Hurricane","Bite, Heat Wave, Hurricane","Bite, Heat Wave, Hurricane","714;715","715"
"716","Xerneas","Xerneas","FALSE",,,"256","7",,,"1/15/13","15/15/15",,,"24.5","50",,,"2496","4275",,,"Geomancy[etm], Close Combat, Moonblast","Geomancy[etm], Close Combat, Moonblast","716","716"
"717","Yveltal","Yveltal","FALSE",,,"148","38",,,"1/15/13","15/15/15",,,"24.5","50",,,"2496","4275",,,"Sucker Punch, Dark Pulse, Oblivion Wing[etm]","Sucker Punch, Dark Pulse, Oblivion Wing[etm]","717","717"
"718","Zygarde (10% Forme)","Zygarde","FALSE",,"900","678",,,"11/15/14","11/15/15",,,"22.5","45.5",,,"1494","2491",,,"Dragon Tail, Crunch, Earthquake","Dragon Tail, Crunch, Earthquake",,"718;718&0-4attack;718&1-4attack","718;718&0-4attack;718&1-4attack"
"718","Zygarde (50% Forme)","Zygarde","FALSE",,"479","295","124",,"10/12/10","12/15/15","15/15/15",,"16","26","50",,"1494","2487","3855",,"Dragon Tail, Crunch, Bulldoze","Dragon Tail, Crunch, Earthquake","Dragon Tail, Crunch, Earthquake","718;718&0-4attack;718&1-4attack","718;718&0-4attack;718&1-4attack"
"718","Zygarde (Complete Forme)","Zygarde","FALSE",,,"8","3",,,"11/15/13","15/15/15",,,"24","50",,,"2498","4208",,,"Dragon Tail, Crunch, Bulldoze","Dragon Tail, Crunch, Bulldoze","718;718&0-4attack;718&1-4attack","718;718&0-4attack;718&1-4attack"
"719","Diancie","Diancie","FALSE",,"889","645","331",,"10/11/12","10/15/15","15/15/15",,"20","35.5","50",,"1488","2497","3091",,"Rock Throw, Rock Slide, Moonblast","Rock Throw, Moonblast, Rock Slide","Rock Throw, Moonblast, Rock Slide","719","719"
"720","Hoopa","Hoopa","FALSE",,"1121","750","245",,"10/15/13","10/15/15","15/15/15",,"16","26.5","50",,"1488","2487","3797",,"Confusion, Shadow Ball, Psychic","Astonish, Shadow Ball, Psychic","Astonish, Shadow Ball, Psychic","720","720"
"720","Hoopa (Unbound)","Hoopa","FALSE",,,"829","243",,,"0/15/13","15/15/15",,,"23","50",,,"2473","4530",,,"Confusion, Dark Pulse, Shadow Ball","Confusion, Dark Pulse, Shadow Ball","720","720"
"721","Volcanion","Volcanion","FALSE",,"734","360","82",,"14/15/15","12/15/13","15/15/15",,"14.5","24.5","50",,"1494","2488","4102",,"Incinerate, Scald, Overheat","Incinerate, Scald, Overheat","Incinerate, Scald, Earth Power","721","721"
"722","Rowlet","Rowlet","FALSE","333","1058",,,"0/14/15","15/15/15",,,"19","50",,,"500","1196",,,"Leafage, Energy Ball, Seed Bomb","Leafage, Energy Ball, Seed Bomb",,,"722;723;724","722;723;724"
"723","Dartrix","Rowlet","FALSE",,"186","729",,,"0/14/12","15/15/14",,,"38","50",,,"1500","1950",,,"Peck, Brave Bird, Energy Ball","Peck, Brave Bird, Energy Ball",,"722;723;724","723;724"
"724","Decidueye","Rowlet","FALSE",,"565","212","298",,"0/14/11","0/14/13","15/15/15",,"20.5","38","50",,"1500","2500","3137",,"Leafage, Frenzy Plant*, Spirit Shackle","Astonish, Frenzy Plant[etm], Brave Bird","Astonish, Frenzy Plant[etm], Brave Bird","722;723;724","724"
"724","Decidueye (Hisuian)","Rowlet","FALSE",,"466","257","202",,"0/13/15","0/15/15","15/15/15",,"19.5","34.5","50",,"1499","2500","3275",,"Psycho Cut, Energy Ball, Aura Sphere","Psycho Cut, Aura Sphere, Trailblaze","Psycho Cut, Aura Sphere, Trailblaze","722;723;724","724"
"725","Litten","Litten","FALSE","302",,,,"0/15/13",,,,"19",,,,"500",,,,"Ember, Flame Charge, Crunch",,,,"725;726;727","725;726;727"
"726","Torracat","Litten","FALSE",,"772",,,,"0/15/13",,,,"37",,,,"1496",,,,"Ember, Flame Charge, Crunch",,,"725;726;727","726;727"
"727","Incineroar","Litten","FALSE",,"405","226","225",,"0/13/11","0/15/11","15/15/15",,"19","33","50",,"1497","2500","3387",,"Fire Fang, Brutal Swing, Blast Burn*","Snarl, Blast Burn[etm], Darkest Lariat","Fire Fang, Blaze Kick, Brutal Swing","725;726;727","727"
"728","Popplio","Popplio","FALSE","279","1050",,,"0/14/14","15/15/15",,,"17.5","50",,,"500","1276",,,"Water Gun, Aqua Tail, Aqua Jet","Water Gun, Aqua Tail, Aqua Jet",,,"728;729;730","728;729;730"
"729","Brionne","Popplio","FALSE",,"919","820",,,"0/13/15","15/15/14",,,"31","50",,,"1500","2131",,,"Charm, Aqua Jet, Disarming Voice","Water Gun, Aqua Jet, Disarming Voice",,"728;729;730","729;730"
"730","Primarina","Popplio","FALSE",,"242","50","45",,"0/15/14","0/15/15","15/15/15",,"17.5","29","50",,"1500","2495","3618",,"Waterfall, Disarming Voice, Hydro Cannon[etm]","Waterfall, Disarming Voice, Hydro Cannon[etm]","Waterfall, Disarming Voice, Hydro Cannon[etm]","728;729;730","730"
"731","Pikipek","Pikipek","FALSE","153",,,,"2/15/15",,,,"21",,,,"499",,,,"Peck, Drill Peck, Return<sup>†</sup>",,,,"731;732;733","731;732;733"
"731","Pikipek (Shadow)","Pikipek","TRUE","165",,,,"2/15/15",,,,"21",,,,"499",,,,"Peck, Drill Peck, Sky Attack",,,,"731;732;733","731;732;733"
"732","Trumbeak","Pikipek","FALSE",,"320",,,,"0/15/14",,,,"48.5",,,,"1499",,,,"Peck, Drill Peck, Rock Blast",,,"731;732;733","732;733"
"732","Trumbeak (Shadow)","Pikipek","TRUE",,"257",,,,"0/15/14",,,,"48.5",,,,"1492",,,,"Peck, Drill Peck, Rock Blast",,,"731;732;733","732;733"
"733","Toucannon","Pikipek","FALSE",,"134","46",,,"0/14/13","2/15/14",,,"21","39",,,"1500","2499",,,"Peck, Beak Blast*, Drill Peck","Peck, Beak Blast*, Drill Peck",,"731;732;733","733"
"733","Toucannon (Shadow)","Pikipek","TRUE",,"138","63",,,"0/14/13","2/15/14",,,"21","39",,,"1500","2499",,,"Peck, Beak Blast*, Drill Peck","Peck, Beak Blast*, Drill Peck",,"731;732;733","733"
"734","Yungoos","Yungoos","FALSE","467",,,,"0/15/12",,,,"22.5",,,,"497",,,,"Bite, Rock Tomb, Crunch",,,,"734;735","734;735"
"735","Gumshoos","Yungoos","FALSE",,"831","665",,,"0/15/12","15/15/15",,,"26","50",,,"1500","2470",,,"Take Down, Rock Tomb, Crunch","Take Down, Rock Tomb, Crunch",,"734;735","735"
"736","Grubbin","Grubbin","FALSE","301",,,,"0/13/12",,,,"20.5",,,,"499",,,,"Bug Bite, X-Scissor, Vise Grip",,,,"736;737;738","736;737;738"
"736","Grubbin (Shadow)","Grubbin","TRUE","273",,,,"0/13/12",,,,"20.5",,,,"499",,,,"Bug Bite, X-Scissor, Vise Grip",,,,"736;737;738","736;737;738"
"737","Charjabug","Grubbin","FALSE",,"42",,,,"0/13/15",,,,"38.5",,,,"1497",,,,"Volt Switch*, X-Scissor, Discharge",,,"736;737;738","737;738"
"737","Charjabug (Shadow)","Grubbin","TRUE",,"48",,,,"0/13/15",,,,"38.5",,,,"1497",,,,"Volt Switch*, X-Scissor, Discharge",,,"736;737;738","737;738"
"738","Vikavolt","Grubbin","FALSE",,"464","331","234",,"0/14/12","0/13/13","15/15/15",,"18","30","50",,"1494","2498","3524",,"Volt Switch[etm], XScissor, Fly","Volt Switch[etm], XScissor, Fly","Volt Switch*, X-Scissor, Discharge","736;737;738","738"
"738","Vikavolt (Shadow)","Grubbin","TRUE",,"337","312","209",,"0/14/12","0/13/13","15/15/15",,"18","30","50",,"1494","2498","3524",,"Volt Switch*, X-Scissor, Discharge","Volt Switch*, X-Scissor, Discharge","Volt Switch*, X-Scissor, Discharge","736;737;738","738"
"739","Crabrawler","Crabrawler","FALSE","480","1097",,,"1/15/15","11/15/15",,,"14","49.5",,,"500","1497",,,"Bubble, Brick Break, Crabhammer","Bubble, Crabhammer, Power-Up Punch",,,"739;740","739;740"
"740","Crabominable","Crabrawler","FALSE",,"1025","749","378",,"0/14/10","0/15/12","15/15/15",,"19.5","34.5","50",,"1499","2497","3286",,"Bubble, Ice Punch, Brick Break","Bubble, Ice Punch, Brick Break","Bubble, Ice Punch, Brick Break","739;740","740"
"741","Oricorio (Baile)","Oricorio","FALSE",,"1029","757",,,"1/15/15","5/15/15",,,"24","49.5",,,"1497","2496",,,"Air Slash, Air Cutter, Hurricane","Air Slash, Air Cutter, Hurricane",,"741","741"
"741","Oricorio (Pa'u)","Oricorio","FALSE",,"1088","808",,,"1/15/15","5/15/15",,,"24","49.5",,,"1497","2496",,,"Air Slash, Air Cutter, Hurricane","Air Slash, Air Cutter, Hurricane",,"741","741"
"741","Oricorio (Pom-Pom)","Oricorio","FALSE",,"988","691",,,"1/15/15","5/15/15",,,"24","49.5",,,"1497","2496",,,"Air Slash, Air Cutter, Hurricane","Air Slash, Air Cutter, Hurricane",,"741","741"
"741","Oricorio (Sensu)","Oricorio","FALSE",,"1065","790",,,"1/15/15","5/15/15",,,"24","49.5",,,"1497","2496",,,"Air Slash, Air Cutter, Hurricane","Air Slash, Air Cutter, Hurricane",,"741","741"
"742","Cutiefly","Cutiefly","FALSE","468",,,,"0/15/13",,,,"22.5",,,,"500",,,,"Fairy Wind, Dazzling Gleam, Bug Buzz",,,,"742;743","742;743"
"743","Ribombee","Cutiefly","FALSE",,"903","544",,,"1/15/14","15/15/14",,,"25.5","50",,,"1497","2488",,,"Fairy Wind, Draining Kiss, Bug Buzz","Fairy Wind, Draining Kiss, Bug Buzz",,"742;743","743"
"744","Rockruff","Rockruff","FALSE","238",,,,"0/14/13",,,,"21",,,,"497",,,,"Rock Throw, Rock Tomb, Trailblaze",,,,"744;745","744;745"
"745","Lycanroc (Dusk)","Rockruff","FALSE",,"1006","759",,,"2/15/15","0/15/14",,,"20.5","39",,,"1500","2500",,,"Sucker Punch, Stone Edge, Trailblaze","Sucker Punch, Stone Edge, Trailblaze",,"744;745","745"
"745","Lycanroc (Midday)","Rockruff","FALSE",,"925","708",,,"0/15/12","0/15/15",,,"21","39.5",,,"1499","2500",,,"Sucker Punch, Drill Run, Stone Edge","Sucker Punch, Drill Run, Stone Edge",,"744;745","745"
"745","Lycanroc (Midnight)","Rockruff","FALSE",,"1102","751",,,"0/14/14","2/15/15",,,"20.5","37.5",,,"1494","2499",,,"Counter, Stone Edge, Trailblaze","Counter, Psychic Fangs, Crunch",,"744;745","745"
"747","Mareanie","Mareanie","FALSE","454",,,,"0/14/12",,,,"21",,,,"500",,,,"Poison Sting, Brine, Sludge Wave",,,,"747;748","747;748"
"748","Toxapex","Mareanie","FALSE",,"115","770",,,"0/15/15","15/15/15",,,"40.5","50",,,"1497","1905",,,"Bite, Brine, Sludge Wave","Poison Jab, Brine, Sludge Wave",,"747;748","748"
"749","Mudbray","Mudbray","FALSE","304","828","804",,"0/15/15","1/15/14","15/15/15",,"10","30","50",,"499","1498","2139",,"Mud Slap, Bulldoze, Body Slam","Mud Slap, Bulldoze, Body Slam","Mud Slap, Bulldoze, Body Slam",,"749;750","749;750"
"750","Mudsdale","Mudbray","FALSE",,"731","432","212",,"0/14/14","0/15/14","15/15/15",,"18.5","31.5","50",,"1491","2500","3443",,"Mud Slap, Bulldoze, Body Slam","Mud Slap, Bulldoze, Body Slam","Mud Slap, Bulldoze, Body Slam","749;750","750"
"751","Dewpider","Dewpider","FALSE","8",,,,"0/15/15",,,,"29.5",,,,"500",,,,"Infestation, Water Pulse, Mirror Coat",,,,"751;752","751;752"
"751","Dewpider (Shadow)","Dewpider","TRUE","25",,,,"0/15/15",,,,"29.5",,,,"500",,,,"Infestation, Water Pulse, Mirror Coat",,,,"751;752","751;752"
"752","Araquanid","Dewpider","FALSE",,"16","561",,,"0/15/11","15/15/15",,,"35","50",,,"1499","2065",,,"Infestation, Water Pulse, Mirror Coat","Infestation, Water Pulse, Mirror Coat",,"751;752","752"
"752","Araquanid (Shadow)","Dewpider","TRUE",,"30","567",,,"0/15/11","15/15/15",,,"35","50",,,"1499","2065",,,"Infestation, Water Pulse, Mirror Coat","Infestation, Water Pulse, Mirror Coat",,"751;752","752"
"753","Fomantis","Fomantis","FALSE","248",,,,"0/14/13",,,,"27.5",,,,"500",,,,"Leafage, Leaf Blade, Energy Ball",,,,"753;754","753;754"
"753","Fomantis (Shadow)","Fomantis","TRUE","182",,,,"0/14/13",,,,"27.5",,,,"500",,,,"Leafage, Leaf Blade, Energy Ball",,,,"753;754","753;754"
"754","Lurantis","Fomantis","FALSE",,"374","207",,,"0/15/15","0/15/15",,,"23.5","49.5",,,"1495","2499",,,"Fury Cutter, Leaf Blade, Superpower","Fury Cutter, Leaf Blade, Superpower",,"753;754","754"
"754","Lurantis (Shadow)","Fomantis","TRUE",,"245","252",,,"0/15/15","0/15/15",,,"23.5","49.5",,,"1495","2499",,,"Fury Cutter, Leaf Blade, Superpower","Fury Cutter, Leaf Blade, Superpower",,"753;754","754"
"755","Morelull","Morelull","FALSE","303",,,,"0/13/14",,,,"19.5",,,,"499",,,,"Astonish, Seed Bomb, Dazzling Gleam",,,,"755;756","755;756"
"756","Shiinotic","Morelull","FALSE",,"386","636",,,"0/14/15","15/15/14",,,"32","50",,,"1499","2104",,,"Astonish, Moonblast, Seed Bomb","Astonish, Moonblast, Seed Bomb",,"755;756","756"
"756","Shiinotic (Shadow)","Morelull","TRUE",,"439","622",,,"0/14/15","15/15/14",,,"32","50",,,"1499","2104",,,"Astonish, Moonblast, Seed Bomb","Astonish, Moonblast, Seed Bomb",,"755;756","756"
"757","Salandit","Salandit","FALSE","216",,,,"0/13/15",,,,"17.5",,,,"500",,,,"Ember, Poison Fang, Flamethrower",,,,"757;758","757;758"
"758","Salazzle","Salandit","FALSE",,"343","373",,,"0/15/15","0/15/14",,,"22.5","46",,,"1499","2500",,,"Incinerate, Poison Fang, Dragon Pulse","Incinerate, Poison Fang, Dragon Pulse",,"757;758","758"
"759","Stufful","Stufful","FALSE","338","760",,,"0/14/13","12/15/15",,,"14.5","50",,,"500","1499",,,"Take Down, Superpower, Stomp","Take Down, Superpower, Stomp",,,"759;760","759;760"
"759","Stufful (Shadow)","Stufful","TRUE","275","813",,,"0/14/13","12/15/15",,,"14.5","50",,,"500","1499",,,"Take Down, Superpower, Stomp","Take Down, Superpower, Stomp",,,"759;760","759;760"
"760","Bewear","Stufful","FALSE",,"653","511","218",,"0/14/14","0/14/15","15/15/15",,"18","30","50",,"1497","2499","3524",,"Low Kick, Superpower, Stomp","Low Kick, Superpower, Stomp","Low Kick, Superpower, Stomp","759;760","760"
"760","Bewear (Shadow)","Stufful","TRUE",,"564","491","194",,"0/14/14","0/14/15","15/15/15",,"18","30","50",,"1497","2499","3524",,"Low Kick, Superpower, Stomp","Low Kick, Superpower, Stomp","Low Kick, Superpower, Stomp","759;760","760"
"761","Bounsweet","Bounsweet","FALSE","474",,,,"11/15/14",,,,"50",,,,"498",,,,"Charm, Energy Ball, Draining Kiss",,,,"761;762;763","761;762;763"
"763","Tsareena","Bounsweet","FALSE",,"1003","627","326",,"0/15/13","0/15/15","15/15/15",,"19","33","50",,"1496","2497","3351",,"Magical Leaf, Triple Axel, High Jump Kick[etm]","Magical Leaf, Triple Axel, High Jump Kick[etm]","Magical Leaf, Triple Axel, High Jump Kick[etm]","761;762;763","763"
"764","Comfey","Comfey","FALSE",,"597","478",,,"1/14/14","15/15/15",,,"27","50",,,"1500","2392",,,"Vine Whip, Draining Kiss, Grass Knot","Vine Whip, Draining Kiss, Grass Knot",,"764","764"
"765","Oranguru","Oranguru","FALSE",,"98","77","354",,"0/13/14","0/15/14","15/15/15",,"23.5","48.5","50",,"1498","2499","2770",,"Confusion, Brutal Swing, Trailblaze","Confusion, Brutal Swing, Trailblaze","Confusion, Brutal Swing, Trailblaze","765","765"
"766","Passimian","Passimian","FALSE",,"571","519","207",,"0/15/14","0/14/13","15/15/15",,"18.5","32","50",,"1494","2499","3429",,"Counter, Brutal Swing, Superpower","Counter, Close Combat, Brick Break","Counter, Close Combat, Brutal Swing","766","766"
"767","Wimpod","Wimpod","FALSE","507",,,,"6/15/15",,,,"49",,,,"499",,,,"Struggle Bug, Bug Buzz, Return<sup>†</sup>",,,,"767;768","767;768"
"767","Wimpod (Shadow)","Wimpod","TRUE","508",,,,"6/15/15",,,,"49",,,,"499",,,,"Struggle Bug, Bug Buzz, Frustration<sup>†</sup>",,,,"767;768","767;768"
"768","Golisopod","Wimpod","FALSE",,"164","71","88",,"0/8/15","0/15/15","15/15/15",,"18","29.5","50",,"1499","2497","3575",,"Fury Cutter, X-Scissor, Aqua Jet","Fury Cutter, X-Scissor, Aqua Jet","Fury Cutter, Aqua Jet, X-Scissor","767;768","768"
"768","Golisopod (Shadow)","Wimpod","TRUE",,"123","49","83",,"0/8/15","0/15/15","15/15/15",,"18","29.5","50",,"1499","2497","3575",,"Fury Cutter, Aqua Jet, X-Scissor","Fury Cutter, Aqua Jet, X-Scissor","Fury Cutter, Aqua Jet, X-Scissor","767;768","768"
"769","Sandygast","Sandygast","FALSE","324","881",,,"0/14/15","15/15/15",,,"16","50",,,"500","1394",,,"Astonish, Earth Power, Shadow Ball","Mud Shot, Shadow Ball, Earth Power",,,"769;770","769;770"
"769","Sandygast (Shadow)","Sandygast","TRUE","280","891",,,"0/14/15","15/15/15",,,"16","50",,,"500","1394",,,"Astonish, Earth Power, Shadow Ball","Astonish, Shadow Ball, Earth Power",,,"769;770","769;770"
"770","Palossand","Sandygast","FALSE",,"527","222",,,"0/15/11","0/13/14",,,"23.5","49",,,"1499","2500",,,"Astonish, Shadow Ball, Earth Power","Astonish, Shadow Ball, Sand Tomb",,"769;770","770"
"770","Palossand (Shadow)","Sandygast","TRUE",,"696","392",,,"0/15/11","0/13/14",,,"23.5","49",,,"1499","2500",,,"Astonish, Shadow Ball, Earth Power","Astonish, Shadow Ball, Earth Power",,"769;770","770"
"775","Komala","Komala","FALSE",,"1078","726",,,"2/15/15","1/15/14",,,"21.5","42.5",,,"1500","2499",,,"Rollout, Bulldoze, Payback","Rollout, Bulldoze, Payback",,"775","775"
"776","Turtonator","Turtonator","FALSE",,"64","70",,,"0/12/14","14/15/14",,,"26","50",,,"1499","2499",,,"Incinerate, Brutal Swing, Dragon Claw","Incinerate, Brutal Swing, Dragon Claw",,"776","776"
"777","Togedemaru","Togedemaru","FALSE",,"415","506",,,"0/13/13","15/15/15",,,"26.5","50",,,"1500","2442",,,"Thunder Shock, Fell Stinger, Wild Charge","Thunder Shock, Fell Stinger, Wild Charge",,"777","777"
"778","Mimikyu","Mimikyu","FALSE",,"6","10",,,"0/15/15","14/14/15",,,"25.5","50",,,"1495","2490",,,"Shadow Claw, Shadow Sneak, Play Rough","Shadow Claw, Shadow Sneak, Play Rough",,"778","778"
"779","Bruxish","Bruxish","FALSE",,"511","366",,,"0/15/15","0/14/15",,,"23.5","49.5",,,"1495","2499",,,"Confusion, Aqua Tail, Psychic Fangs","Confusion, Aqua Tail, Psychic Fangs",,"779","779"
"780","Drampa","Drampa","FALSE",,"372","328","276",,"2/15/15","0/15/14","15/15/15",,"19","34","50",,"1499","2499","3294",,"Dragon Breath, Swift, Dragon Pulse","Dragon Breath, Swift, Dragon Pulse","Dragon Breath, Swift, Fly","780","780"
"781","Dhelmise","Dhelmise","FALSE",,"432","232","185",,"1/15/12","0/15/15","15/15/15",,"19","33","50",,"1498","2497","3335",,"Shadow Claw, Power Whip, Brutal Swing","Shadow Claw, Brutal Swing, Shadow Ball","Shadow Claw, Brutal Swing, Shadow Ball","781","781"
"782","Jangmo-o","Jangmo-o","FALSE","129",,,,"0/15/11",,,,"21",,,,"500",,,,"Dragon Tail, Brick Break, Dragon Claw",,,,"782;783;784","782;783;784"
"783","Hakamo-o","Jangmo-o","FALSE",,"193",,,,"0/13/15",,,,"39",,,,"1498",,,,"Dragon Tail, Brick Break, Rock Tomb",,,"782;783;784","783;784"
"784","Kommo-o","Jangmo-o","FALSE",,"169","121","100",,"0/14/14","0/11/14","15/15/15",,"17","28.5","50",,"1497","2496","3741",,"Dragon Tail, Clanging Scales*, Upper Hand","Dragon Tail, Clanging Scales*, Upper Hand","Dragon Tail, Clanging Scales*, Upper Hand","782;783;784","784"
"785","Tapu Koko","Tapu-koko","FALSE",,,"481","168",,,"2/15/15","15/15/15",,,"29","50",,,"2496","3582",,,"Volt Switch, Thunderbolt, Nature's Madness[etm]","Volt Switch, Thunderbolt, Nature's Madness[etm]","785","785"
"786","Tapu Lele","Tapu-lele","FALSE",,,"398","60",,,"1/15/13","15/15/15",,,"26.5","50",,,"2482","3950",,,"Astonish, Moonblast, Nature's Madness[etm]","Astonish, Moonblast, Nature's Madness[etm]","786","786"
"787","Tapu Bulu","Tapu-bulu","FALSE",,,"532","119",,,"1/15/14","15/15/15",,,"27","50",,,"2492","3865",,,"Bullet Seed, Grass Knot, Nature's Madness[etm]","Bullet Seed, Grass Knot, Nature's Madness[etm]","787","787"
"788","Tapu Fini","Tapu-fini","FALSE",,"453","181","122",,"1/9/14","2/15/14","15/15/15",,"20","35.5","50",,"1495","2498","3230",,"Water Gun, Surf, Nature's Madness[etm]","Water Gun, Surf, Nature's Madness[etm]","Water Gun, Surf, Nature's Madness[etm]","788","788"
"791","Solgaleo","Cosmog","FALSE",,,"374","42",,,"1/12/14","15/15/15",,,"23","50",,,"2499","4570",,,"Fire Spin, Psychic Fangs, Iron Head","Fire Spin, Psychic Fangs, Iron Head","789;790;791","791"
"792","Lunala","Lunala","FALSE",,,"529","15",,,"1/12/14","15/15/15",,,"23","50",,,"2499","4570",,,"Shadow Claw, Shadow Ball, Moonblast","Shadow Claw, Shadow Ball, Moonblast","789;790;792","792"
"793","Nihilego","Nihilego","FALSE",,,"734","197",,,"0/14/15","15/15/15",,,"23.5","50",,,"2497","4465",,,"Poison Jab, Power Gem, Sludge Bomb","Poison Jab, Power Gem, Sludge Bomb","793","793"
"794","Buzzwole","Buzzwole","FALSE",,"809","548","158",,"1/15/15","0/13/15","15/15/15",,"16","27","50",,"1499","2499","3912",,"Counter, Superpower, Lunge","Counter, Superpower, Lunge","Counter, Superpower, Lunge","794","794"
"796","Xurkitree","Xurkitree","FALSE",,,"677","143",,,"0/12/14","15/15/15",,,"23.5","50",,,"2497","4451",,,"Thunder Shock, Discharge, Power Whip","Thunder Shock, Discharge, Dazzling Gleam","796","796"
"797","Celesteela","Celesteela","FALSE",,"631","444","226",,"2/15/14","0/15/14","15/15/15",,"18","30.5","50",,"1500","2500","3507",,"Air Slash, Body Slam, Iron Head","Air Slash, Body Slam, Bulldoze","Air Slash, Body Slam, Bulldoze","797","797"
"798","Kartana","Kartana","FALSE",,"505","381","101",,"0/14/14","0/14/14","15/15/15",,"15","25","50",,"1500","2500","4156",,"Fury Cutter, Leaf Blade, Sacred Sword","Fury Cutter, Leaf Blade, Sacred Sword","Fury Cutter, Leaf Blade, Sacred Sword","798","798"
"799","Guzzlord","Guzzlord","FALSE",,"45","19","216",,"1/15/15","0/15/14","15/15/15",,"19.5","35.5","50",,"1499","2494","3264",,"Dragon Tail, Brutal Swing, Sludge Bomb","Dragon Tail, Brutal Swing, Sludge Bomb","Dragon Tail, Brutal Swing, Dragon Claw","799","799"
"800","Necrozma","Necrozma","FALSE",,,"619","150",,,"1/15/15","15/15/15",,,"25","50",,,"2497","4163",,,"Psycho Cut, Dark Pulse, Iron Head","Psycho Cut, Dark Pulse, Iron Head","800;800&!fusion&ghost;800&!fusion&steel","800"
"800","Necrozma (Dawn Wings)","Necrozma","FALSE",,,"578","18",,,"0/15/15","15/15/15",,,"22.5","50",,,"2500","4634",,,"Shadow Claw, Dark Pulse, Moongeist Beam","Shadow Claw, Dark Pulse, Moongeist Beam","800;800&!fusion&ghost;800&!fusion&steel","800"
"800","Necrozma (Dusk Mane)","Necrozma","FALSE",,,"527","22",,,"0/15/15","15/15/15",,,"22.5","50",,,"2500","4634",,,"Shadow Claw, Dark Pulse, Sunsteel Strike","Shadow Claw, Dark Pulse, Sunsteel Strike","800;800&!fusion&ghost;800&!fusion&steel","800"
"802","Marshadow","Marshadow","FALSE",,,"267","19",,,"10/15/12","15/15/15",,,"24","50",,,"2487","4217",,,"Shadow Claw, Close Combat, Thunder Punch","Shadow Claw, Close Combat, Ice Punch","802","802"
"803","Poipole","Poipole","FALSE","448","834",,,"0/11/13","0/15/15",,,"12","40.5",,,"499","1495",,,"Peck, Sludge Bomb, Fell Stinger","Peck, Sludge Bomb, Fell Stinger",,,"803;804","803;804"
"804","Naganadel","Poipole","FALSE",,"1108","811","394",,"1/15/13","1/15/15","15/15/15",,"17.5","29","50",,"1500","2496","3587",,"Poison Jab, Dragon Claw, Sludge Bomb","Poison Jab, Dragon Claw, Sludge Bomb","Poison Jab, Dragon Claw, Sludge Bomb","803;804","804"
"805","Stakataka","Stakataka","FALSE",,"1107","735","299",,"1/14/15","0/15/14","15/15/15",,"17","28.5","50",,"1499","2500","3724",,"Take Down, Stone Edge, Bulldoze","Rock Throw, Stone Edge, Bulldoze","Rock Throw, Stone Edge, Bulldoze","805","805"
"806","Blacephalon","Blacephalon","FALSE",,"433","313","130",,"3/15/15","0/13/14","15/15/15",,"16.5","28","50",,"1497","2496","3727",,"Incinerate, Mind Blown*, Shadow Ball","Incinerate, Mind Blown*, Shadow Ball","Incinerate, Mind Blown*, Shadow Ball","806","806"
"807","Zeraora","Zeraora","FALSE",,"238","182","110",,"4/15/15","1/15/15","15/15/15",,"16","27","50",,"1484","2494","3865",,"Volt Switch, Plasma Fists, Dynamic Punch","Volt Switch, Plasma Fists, Dynamic Punch","Volt Switch, Plasma Fists, Dynamic Punch","807","807"
"808","Meltan","Meltan","FALSE",,"1136",,,,"15/15/14",,,,"50",,,,"1207",,,,"Thunder Shock, Thunderbolt, Flash Cannon",,,"808;809","808;809"
"809","Melmetal","Meltan","FALSE",,"1","5","29",,"1/15/14","0/13/15","15/15/15",,"15.5","26","50",,"1500","2498","4069",,"Thunder Shock, Double Iron Bash*, Dynamic Punch","Thunder Shock, Double Iron Bash*, Dynamic Punch","Thunder Shock, Double Iron Bash*, Dynamic Punch","808;809","809"
"810","Grookey","Grookey","FALSE","443",,,,"0/15/15",,,,"18",,,,"499",,,,"Scratch, Energy Ball, Grass Knot",,,,"810;811;812","810;811;812"
"811","Thwackey","Grookey","FALSE",,"789","801",,,"0/14/13","15/15/15",,,"31.5","50",,,"1500","2121",,,"Scratch, Energy Ball, Grass Knot","Scratch, Energy Ball, Grass Knot",,"810;811;812","811;812"
"812","Rillaboom","Grookey","FALSE",,"36","20","37",,"0/10/15","0/14/15","15/15/15",,"17","28","50",,"1499","2492","3758",,"Scratch, Drum Beating, Earth Power","Scratch, Drum Beating, Earth Power","Scratch, Drum Beating, Earth Power","810;811;812","812"
"813","Scorbunny","Scorbunny","FALSE","386",,,,"0/12/15",,,,"18",,,,"499",,,,"Fire Spin, Flame Charge, Flamethrower",,,,"813;814;815","813;814;815"
"814","Raboot","Scorbunny","FALSE",,"874",,,,"0/12/14",,,,"33.5",,,,"1498",,,,"Fire Spin, Flame Charge, Flamethrower",,,"813;814;815","814;815"
"815","Cinderace","Scorbunny","FALSE",,"618","403","252",,"0/15/14","1/15/14","15/15/15",,"18.5","31.5","50",,"1500","2500","3412",,"Fire Spin, Blast Burn*, Pyro Ball","Fire Spin, Blast Burn*, Pyro Ball","Fire Spin, Blast Burn*, Pyro Ball","813;814;815","815"
"816","Sobble","Sobble","FALSE","477",,,,"0/12/15",,,,"18",,,,"499",,,,"Water Gun, Surf, Water Pulse",,,,"816;817;818","816;817;818"
"817","Drizzile","Sobble","FALSE",,"1071",,,,"0/13/14",,,,"30.5",,,,"1499",,,,"Water Gun, Surf, Water Pulse",,,"816;817;818","817;818"
"818","Inteleon","Sobble","FALSE",,"865","716",,,"3/15/15","1/15/13",,,"18.5","32.5",,,"1500","2497",,,"Water Gun, Snipe Shot, Hydro Cannon*","Water Gun, Snipe Shot, Shadow Ball",,"816;817;818","818"
"819","Skwovet","Skwovet","FALSE","136",,,,"0/15/14",,,,"21.5",,,,"497",,,,"Bite, Body Slam, Trailblaze",,,,"819;820","819;820"
"820","Greedent","Skwovet","FALSE",,"187","150",,,"0/15/8","3/15/15",,,"24.5","50",,,"1497","2496",,,"Bite, Body Slam, Trailblaze","Bite, Body Slam, Trailblaze",,"819;820","820"
"821","Rookidee","Rookidee","FALSE","307",,,,"0/14/15",,,,"21",,,,"498",,,,"Peck, Sky Attack, Payback",,,,"821;822;823","821;822;823"
"821","Rookidee (Shadow)","Rookidee","TRUE","332",,,,"0/15/14",,,,"31.5",,,,"498",,,,"Peck, Sky Attack, Payback",,,,"821;822;823","821;822;823"
"822","Corvisquire","Rookidee","FALSE",,"601",,,,"11/15/15",,,,"50",,,,"1496",,,,"Peck, Sky Attack, Payback",,,"821;822;823","822;823"
"822","Corvisquire (Shadow)","Rookidee","TRUE",,"682",,,,"11/15/15",,,,"50",,,,"1496",,,,"Peck, Sky Attack, Payback",,,"821;822;823","822;823"
"823","Corviknight","Rookidee","FALSE",,"7","2","274",,"0/15/11","0/15/15","15/15/15",,"23.5","48.5","50",,"1500","2497","2777",,"Sand Attack, Sky Attack, Iron Head[etm]","Sand Attack, Sky Attack, Iron Head[etm]","Sand Attack, Sky Attack, Iron Head[etm]","821;822;823","823"
"823","Corviknight (Shadow)","Rookidee","TRUE",,"10","4","282",,"0/15/11","0/15/15","15/15/15",,"23.5","48.5","50",,"1500","2497","2777",,"Sand Attack, Air Cutter*, Iron Head*","Sand Attack, Air Cutter*, Payback","Sand Attack, Air Cutter*, Iron Head*","821;822;823","823"
"824","Blipbug","Blipbug","FALSE","524",,,,"15/15/15",,,,"50",,,,"405",,,,"Struggle Bug, Struggle, NA",,,,"824;825;826","824;825;826"
"825","Dottler","Blipbug","FALSE",,"1125",,,,"15/15/15",,,,"50",,,,"1164",,,,"Confusion, Bug Buzz, Psychic",,,"824;825;826","825;826"
"826","Orbeetle","Blipbug","FALSE",,"406","389",,,"0/14/14","14/15/14",,,"26","50",,,"1496","2491",,,"Psycho Cut, Psyshock, Bug Buzz","Confusion, Psyshock, Bug Buzz",,"824;825;826","826"
"827","Nickit","Nickit","FALSE","14",,,,"0/14/14",,,,"29",,,,"500",,,,"Sucker Punch, Night Slash, Play Rough",,,,"827;828","827;828"
"828","Thievul","Nickit","FALSE",,"15","172",,,"0/15/11","15/15/15",,,"27","50",,,"1494","2415",,,"Sucker Punch, Night Slash, Icy Wind*","Sucker Punch, Night Slash, Icy Wind*",,"827;828","828"
"829","Gossifleur","Gossifleur","FALSE","389",,,,"0/15/15",,,,"33",,,,"499",,,,"Bullet Seed, Energy Ball, Grass Knot",,,,"829;830","829;830"
"830","Eldegoss","Gossifleur","FALSE",,"814","780",,,"0/14/15","15/15/14",,,"29","50",,,"1498","2255",,,"Bullet Seed, Energy Ball, Grass Knot","Bullet Seed, Energy Ball, Grass Knot",,"829;830","830"
"831","Wooloo","Wooloo","FALSE","23",,,,"0/15/15",,,,"29.5",,,,"500",,,,"Take Down, Wild Charge, Stomp",,,,"831;832","831;832"
"832","Dubwool","Wooloo","FALSE",,"163","375",,,"1/15/15","15/15/15",,,"26","50",,,"1497","2478",,,"Take Down, Body Slam, Wild Charge","Double Kick, Body Slam, Wild Charge",,"831;832","832"
"835","Yamper","Yamper","FALSE","87",,,,"0/15/13",,,,"26.5",,,,"497",,,,"Bite, Crunch, Thunder",,,,"835;836","835;836"
"836","Boltund","Yamper","FALSE",,"1055","778",,,"0/14/15","15/15/15",,,"26","50",,,"1500","2460",,,"Bite, Crunch, Thunder","Bite, Crunch, Thunder",,"835;836","836"
"837","Rolycoly","Rolycoly","FALSE","286",,,,"0/15/14",,,,"39",,,,"500",,,,"Smack Down, Rock Slide, Rock Blast",,,,"837;838;839","837;838;839"
"838","Carkol","Rolycoly","FALSE",,"709",,,,"0/13/14",,,,"50",,,,"1500",,,,"Smack Down, Rock Slide, Flame Charge",,,"837;838;839","838;839"
"839","Coalossal","Rolycoly","FALSE",,"248","211","364",,"1/14/14","6/15/15","15/15/15",,"24.5","49.5","50",,"1500","2496","2659",,"Fire Spin, Rock Slide, Flame Charge","Fire Spin, Rock Slide, Flame Charge","Fire Spin, Rock Slide, Flame Charge","837;838;839","839"
"840","Applin","Applin","FALSE","504",,,,"0/13/14",,,,"30",,,,"499",,,,"Astonish, Struggle, NA",,,,"840;841;842;1011;1019","840;841;842;1011;1019"
"841","Flapple","Applin","FALSE",,"554","521",,,"0/15/11","0/15/14",,,"23","46.5",,,"1500","2499",,,"Dragon Breath, Seed Bomb, Dragon Pulse","Dragon Breath, Fly, Seed Bomb",,"840;841;842;1011;1019","841"
"842","Appletun","Applin","FALSE",,"780","501",,,"2/15/14","0/15/15",,,"23","48",,,"1499","2500",,,"Astonish, Energy Ball, Outrage","Astonish, Energy Ball, Outrage",,"840;841;842;1011;1019","842"
"843","Silicobra","Silicobra","FALSE","192","931",,,"0/15/14","15/15/15",,,"18.5","50",,,"500","1222",,,"Mud Slap, Earth Power, Wrap","Mud Slap, Earth Power, Wrap",,,"843;844","843;844"
"844","Sandaconda","Silicobra","FALSE",,"727","384","244",,"2/15/15","0/14/15","15/15/15",,"20","37.5","50",,"1498","2498","3155",,"Mud Slap, Earth Power, Wrap","Mud Slap, Earth Power, Wrap","Mud Slap, Earth Power, Wrap","843;844","844"
"845","Cramorant","Cramorant","FALSE",,"4","18",,,"0/11/14","15/15/15",,,"27","50",,,"1498","2421",,,"Peck, Dive, Fly","Peck, Dive, Fly",,"845","845"
"846","Arrokuda","Arrokuda","FALSE","155",,,,"0/13/15",,,,"22",,,,"499",,,,"Peck, Aqua Jet, Close Combat",,,,"846;847","846;847"
"847","Barraskewda","Arrokuda","FALSE",,"536","428",,,"0/14/14","2/15/15",,,"21","39",,,"1499","2499",,,"Peck, Aqua Jet, Close Combat","Peck, Aqua Jet, Close Combat",,"846;847","847"
"848","Toxel","Toxel","FALSE","441",,,,"0/15/13",,,,"28",,,,"499",,,,"Acid, Power-Up Punch, NA",,,,"848;849","848;849"
"849","Toxtricity","Toxel","FALSE",,"237","242",,,"0/15/15","0/15/14",,,"21.5","42",,,"1500","2499",,,"Acid, Wild Charge, Swift","Acid, Wild Charge, Swift",,"848;849","849"
"850","Sizzlipede","Sizzlipede","FALSE","221",,,,"0/14/13",,,,"19",,,,"500",,,,"Ember, Heat Wave, Crunch",,,,"850;851","850;851"
"851","Centiskorch","Sizzlipede","FALSE",,"333","164","146",,"0/11/14","0/15/15","15/15/15",,"19","32.5","50",,"1500","2499","3381",,"Ember, Lunge, Heat Wave","Ember, Heat Wave, Lunge","Ember, Lunge, Heat Wave","850;851","851"
"852","Clobbopus","Clobbopus","FALSE","501","1145",,,"0/14/12","15/15/15",,,"17.5","50",,,"499","1286",,,"Rock Smash, Superpower, Ice Punch","Rock Smash, Superpower, Ice Punch",,,"852;853","852;853"
"853","Grapploct","Clobbopus","FALSE",,"770","615",,,"1/15/15","1/15/15",,,"21","40",,,"1500","2497",,,"Waterfall, Superpower, Ice Punch","Waterfall, Superpower, Ice Punch",,"852;853","853"
"854","Sinistea","Sinistea","FALSE","359",,,,"0/15/15",,,,"17",,,,"500",,,,"Astonish, Shadow Ball, Dark Pulse",,,,"854;855","854;855"
"855","Polteageist","Sinistea","FALSE",,"804","609","279",,"2/15/15","1/15/14","15/15/15",,"18","30.5","50",,"1498","2500","3458",,"Hex, Shadow Ball, Dark Pulse","Hex, Shadow Ball, Dark Pulse","Hex, Shadow Ball, Dark Pulse","854;855","855"
"856","Hatenna","Hatenna","FALSE","404",,,,"0/14/15",,,,"23.5",,,,"500",,,,"Confusion, Psyshock, Dazzling Gleam",,,,"856;857;858","856;857;858"
"857","Hattrem","Hatenna","FALSE",,"700",,,,"0/15/15",,,,"40.5",,,,"1494",,,,"Confusion, Psyshock, Dazzling Gleam",,,"856;857;858","857;858"
"858","Hatterene","Hatenna","FALSE",,"724","493",,,"0/13/12","0/14/14",,,"20","36",,,"1499","2493",,,"Psycho Cut, Psyshock, Power Whip","Psycho Cut, Psyshock, Power Whip",,"856;857;858","858"
"859","Impidimp","Impidimp","FALSE","27",,,,"1/15/15",,,,"24.5",,,,"498",,,,"Sucker Punch, Foul Play, Play Rough",,,,"859;860;861","859;860;861"
"860","Morgrem","Impidimp","FALSE",,"124",,,,"3/15/15",,,,"49.5",,,,"1500",,,,"Sucker Punch, Foul Play, Play Rough",,,"859;860;861","860;861"
"861","Grimmsnarl","Impidimp","FALSE",,"312","156","153",,"1/15/15","0/15/11","15/15/15",,"19.5","36","50",,"1499","2498","3222",,"Sucker Punch, Foul Play, Draining Kiss","Sucker Punch, Foul Play, Draining Kiss","Sucker Punch, Foul Play, Draining Kiss","859;860;861","861"
"862","Obstagoon","Zigzagoon","FALSE",,"686","503","357",,"0/15/13","0/15/15","15/15/15",,"21.5","41.5","50",,"1500","2497","2999",,"Counter, Night Slash, Obstruct[etm]","Counter, Night Slash, Obstruct[etm]","Counter, Night Slash, Obstruct[etm]","263&galar;264&galar;862","862"
"862","Obstagoon (Shadow)","Zigzagoon","TRUE",,"665","508","338",,"0/15/13","0/15/15","15/15/15",,"21.5","41.5","50",,"1500","2497","2999",,"Counter, Cross Chop, Night Slash","Counter, Cross Chop, Night Slash","Counter, Night Slash, Cross Chop","263&galar;264&galar;862","862"
"863","Perrserker","Meowth","FALSE",,"506","214",,,"1/15/15","0/14/15",,,"23.5","50",,,"1500","2497",,,"Shadow Claw, Close Combat, Trailblaze","Shadow Claw, Close Combat, Foul Play",,"52&galar;863","863"
"864","Cursola","Corsola","FALSE",,"920","680","278",,"2/15/15","0/15/12","15/15/15",,"18","31","50",,"1497","2495","3463",,"Astonish, Night Shade, Power Gem","Astonish, Night Shade, Power Gem","Astonish, Night Shade, Power Gem","222&galar;864","864"
"865","Sirfetch'd","Farfetchd","FALSE",,"548","509","203",,"0/9/14","2/15/13","15/15/15",,"19","32","50",,"1500","2499","3375",,"Fury Cutter, Leaf Blade, Close Combat","Fury Cutter, Leaf Blade, Close Combat","Fury Cutter, Close Combat, Leaf Blade","83&galar;865","865"
"866","Mr. Rime","Mr-mime","FALSE",,"1020","732","360",,"0/14/13","0/14/14","15/15/15",,"20","36.5","50",,"1495","2498","3196",,"Confusion, Icy Wind, Psychic","Ice Shard, Icy Wind, Psychic","Confusion, Ice Punch, Triple Axel","122;439;866","439;866"
"867","Runerigus","Yamask","FALSE",,"198","40",,,"0/15/11","10/15/15",,,"25.5","50",,,"1500","2497",,,"Shadow Claw, Shadow Ball, Rock Tomb","Shadow Claw, Rock Tomb, Shadow Ball",,"562&galar;867","867"
"870","Falinks","Falinks","FALSE",,"890","612",,,"0/15/15","2/15/15",,,"24","50",,,"1495","2495",,,"Counter, Superpower, Megahorn","Counter, Superpower, Megahorn",,"870","870"
"872","Snom","Snom","FALSE","254",,,,"0/15/15",,,,"50",,,,"500",,,,"Powder Snow, Icy Wind, Bug Buzz",,,,"872;873","872;873"
"873","Frosmoth","Snom","FALSE",,"855","754",,,"0/14/15","0/14/15",,,"20.5","38.5",,,"1500","2498",,,"Powder Snow, Icy Wind, Bug Buzz","Powder Snow, Ice Beam, Bug Buzz",,"872;873","873"
"874","Stonjourner","Stonjourner","FALSE",,"1004","772","350",,"0/13/15","0/15/15","15/15/15",,"17.5","29","50",,"1500","2493","3638",,"Rock Throw, Rock Slide, Stomp","Rock Throw, Rock Slide, Stomp","Rock Throw, Rock Slide, Stomp","874","874"
"876","Indeedee (Female)","Indeedee","FALSE",,"1053","736",,,"1/15/15","0/14/15",,,"23.5","50",,,"1500","2500",,,"Extrasensory, Energy Ball, Psychic","Extrasensory, Energy Ball, Psychic",,"876","876"
"876","Indeedee (Male)","Indeedee","FALSE",,"1134","833",,,"0/15/14","1/15/15",,,"23","47",,,"1495","2496",,,"Extrasensory, Shadow Ball, Psychic","Extrasensory, Shadow Ball, Psychic",,"876","876"
"877","Morpeko (Full Belly)","Morpeko","FALSE",,"53","283",,,"0/14/12","15/15/15",,,"29.5","50",,,"1499","2196",,,"Thunder Shock, Aura Wheel, Psychic Fangs","Thunder Shock, Aura Wheel, Psychic Fangs",,"877","877"
"884","Duraludon","Duraludon","FALSE","478","921","583","322","0/8/7","3/15/14","0/15/15","15/15/15","6.5","18","30.5","50","498","1497","2500","3468","Dragon Tail, Dragon Claw, Flash Cannon","Dragon Tail, Dragon Claw, Flash Cannon","Dragon Tail, Dragon Claw, Flash Cannon","Dragon Tail, Dragon Claw, Flash Cannon","884;1018","884;1018"
"885","Dreepy","Dreepy","FALSE","479",,,,"1/15/14",,,,"25.5",,,,"500",,,,"Astonish, Struggle, NA",,,,"885;886;887","885;886;887"
"886","Drakloak","Dreepy","FALSE",,"859",,,,"0/15/14",,,,"39.5",,,,"1499",,,,"Dragon Tail, Shadow Ball, Outrage",,,"885;886;887","886;887"
"887","Dragapult","Dreepy","FALSE",,"1017","693","229",,"3/15/15","1/15/15","15/15/15",,"15.5","26","50",,"1500","2498","3993",,"Dragon Tail, Shadow Ball, Outrage","Dragon Tail, Shadow Ball, Outrage","Dragon Tail, Shadow Ball, Outrage","885;886;887","887"
"888","Zacian (Crowned Sword)","Zacian","FALSE",,,"747","2",,,"0/15/12","15/15/15",,,"18.5","50",,,"2484","5629",,,"Metal Claw, Close Combat, Behemoth Blade[legacy]","Metal Claw, Close Combat, Behemoth Blade[legacy]","888","888"
"888","Zacian (Hero)","Zacian","FALSE",,,"586","96",,,"2/15/15","15/15/15",,,"24","50",,,"2491","4329",,,"Snarl, Wild Charge, Close Combat","Quick Attack, Wild Charge, Play Rough","888","888"
"889","Zamazenta (Crowned Shield)","Zamazenta","FALSE",,,"470","16",,,"0/12/12","15/15/15",,,"22.5","50",,,"2494","4717",,,"Ice Fang, Close Combat, Behemoth Bash[legacy]","Ice Fang, Close Combat, Behemoth Bash[legacy]","889","889"
"889","Zamazenta (Hero)","Zamazenta","FALSE",,,"706","97",,,"2/15/15","15/15/15",,,"24","50",,,"2491","4329",,,"Snarl, Close Combat, Moonblast","Ice Fang, Close Combat, Crunch","889","889"
"890","Eternatus","Eternatus","FALSE",,,"526","10",,,"11/15/15","15/15/15",,,"20","50",,,"2498","5007",,,"Dragon Tail, Dynamax Cannon[etm], Flamethrower","Dragon Tail, Dynamax Cannon[etm], Flamethrower","890","890"
"891","Kubfu","Kubfu","FALSE","352","873",,,"3/15/15","1/15/14",,,"11","37",,,"493","1493",,,"Counter, Close Combat, Brick Break","Counter, Close Combat, Brick Break",,,"891;892","891;892"
"892","Urshifu (Rapid Strike)","Kubfu","FALSE",,"893","426","84",,"0/14/13","0/12/13","15/15/15",,"15.5","26","50",,"1489","2487","4077",,"Counter, Aqua Jet, Dynamic Punch","Waterfall, Aqua Jet, Dynamic Punch","Waterfall, Aqua Jet, Dynamic Punch","891;892","892"
"892","Urshifu (Single Strike)","Kubfu","FALSE",,"368","326","77",,"0/14/13","0/12/13","15/15/15",,"15.5","26","50",,"1489","2487","4077",,"Sucker Punch, Brick Break, Dynamic Punch","Sucker Punch, Payback, Dynamic Punch","Sucker Punch, Dynamic Punch, Payback","891;892","892"
"893","Zarude","Zarude","FALSE",,,"601","115",,,"10/14/11","15/15/15",,,"23.5","50",,,"2491","4334",,,"Vine Whip, Dark Pulse, Energy Ball","Bite, Dark Pulse, Energy Ball","893","893"
"894","Regieleki","Regieleki","FALSE",,"606","406",,,"1/13/13","1/15/14",,,"20","36",,,"1489","2486",,,"Volt Switch, Thunder Cage*, Hyper Beam","Volt Switch, Thunder Cage*, Hyper Beam",,"894","894"
"895","Regidrago","Regidrago","FALSE",,"94","33","139",,"1/15/9","1/15/13","15/15/15",,"19","33","50",,"1499","2496","3361",,"Dragon Breath*, Dragon Energy*, Vise Grip","Dragon Breath*, Dragon Energy*, Vise Grip","Dragon Breath*, Dragon Energy*, Vise Grip","895","895"
"899","Wyrdeer","Stantler","FALSE",,"647","395","380",,"1/15/15","0/14/14","15/15/15",,"20.5","39","50",,"1497","2496","3089",,"Confusion, Stomp, Wild Charge","Confusion, Wild Charge, Stomp","Confusion, Wild Charge, Stomp","234;899","899"
"900","Kleavor","Kleavor","FALSE",,"656","564","337",,"0/15/8","0/14/15","15/15/15",,"18","29.5","50",,"1500","2496","3557",,"Fury Cutter, X-Scissor, Rock Slide","Fury Cutter, X-Scissor, Stone Edge","Quick Attack, X-Scissor, Stone Edge","123;900","900"
"901","Ursaluna","Teddiursa","FALSE",,"162","144","11",,"0/14/14","0/15/15","15/15/15",,"14.5","24","50",,"1500","2498","4358",,"Scratch, Thunder Punch, High Horsepower*","Scratch, Thunder Punch, High Horsepower*","Scratch, Ice Punch, High Horsepower*","216;217;901","901"
"901","Ursaluna (Shadow)","Teddiursa","TRUE",,"307","169","17",,"0/14/14","0/15/15","15/15/15",,"14.5","24","50",,"1500","2498","4358",,"Scratch, Thunder Punch, High Horsepower*","Scratch, Thunder Punch, High Horsepower*","Scratch, Ice Punch, High Horsepower*","216;217;901","901"
"903","Sneasler","Sneasel","FALSE",,"681","528","201",,"0/13/11","2/15/15","15/15/15",,"17.5","28.5","50",,"1500","2497","3643",,"Shadow Claw, Close Combat, X-Scissor","Shadow Claw, Close Combat, X-Scissor","Shadow Claw, Close Combat, Aerial Ace","215&hisui;903","903"
"903","Sneasler (Shadow)","Sneasel","TRUE",,"692","490","126",,"0/13/11","2/15/15","15/15/15",,"17.5","28.5","50",,"1500","2497","3643",,"Shadow Claw, Close Combat, X-Scissor","Shadow Claw, Close Combat, X-Scissor","Shadow Claw, Close Combat, X-Scissor","215&hisui;903","903"
"904","Overqwil","Qwilfish","FALSE",,"210","196","236",,"0/15/15","0/14/15","15/15/15",,"19","33.5","50",,"1498","2495","3330",,"Poison Sting, Aqua Tail, Dark Pulse","Poison Jab, Aqua Tail, Dark Pulse","Poison Sting, Aqua Tail, Dark Pulse","211&hisui;904","904"
"905","Enamorus (Incarnate)","Enamorus","FALSE",,,"433","129",,,"0/15/13","15/15/15",,,"27","50",,,"2499","3873",,,"Fairy Wind, Fly, Dazzling Gleam","Fairy Wind, Fly, Dazzling Gleam","905","905"
"905","Enamorus (Therian)","Enamorus","FALSE",,,"342","63",,,"0/14/14","15/15/15",,,"27.5","50",,,"2498","3830",,,"Fairy Wind, Mystical Fire, Moonblast","Fairy Wind, Mystical Fire, Moonblast","905","905"
"906","Sprigatito","Sprigatito","FALSE","446",,,,"0/15/14",,,,"19.5",,,,"500",,,,"Leafage, Energy Ball, Grass Knot",,,,"906;907;908","906;907;908"
"907","Floragato","Sprigatito","FALSE",,"839",,,,"1/15/15",,,,"38",,,,"1500",,,,"Leafage, Energy Ball, Play Rough",,,"906;907;908","907;908"
"908","Meowscarada","Sprigatito","FALSE",,"483","462",,,"0/13/13","0/15/14",,,"20","36",,,"1498","2498",,,"Leafage, Night Slash, Frenzy Plant[etm]","Leafage, Night Slash, Frenzy Plant[etm]",,"906;907;908","908"
"909","Fuecoco","Fuecoco","FALSE","185","960",,,"0/10/15","15/15/14",,,"18","50",,,"497","1274",,,"Incinerate, Flamethrower, Crunch","Incinerate, Crunch, Flamethrower",,,"909;910;911","909;910;911"
"910","Crocalor","Fuecoco","FALSE",,"533","721",,,"0/15/15","15/15/15",,,"29.5","50",,,"1494","2189",,,"Incinerate, Crunch, Flamethrower","Incinerate, Crunch, Disarming Voice",,"909;910;911","910;911"
"911","Skeledirge","Fuecoco","FALSE",,"387","21","132",,"1/15/14","0/14/12","15/15/15",,"18.5","32.5","50",,"1500","2500","3422",,"Incinerate, Torch Song, Shadow Ball","Incinerate, Torch Song, Shadow Ball","Incinerate, Torch Song, Shadow Ball","909;910;911","911"
"912","Quaxly","Quaxly","FALSE","190",,,,"0/14/13",,,,"18.5",,,,"499",,,,"Wing Attack, Aqua Jet, Aerial Ace",,,,"912;913;914","912;913;914"
"913","Quaxwell","Quaxly","FALSE",,"501",,,,"0/15/12",,,,"35",,,,"1500",,,,"Wing Attack, Aqua Jet, Aerial Ace",,,"912;913;914","913;914"
"914","Quaquaval","Quaxly","FALSE",,"288","199","140",,"0/15/15","1/15/14","15/15/15",,"18.5","31.5","50",,"1499","2494","3411",,"Low Kick, Close Combat, Hydro Cannon*","Low Kick, Close Combat, Hydro Cannon*","Low Kick, Close Combat, Hydro Cannon*","912;913;914","914"
"915","Lechonk","Lechonk","FALSE","51",,,,"0/15/12",,,,"28.5",,,,"499",,,,"Take Down, Body Slam, Trailblaze",,,,"915;916","915;916"
"916","Oinkologne","Lechonk","FALSE",,"328","176","339",,"0/11/15","0/14/12","15/15/15",,"22","43.5","50",,"1496","2497","2949",,"Take Down, Body Slam, Trailblaze","Take Down, Body Slam, Trailblaze","Take Down, Body Slam, Trailblaze","915;916","916"
"916","Oinkologne (Female)","Lechonk","FALSE",,"114","78","330",,"0/15/13","0/15/15","15/15/15",,"23","47","50",,"1500","2500","2819",,"Take Down, Body Slam, Trailblaze","Take Down, Body Slam, Trailblaze","Take Down, Body Slam, Trailblaze","915;916","916"
"917","Tarountula","Tarountula","FALSE","81",,,,"0/14/14",,,,"45.5",,,,"498",,,,"Bug Bite, Lunge, X-Scissor",,,,"917;918","917;918"
"918","Spidops","Tarountula","FALSE",,"69",,,,"0/13/14",,,,"39.5",,,,"1497",,,,"Shadow Claw, Lunge, Rock Tomb",,,"917;918","918"
"919","Nymble","Nymble","FALSE","207",,,,"0/15/15",,,,"40",,,,"498",,,,"Bug Bite, X-Scissor, Trailblaze",,,,"919;920","919;920"
"920","Lokix","Nymble","FALSE",,"350","266",,,"0/14/14","5/15/15",,,"24.5","50",,,"1499","2494",,,"Sucker Punch, X-Scissor, Trailblaze","Sucker Punch, X-Scissor, Trailblaze",,"919;920","920"
"921","Pawmi","Pawmi","FALSE","164",,,,"1/15/15",,,,"33",,,,"500",,,,"Thunder Shock, Wild Charge, Discharge",,,,"921;922;923","921;922;923"
"922","Pawmo","Pawmi","FALSE",,"577",,,,"15/15/14",,,,"50",,,,"1468",,,,"Thunder Shock, Wild Charge, Thunder Punch",,,"921;922;923","922;923"
"923","Pawmot","Pawmi","FALSE",,"292","250",,,"2/15/15","0/15/15",,,"21","40.5",,,"1500","2500",,,"Thunder Shock, Brick Break*, Wild Charge","Thunder Shock, Brick Break*, Wild Charge",,"921;922;923","923"
"924","Tandemaus","Tandemaus","FALSE","62",,,,"0/13/13",,,,"23",,,,"499",,,,"Take Down, Swift, Crunch",,,,"924;925","924;925"
"925","Maushold","Tandemaus","FALSE",,"177","613",,,"0/14/15","15/15/15",,,"29","50",,,"1498","2244",,,"Take Down, Swift, Crunch","Take Down, Swift, Crunch",,"924;925","925"
"926","Fidough","Fidough","FALSE","225",,,,"0/13/15",,,,"20.5",,,,"497",,,,"Charm, Psychic Fangs, Body Slam",,,,"926;927","926;927"
"927","Dachsbun","Fidough","FALSE",,"434","411",,,"0/14/14","15/15/15",,,"27.5","50",,,"1500","2370",,,"Charm, Psychic Fangs, Play Rough","Charm, Psychic Fangs, Body Slam",,"926;927","927"
"928","Smoliv","Smoliv","FALSE","488",,,,"0/15/15",,,,"23.5",,,,"500",,,,"Tackle, Earth Power, Energy Ball",,,,"928;929;930","928;929;930"
"929","Dolliv","Smoliv","FALSE",,"792",,,,"4/14/15",,,,"50",,,,"1497",,,,"Magical Leaf, Earth Power, Trailblaze",,,"928;929;930","929;930"
"930","Arboliva","Smoliv","FALSE",,"950","661","348",,"0/14/15","0/15/12","15/15/15",,"19","33.5","50",,"1500","2499","3345",,"Magical Leaf, Earth Power, Trailblaze","Magical Leaf, Earth Power, Trailblaze","Magical Leaf, Earth Power, Energy Ball","928;929;930","930"
"931","Squawkabilly","Squawkabilly","FALSE",,"404","585",,,"0/14/13","15/15/15",,,"29","50",,,"1492","2231",,,"Peck, Brave Bird, Fly","Peck, Brave Bird, Fly",,"931","931"
"932","Nacli","Nacli","FALSE","135",,,,"0/14/15",,,,"21",,,,"500",,,,"Mud Shot, Rock Tomb, Rock Blast",,,,"932;933;934","932;933;934"
"933","Naclstack","Nacli","FALSE",,"383",,,,"15/15/14",,,,"50",,,,"1461",,,,"Mud Shot, Rock Tomb, Rock Blast",,,"932;933;934","933;934"
"934","Garganacl","Nacli","FALSE",,"409","272","290",,"1/14/14","0/13/15","15/15/15",,"21","40.5","50",,"1494","2496","3065",,"Mud Shot, Rock Tomb, Rock Blast","Mud Shot, Rock Tomb, Rock Blast","Mud Shot, Rock Tomb, Rock Blast","932;933;934","934"
"935","Charcadet","Charcadet","FALSE","197",,,,"0/15/12",,,,"28",,,,"500",,,,"Incinerate, Heat Wave, Flame Charge",,,,"935;936;937","935;936;937"
"936","Armarouge","Armarouge","FALSE",,"297","210","141",,"0/12/15","0/15/15","15/15/15",,"17.5","29","50",,"1499","2492","3628",,"Incinerate, Psyshock, Heat Wave","Incinerate, Psyshock, Flame Charge","Incinerate, Psyshock, Heat Wave","935;936","936"
"937","Ceruledge","Ceruledge","FALSE",,"676","367","171",,"1/15/15","0/15/12","15/15/15",,"17.5","29.5","50",,"1500","2500","3586",,"Incinerate, Shadow Ball, Heat Wave","Incinerate, Shadow Ball, Flame Charge","Incinerate, Shadow Ball, Heat Wave","935;937","937"
"938","Tadbulb","Tadbulb","FALSE","79",,,,"0/15/14",,,,"22",,,,"499",,,,"Thunder Shock, Discharge, Parabolic Charge",,,,"938;939","938;939"
"939","Bellibolt","Tadbulb","FALSE",,"112","59","266",,"0/14/12","0/15/10","15/15/15",,"21.5","42","50",,"1500","2497","3010",,"Thunder Shock, Zap Cannon, Parabolic Charge","Sucker Punch, Parabolic Charge, Zap Cannon","Sucker Punch, Discharge, Parabolic Charge","938;939","939"
"940","Wattrel","Wattrel","FALSE","379",,,,"0/15/15",,,,"24",,,,"498",,,,"Peck, Acrobatics, Thunderbolt",,,,"940;941","940;941"
"941","Kilowattrel","Wattrel","FALSE",,"518","343",,,"0/15/14","0/15/15",,,"23","47",,,"1499","2494",,,"Thunder Shock, Acrobatics, Aerial Ace","Thunder Shock, Acrobatics, Aerial Ace",,"940;941","941"
"942","Maschiff","Maschiff","FALSE","343","811",,,"0/14/12","7/15/14",,,"14","50",,,"500","1497",,,"Bite, Crunch, Psychic Fangs","Bite, Crunch, Psychic Fangs",,,"942;943","942;943"
"943","Mabosstiff","Maschiff","FALSE",,"888","670","341",,"0/14/13","1/15/15","15/15/15",,"19","32.5","50",,"1496","2499","3350",,"Bite, Crunch, Psychic Fangs","Bite, Crunch, Psychic Fangs","Bite, Crunch, Psychic Fangs","942;943","943"
"944","Shroodle","Shroodle","FALSE","356",,,,"1/15/14",,,,"21",,,,"500",,,,"Poison Jab, Poison Fang, Sludge Bomb",,,,"944;945","944;945"
"945","Grafaiai","Shroodle","FALSE",,"231","195",,,"0/15/14","9/15/15",,,"25","50",,,"1498","2494",,,"Scratch, Poison Fang, Foul Play","Scratch, Poison Fang, Foul Play",,"944;945","945"
"948","Toedscool","Toedscool","FALSE","237","966",,,"0/14/14","15/15/15",,,"19.5","50",,,"500","1176",,,"Mud Shot, Earth Power, Wrap","Mud Slap, Earth Power, Wrap",,,"948;949","948;949"
"949","Toedscruel","Toedscool","FALSE",,"314","186","292",,"1/15/14","1/15/13","15/15/15",,"23.5","49.5","50",,"1495","2499","2738",,"Mud Slap, Seed Bomb, Earth Power","Mud Slap, Seed Bomb, Earth Power","Mud Slap, Earth Power, Wrap","948;949","949"
"950","Klawf","Klawf","FALSE",,"866","587",,,"1/14/15","0/13/15",,,"23.5","50",,,"1500","2499",,,"Mud Slap, Bulldoze, Rock Tomb","Mud Slap, Bulldoze, Rock Tomb",,"950","950"
"955","Flittle","Flittle","FALSE","393",,,,"0/14/12",,,,"29",,,,"500",,,,"Peck, Psyshock, Psychic",,,,"955;956","955;956"
"956","Espathra","Flittle","FALSE",,"764","572",,,"2/15/15","0/15/14",,,"22.5","46.5",,,"1499","2499",,,"Confusion, Psyshock, Dazzling Gleam","Confusion, Psyshock, Dazzling Gleam",,"955;956","956"
"957","Tinkatink","Tinkatink","FALSE","76",,,,"0/15/12",,,,"18.5",,,,"499",,,,"Fairy Wind, Play Rough, Flash Cannon",,,,"957;958;959","957;958;959"
"958","Tinkatuff","Tinkatink","FALSE",,"309",,,,"0/15/15",,,,"43.5",,,,"1477",,,,"Fairy Wind, Play Rough, Flash Cannon",,,"957;958;959","958;959"
"959","Tinkaton","Tinkatink","FALSE",,"5","1",,,"0/14/14","0/15/15",,,"22.5","45",,,"1500","2499",,,"Fairy Wind, Gigaton Hammer*, Bulldoze","Fairy Wind, Gigaton Hammer*, Bulldoze",,"957;958;959","959"
"960","Wiglett","Wiglett","FALSE","491",,,,"1/15/15",,,,"38.5",,,,"500",,,,"Mud Slap, Liquidation, Surf",,,,"960;961","960;961"
"961","Wugtrio","Wiglett","FALSE",,"1109",,,,"0/12/15",,,,"30",,,,"1499",,,,"Mud Slap, Liquidation, Surf",,,"960;961","961"
"962","Bombirdier","Bombirdier","FALSE",,"233","74",,,"0/11/14","0/15/14",,,"23","46.5",,,"1497","2497",,,"Sucker Punch, Fly, Drill Run","Sucker Punch, Fly, Drill Run",,"962","962"
"965","Varoom","Varoom","FALSE","397","1086",,,"0/14/12","15/15/15",,,"17.5","50",,,"499","1287",,,"Poison Jab, Gyro Ball, Gunk Shot","Metal Sound, Gyro Ball, Gunk Shot",,,"965;966","965;966"
"966","Revavroom","Varoom","FALSE",,"913","687","344",,"0/14/15","0/13/15","15/15/15",,"19","33.5","50",,"1500","2500","3337",,"Metal Sound, Overheat, Gyro Ball","Metal Sound, Gunk Shot, Gyro Ball","Metal Sound, Gyro Ball, Overheat","965;966","966"
"968","Orthworm","Orthworm","FALSE",,"135","81",,,"0/15/14","8/15/15",,,"25","50",,,"1497","2496",,,"Mud Slap, Rock Tomb, Iron Head","Mud Slap, Iron Head, Rock Tomb",,"968","968"
"969","Glimmet","Glimmet","FALSE","253","994",,,"4/15/15","0/15/15",,,"11","37.5",,,"499","1497",,,"Rock Throw, Power Gem, Dazzling Gleam","Rock Throw, Power Gem, Dazzling Gleam",,,"969;970","969;970"
"970","Glimmora","Glimmet","FALSE",,"970","815","374",,"0/15/14","0/14/14","15/15/15",,"17","28.5","50",,"1499","2499","3700",,"Rock Throw, Meteor Beam, Power Gem","Rock Throw, Meteor Beam, Power Gem","Rock Throw, Meteor Beam, Power Gem","969;970","970"
"971","Greavard","Greavard","FALSE","249",,,,"1/15/14",,,,"19.5",,,,"500",,,,"Bite, Shadow Ball, Psychic Fangs",,,,"971;972","971;972"
"972","Houndstone","Greavard","FALSE",,"655","507",,,"0/15/15","1/14/15",,,"22.5","45.5",,,"1498","2500",,,"Bite, Shadow Ball, Psychic Fangs","Bite, Shadow Ball, Psychic Fangs",,"971;972","972"
"973","Flamigo","Flamigo","FALSE",,"158","135",,,"0/12/14","0/14/14",,,"20.5","38",,,"1500","2499",,,"Peck, Upper Hand, Brave Bird","Peck, Upper Hand, Brave Bird",,"973","973"
"974","Cetoddle","Cetoddle","FALSE","127","324",,,"1/15/15","15/15/15",,,"15","50",,,"498","1469",,,"Powder Snow, Avalanche, Body Slam","Powder Snow, Avalanche, Body Slam",,,"974;975","974;975"
"975","Cetitan","Cetoddle","FALSE",,"213","192","149",,"0/15/15","1/15/14","15/15/15",,"18","30","50",,"1500","2494","3519",,"Powder Snow, Icicle Spear, Superpower","Powder Snow, Icicle Spear, Superpower","Powder Snow, Avalanche, Superpower","974;975","975"
"977","Dondozo","Dondozo","FALSE",,"49","26","109",,"0/15/15","0/14/15","15/15/15",,"19","33.5","50",,"1499","2495","3388",,"Waterfall, Surf, Outrage","Waterfall, Surf, Outrage","Waterfall, Surf, Outrage","977","977"
"978","Tatsugiri (Curly)","Tatsugiri","FALSE",,"1041","737",,,"0/14/15","2/15/15",,,"24","50",,,"1497","2500",,,"Take Down, Surf, Outrage","Take Down, Surf, Outrage",,"978","978"
"978","Tatsugiri (Droopy)","Tatsugiri","FALSE",,"1042","738",,,"0/14/15","2/15/15",,,"24","50",,,"1497","2500",,,"Take Down, Surf, Outrage","Take Down, Surf, Outrage",,"978","978"
"978","Tatsugiri (Stretchy)","Tatsugiri","FALSE",,"1043","739",,,"0/14/15","2/15/15",,,"24","50",,,"1497","2500",,,"Take Down, Surf, Outrage","Take Down, Surf, Outrage",,"978","978"
"979","Annihilape","Mankey","FALSE",,"32","61","93",,"2/15/14","0/15/15","15/15/15",,"17","28.5","50",,"1499","2497","3695",,"Low Kick, Rage Fist*, Ice Punch","Low Kick, Rage Fist*, Ice Punch","Counter, Rage Fist[etm], Close Combat","56;57;979","979"
"979","Annihilape (Shadow)","Mankey","TRUE",,"38","72","95",,"2/15/14","0/15/15","15/15/15",,"17","28.5","50",,"1499","2497","3695",,"Low Kick, Rage Fist*, Ice Punch","Low Kick, Rage Fist*, Ice Punch","Counter, Rage Fist[etm], Close Combat","56;57;979","979"
"980","Clodsire","Wooper","FALSE",,"17","348",,,"0/14/13","15/15/15",,,"30.5","50",,,"1500","2207",,,"Poison Sting, Earthquake, Stone Edge","Poison Sting, Stone Edge, Earthquake",,"194&paldea;980","980"
"982","Dudunsparce","Dunsparce","FALSE",,"302","159","359",,"0/13/10","0/15/14","15/15/15",,"21","39","50",,"1500","2499","3097",,"Bite, Drill Run, Body Slam","Astonish, Drill Run, Rock Slide","Rollout, Drill Run, Body Slam","206;982","982"
"983","Kingambit","Pawniard","FALSE",,"362","157","79",,"0/15/13","0/15/10","15/15/15",,"15.5","26","50",,"1500","2500","4086",,"Low Kick, Foul Play, Iron Head","Low Kick, Foul Play, Iron Head","Low Kick, Foul Play, Iron Head","624;625;983","983"
"996","Frigibax","Frigibax","FALSE","183","643",,,"1/15/14","15/15/15",,,"15.5","50",,,"500","1410",,,"Dragon Breath, Avalanche, Dragon Claw","Dragon Breath, Avalanche, Dragon Claw",,,"996;997;998","996;997;998"
"997","Arctibax","Frigibax","FALSE",,"301","361",,,"1/15/15","15/15/15",,,"27","50",,,"1500","2365",,,"Dragon Breath, Avalanche, Dragon Claw","Dragon Breath, Avalanche, Dragon Claw",,"996;997;998","997;998"
"998","Baxcalibur","Frigibax","FALSE",,"499","347","75",,"2/15/15","0/15/15","15/15/15",,"15.5","26","50",,"1500","2500","4013",,"Dragon Breath, Glaive Rush*, Avalanche","Dragon Breath, Glaive Rush*, Avalanche","Dragon Breath, Glaive Rush*, Avalanche","996;997;998","998"
"999","Gimmighoul","Gimmighoul","FALSE","407",,,,"0/15/14",,,,"17.5",,,,"500",,,,"Astonish, Shadow Ball, NA",,,,"999;1000","999;1000"
"1000","Gholdengo","Gimmighoul","FALSE",,"638","299","47",,"0/13/12","0/15/12","15/15/15",,"16","26.5","50",,"1493","2499","3976",,"Hex, Shadow Ball, Power Gem","Hex, Shadow Ball, Power Gem","Hex, Shadow Ball, Focus Blast","999;1000","1000"
"1011","Dipplin","Applin","FALSE",,"553","410",,,"0/15/15","2/15/15",,,"24","50",,,"1499","2494",,,"Dragon Tail, Seed Bomb, Outrage","Dragon Tail, Seed Bomb, Outrage",,"840;841;842;1011;1019","1011;1019"
"1013","Sinistcha","Poltchageist","FALSE",,,"376","235",,,"2/15/15","15/15/15",,,"32.5","50",,,"2497","3343",,,"Astonish, Energy Ball, Shadow Ball","Astonish, Energy Ball, Shadow Ball","1012;1013","1013"
"1019","Hydrapple","Applin","FALSE",,"673","483","228",,"0/14/12","0/14/14","15/15/15",,"17.5","29","50",,"1500","2500","3656",,"Dragon Tail, Seed Bomb, Outrage","Dragon Tail, Seed Bomb, Outrage","Dragon Tail, Seed Bomb, Outrage","840;841;842;1011;1019","1019"
"1111","Select a Pokemon","Select a Pokemon","FALSE","","","","","","","","","","","","","","","","","","","","","1111","1111"
"1111","Select a Pokemon","Select a Pokemon","TRUE","","","","","","","","","","","","","","","","","","","","","1111","1111"
"1112","Select a Shadow Pokemon","Select a Shadow Pokemon","FALSE","","","","","","","","","","","","","","","","","","","","","1112","1112"
"1112","Select a Shadow Pokemon","Select a Shadow Pokemon","TRUE","","","","","","","","","","","","","","","","","","","","","1112","1112"
